cell,lat,lon,country,onset,sowing,R4_date,p_outbreak,alert,severity_pred,extrapolated,n_outside,wet_hours,wet_days6,infect_days,tmin,tmax,hot_days,hours_T17_29,rain_total,rain_days,rh_mean,vpd_mean,srad,wind,soilm
c1_41,-8.3,30.1,Zambia,2020-11-11,2020-12-21,2021-02-28,0.6968900935285421,Orange,1.3452027469790593,True,1,166,14,14,17.964285714285715,27.02857142857143,0,330,90.4,11,85.02083333333333,0.46488095238095234,226.53869047619048,1.294315476190476,0.46201190476190473
c1_42,-8.3,30.3,Zambia,2020-11-11,2020-12-21,2021-02-28,0.7110392953631681,Orange,2.2672571770605394,False,0,186,14,14,17.67142857142857,25.271428571428572,0,328,124.60000000000002,12,87.27083333333333,0.3554166666666666,206.91071428571428,1.36875,0.48950000000000005
c1_43,-8.3,30.5,Zambia,2020-11-11,2020-12-21,2021-02-28,0.7003056847726634,Orange,1.7839872265847985,True,1,166,14,14,18.135714285714286,25.035714285714285,0,333,117.5,13,86.25595238095238,0.382172619047619,213.30059523809524,1.2492559523809523,0.48010119047619054
c2_36,-8.5,29.1,Zambia,2020-11-13,2020-12-21,2021-02-28,0.671890948263385,Orange,1.2847553451416789,False,0,163,12,12,18.65,27.642857142857142,3,322,61.199999999999996,9,83.8452380952381,0.513422619047619,213.39285714285714,1.6279166666666667,0.46729464285714295
c2_37,-8.5,29.3,Zambia,2020-11-13,2020-12-21,2021-02-28,0.5648432010450346,Orange,1.5988613094148245,False,0,109,9,9,17.742857142857144,25.378571428571426,0,334,55.199999999999996,10,81.75595238095238,0.5055357142857143,204.82440476190476,1.9203571428571429,0.47039583333333335
c2_38,-8.5,29.5,Zambia,2020-11-13,2020-12-21,2021-02-28,0.5610234629189106,Orange,1.234810824200912,False,0,118,7,6,17.37142857142857,25.89285714285714,0,324,60.30000000000001,12,81.54464285714286,0.5223809523809524,208.68154761904762,1.6305059523809524,0.4705833333333333
c2_39,-8.5,29.7,Zambia,2020-11-11,2020-12-21,2021-02-28,0.39048101707235766,Yellow,1.1862624012502447,False,0,91,8,8,19.4,27.09285714285715,0,336,58.0,9,80.11904761904762,0.602202380952381,239.82440476190476,1.3969047619047619,0.26016666666666666
c2_40,-8.5,29.9,Zambia,2020-11-11,2020-12-21,2021-02-28,0.7034708318228194,Orange,1.2771245563880578,False,0,120,13,13,19.485714285714288,26.71428571428572,0,336,49.5,9,82.52678571428571,0.5302380952380953,241.95238095238096,1.4957440476190478,0.46708928571428576
c2_41,-8.5,30.1,Zambia,2020-11-11,2020-12-21,2021-02-28,0.6381267300884371,Orange,1.2540048818851297,True,1,113,13,13,19.635714285714283,27.164285714285715,0,335,51.5,9,81.48809523809524,0.5696130952380952,236.3422619047619,1.2957738095238096,0.40890178571428576
c2_42,-8.5,30.3,Zambia,2020-11-11,2020-12-21,2021-02-28,0.6714437031688916,Orange,1.3304109810731457,True,1,160,14,14,19.321428571428577,26.74285714285714,0,336,77.6,13,84.9672619047619,0.45785714285714285,228.4404761904762,1.2642261904761904,0.40793749999999995
c3_37,-8.7,29.3,Zambia,2020-11-13,2020-12-21,2021-02-28,0.6422021484284132,Orange,1.2749431881987863,False,0,139,11,11,17.664285714285715,26.128571428571426,0,328,66.6,9,81.86011904761905,0.5292261904761905,218.3154761904762,2.008452380952381,0.48058630952380954
c3_38,-8.7,29.5,Zambia,2020-11-13,2020-12-21,2021-02-28,0.551577936227909,Orange,1.2091989994405237,False,0,71,8,8,19.45714285714286,26.400000000000002,0,336,72.8,11,81.17261904761905,0.5532738095238097,230.73809523809524,1.5349702380952381,0.4752261904761904
c3_40,-8.7,29.9,Zambia,2020-11-12,2020-12-21,2021-02-28,0.6493910071798347,Orange,1.2302786661069645,False,0,123,14,14,19.478571428571428,26.9,0,335,55.2,11,81.58333333333333,0.5640178571428571,236.4345238095238,1.5099702380952382,0.3940714285714285
c3_41,-8.7,30.1,Zambia,2020-11-11,2020-12-21,2021-02-28,0.646252203728041,Orange,1.257397504468835,False,0,151,14,14,18.928571428571427,27.12142857142857,0,334,57.4,9,83.16071428571429,0.5212797619047619,228.44940476190476,1.3726785714285714,0.3876458333333334
c3_42,-8.7,30.3,Zambia,2020-11-11,2020-12-21,2021-02-28,0.6999948636816354,Orange,1.3775181996329453,False,0,177,14,14,18.364285714285717,26.599999999999998,0,332,62.6,12,85.85119047619048,0.42964285714285716,227.20833333333334,1.3981547619047618,0.40606250000000005
c3_43,-8.7,30.5,Zambia,2020-11-13,2020-12-21,2021-02-28,0.6217822882585533,Orange,1.3145546375865265,True,1,153,13,13,18.28571428571429,25.957142857142856,0,335,94.3,12,84.7797619047619,0.43526785714285715,219.54464285714286,1.1649107142857145,0.40492857142857136
c3_44,-8.7,30.7,Zambia,2020-11-13,2020-12-21,2021-02-28,0.6853606411029803,Orange,1.349025071502242,True,1,134,12,12,19.407142857142862,26.371428571428567,0,336,55.400000000000006,10,84.25595238095238,0.4682440476190476,221.5029761904762,1.2189880952380951,0.4764494047619047
c3_45,-8.7,30.9,Zambia,2020-11-13,2020-12-21,2021-02-28,0.7424134859255305,Orange,2.209803684271223,True,1,167,12,12,18.37142857142857,23.857142857142858,0,336,82.9,12,86.57440476190476,0.35779761904761903,229.19940476190476,1.0996130952380954,0.48316369047619045
c3_47,-8.7,31.3,Zambia,2020-11-13,2020-12-21,2021-02-28,0.8753651814932897,Red,2.105955938242975,True,1,155,11,8,16.20714285714286,23.492857142857144,0,259,73.8,9,85.65178571428571,0.36875,225.76785714285714,1.5977678571428569,0.4786488095238096
c3_48,-8.7,31.5,Zambia,2020-11-12,2020-12-21,2021-02-28,0.9034206049130091,Red,1.9086022435193235,True,1,140,10,0,14.799999999999999,22.685714285714283,0,189,98.89999999999999,10,83.41964285714286,0.395,221.07738095238096,1.842857142857143,0.3920773809523809
c4_36,-8.9,29.1,Zambia,2020-11-13,2020-12-21,2021-02-28,0.506657300370267,Orange,1.2239408966104304,False,0,102,10,10,19.035714285714285,26.35,0,336,54.0,8,81.08035714285714,0.5666666666666667,231.03571428571428,1.9813392857142857,0.35614285714285715
c4_37,-8.9,29.3,Zambia,2020-11-13,2020-12-21,2021-02-28,0.5394137961072486,Orange,1.2529422467117823,False,0,122,10,10,18.442857142857143,26.65,0,334,74.8,8,81.74107142857143,0.5538095238095239,221.04464285714286,1.9108333333333332,0.4286160714285714
c4_38,-8.9,29.5,Zambia,2020-11-13,2020-12-21,2021-02-28,0.6923885316343789,Orange,1.3453538391259932,False,0,131,13,13,20.142857142857142,26.8,0,336,77.5,12,83.73214285714286,0.4997916666666667,232.13988095238096,1.5325000000000002,0.4798720238095238
c4_39,-8.9,29.7,Zambia,2020-11-13,2020-12-21,2021-02-28,0.4003539229891336,Yellow,1.261527849787845,False,0,80,8,8,20.892857142857142,26.235714285714277,0,336,81.6,11,80.99404761904762,0.5780357142857143,237.53571428571428,1.7514285714285716,0.27461904761904765
c4_40,-8.9,29.9,Zambia,2020-11-13,2020-12-21,2021-02-28,0.6369924008639407,Orange,1.2371509952391544,False,0,147,14,14,18.92142857142857,27.728571428571428,2,328,54.199999999999996,9,81.25595238095238,0.5975892857142857,226.47916666666666,1.3969047619047619,0.39105952380952386
c4_41,-8.9,30.1,Zambia,2020-11-12,2020-12-21,2021-02-28,0.6551828079343575,Orange,1.2249265832330654,False,0,150,14,14,18.821428571428573,26.914285714285718,0,333,53.1,11,82.20535714285714,0.5470833333333334,225.41369047619048,1.4277678571428571,0.39658035714285716
c4_42,-8.9,30.3,Zambia,2020-11-12,2020-12-21,2021-02-28,0.6774355130595863,Orange,1.4021466299798693,False,0,186,14,14,17.849999999999998,26.32857142857143,0,332,71.10000000000001,13,85.98214285714286,0.416875,215.86309523809524,1.4294642857142859,0.40270833333333333
c4_43,-8.9,30.5,Zambia,2020-11-11,2020-12-21,2021-02-28,0.7161869319453787,Orange,1.8885486176044461,False,0,140,14,13,17.2,24.414285714285718,0,313,85.9,12,85.0952380952381,0.3908333333333333,216.5595238095238,1.7913392857142856,0.40731845238095243
c4_44,-8.9,30.7,Zambia,2020-11-12,2020-12-21,2021-02-28,0.798340040424451,Red,1.9075354485917904,True,1,134,13,9,16.45714285714286,23.21428571428571,0,277,62.8,11,84.32738095238095,0.397172619047619,215.01190476190476,2.0403571428571428,0.39216666666666666
c4_45,-8.9,30.9,Zambia,2020-11-11,2020-12-21,2021-02-28,0.8391974308337607,Red,2.3370600462803672,True,1,199,14,9,16.142857142857142,23.88571428571428,0,264,123.19999999999997,12,88.82142857142857,0.2970833333333333,213.58333333333334,1.5557440476190476,0.40843154761904754
c4_46,-8.9,31.1,Zambia,2020-11-12,2020-12-21,2021-02-28,0.9591029690951274,Red,2.2339197631067202,True,1,152,13,1,14.557142857142859,22.114285714285717,0,175,75.80000000000001,12,85.82142857142857,0.3302678571428571,215.59821428571428,1.5907440476190478,0.4797529761904762
c4_47,-8.9,31.3,Zambia,2020-11-12,2020-12-21,2021-02-28,0.9443645233037453,Red,1.919142403869431,True,1,152,12,1,14.992857142857142,22.67142857142857,0,188,75.3,9,83.76190476190476,0.3898809523809524,228.13095238095238,1.9355059523809521,0.4695892857142858
c4_48,-8.9,31.5,Zambia,2020-11-13,2020-12-21,2021-02-28,0.9176872826850276,Red,1.8870365921640582,True,1,126,10,0,15.107142857142858,22.599999999999998,0,193,94.10000000000001,9,82.41369047619048,0.41767857142857145,228.02678571428572,2.300119047619048,0.46447619047619043
c5_35,-9.1,28.9,Zambia,2020-11-13,2020-12-21,2021-02-28,0.5612995258720832,Orange,1.2621834947497754,False,0,74,8,8,21.207142857142856,26.321428571428573,0,336,70.2,10,80.39285714285714,0.6067857142857143,230.51785714285714,2.1409523809523807,0.4829970238095238
c5_36,-9.1,29.1,Zambia,2020-11-13,2020-12-21,2021-02-28,0.6582643785074387,Orange,1.249258148981331,False,0,142,13,13,19.25,27.085714285714285,0,332,89.3,11,82.39285714285714,0.5611904761904762,231.13095238095238,1.8696130952380954,0.46844047619047624
c5_37,-9.1,29.3,Zambia,2020-11-13,2020-12-21,2021-02-28,0.6220993399109699,Orange,1.2483198355952514,False,0,135,13,13,19.142857142857142,27.74285714285714,1,322,59.699999999999996,10,80.85119047619048,0.6244642857142857,224.86309523809524,1.4023214285714285,0.3813035714285714
c5_38,-9.1,29.5,Zambia,2020-11-30,2020-12-21,2021-02-28,0.6278051648981209,Orange,1.3300484601836238,False,0,165,13,13,18.321428571428573,26.76428571428571,0,335,73.19999999999999,11,84.51190476190476,0.47497023809523803,224.4375,1.4329761904761906,0.3961160714285715
c5_39,-9.1,29.7,Zambia,2020-11-13,2020-12-21,2021-02-28,0.6351453549926761,Orange,1.2296215829824741,False,0,140,14,14,18.657142857142855,26.757142857142856,0,335,57.699999999999996,11,82.27678571428571,0.5374404761904762,228.11607142857142,1.4782738095238095,0.38658333333333333
c5_40,-9.1,29.9,Zambia,2020-11-13,2020-12-21,2021-02-28,0.6678895474595018,Orange,1.279571402376023,False,0,163,14,14,17.657142857142855,25.928571428571427,0,330,52.6,11,83.46130952380952,0.48836309523809524,221.0327380952381,1.537857142857143,0.38322916666666673
c5_41,-9.1,30.1,Zambia,2020-11-12,2020-12-21,2021-02-28,0.6942992465185324,Orange,1.7297728980040727,False,0,174,14,14,17.35,25.400000000000002,0,323,71.90000000000002,10,84.38095238095238,0.4471428571428572,221.38095238095238,1.5936309523809524,0.390470238095238
c5_42,-9.1,30.3,Zambia,2020-11-11,2020-12-21,2021-02-28,0.7053251767738622,Orange,1.4576917252822366,False,0,193,14,14,16.992857142857144,26.47142857142857,0,320,82.00000000000001,12,85.61607142857143,0.43592261904761914,225.86309523809524,1.401160714285714,0.3923839285714286
c5_43,-9.1,30.5,Zambia,2020-11-10,2020-12-21,2021-02-28,0.6086034744827087,Orange,1.324929075417997,False,0,131,12,12,17.671428571428574,25.792857142857144,0,328,87.10000000000001,12,83.39880952380952,0.4695238095238095,227.11904761904762,1.5242559523809522,0.39059821428571434
c5_44,-9.1,30.7,Zambia,2020-11-11,2020-12-21,2021-02-28,0.6710671006695834,Orange,1.311747207264024,True,1,159,14,13,17.085714285714285,25.849999999999998,0,323,74.0,11,83.54166666666667,0.47669642857142863,224.61607142857142,1.2598809523809524,0.3853928571428572
c5_45,-9.1,30.9,Zambia,2020-11-11,2020-12-21,2021-02-28,0.679838756339986,Orange,1.3271973397620018,False,0,148,14,13,17.3,25.78571428571429,0,319,74.80000000000001,13,83.51190476190476,0.47119047619047616,221.30059523809524,1.3997619047619048,0.387485119047619
c5_46,-9.1,31.1,Zambia,2020-11-11,2020-12-21,2021-02-28,0.8219110729594511,Red,2.2161705539130074,True,1,148,12,8,16.021428571428576,23.0,0,260,100.69999999999999,14,85.30952380952381,0.3534523809523809,213.9077380952381,1.9208630952380954,0.4024821428571428
c5_47,-9.1,31.3,Zambia,2020-11-13,2020-12-21,2021-02-28,0.8708238785813551,Red,1.8956045336800045,True,1,139,12,2,15.299999999999997,23.29285714285714,0,213,103.99999999999999,10,82.9047619047619,0.4226190476190476,223.38392857142858,2.145565476190476,0.38782142857142854
c5_48,-9.1,31.5,Zambia,2020-11-13,2020-12-21,2021-02-28,0.9220562107657028,Red,1.908259041159856,True,1,143,12,1,15.02142857142857,23.485714285714288,0,196,86.3,8,81.71428571428571,0.45755952380952386,227.4077380952381,1.9624107142857146,0.4630178571428572
c5_49,-9.1,31.7,Zambia,2020-11-13,2020-12-21,2021-02-28,0.8870087824868605,Red,1.9000242170084631,False,0,149,12,1,15.328571428571433,24.12857142857143,0,214,103.19999999999999,9,81.62202380952381,0.4774107142857143,222.16071428571428,1.9863988095238096,0.46918154761904757
c5_50,-9.1,31.9,Zambia,2020-11-12,2020-12-21,2021-02-28,0.8072689407158213,Red,1.8772372161552255,False,0,138,11,4,15.942857142857141,24.550000000000004,0,253,93.0,10,80.9702380952381,0.5035714285714286,218.53571428571428,2.1175595238095237,0.4645684523809524
c5_51,-9.1,32.1,Zambia,2020-11-12,2020-12-21,2021-02-28,0.6077039800836365,Orange,1.8265440414445062,False,0,99,7,1,16.46428571428571,24.157142857142862,0,284,141.1,12,80.30357142857143,0.5032738095238096,211.6904761904762,2.141696428571428,0.4908392857142858
c6_35,-9.3,28.9,Zambia,2020-11-14,2020-12-21,2021-02-28,0.6787189975083342,Orange,1.3808605865195098,False,0,171,14,14,18.614285714285717,26.564285714285717,0,336,79.9,11,84.66071428571429,0.4752976190476191,219.74107142857142,1.7602678571428574,0.4580922619047619
c6_36,-9.3,29.1,Zambia,2020-11-12,2020-12-21,2021-02-28,0.5890986993252342,Orange,1.2539826209032947,False,0,157,13,13,18.521428571428572,26.778571428571432,0,334,74.3,11,83.71428571428571,0.49916666666666665,212.99404761904762,1.5627083333333331,0.383889880952381
c6_37,-9.3,29.3,Zambia,2020-11-14,2020-12-21,2021-02-28,0.6360739519262493,Orange,1.2544017539662287,False,0,161,13,13,18.164285714285718,27.185714285714287,0,326,67.2,11,83.98511904761905,0.5145535714285714,220.16964285714286,1.4701190476190478,0.3875178571428572
c6_38,-9.3,29.5,Zambia,2020-11-14,2020-12-21,2021-02-28,0.662030815732308,Orange,1.4024387813741641,False,0,189,14,14,17.864285714285717,26.414285714285715,0,329,81.3,11,85.08928571428571,0.44997023809523806,217.83035714285714,1.5080654761904764,0.39247619047619053
c6_39,-9.3,29.7,Zambia,2020-12-01,2020-12-21,2021-02-28,0.688422943203322,Orange,1.8567259318702531,False,0,180,14,14,17.17142857142857,25.235714285714288,0,324,77.89999999999998,11,85.2797619047619,0.41425595238095236,219.02678571428572,1.7320833333333334,0.38749999999999996
c6_40,-9.3,29.9,Zambia,2020-12-01,2020-12-21,2021-02-28,0.7782956807724984,Red,1.8893204854290029,False,0,161,14,11,16.742857142857144,24.078571428571426,0,288,73.5,10,84.19345238095238,0.41425595238095236,214.45535714285714,2.0991071428571426,0.3951875
c6_41,-9.3,30.1,Zambia,2020-11-13,2020-12-21,2021-02-28,0.7892252057298192,Red,1.915382930428709,False,0,168,14,10,16.414285714285715,24.014285714285716,0,277,94.80000000000001,12,84.61309523809524,0.4064285714285714,213.5922619047619,2.089761904761905,0.39176190476190476
c6_42,-9.3,30.3,Zambia,2020-11-12,2020-12-21,2021-02-28,0.6313437580202375,Orange,1.2967600245222177,False,0,162,14,14,17.271428571428576,25.928571428571427,0,330,91.9,13,83.69047619047619,0.47130952380952384,215.90178571428572,1.678065476190476,0.4015148809523809
c6_43,-9.3,30.5,Zambia,2020-11-11,2020-12-21,2021-02-28,0.7975980466676322,Red,1.9175453560207958,False,0,168,14,14,16.485714285714284,24.607142857142858,0,285,90.39999999999999,14,84.9702380952381,0.3974107142857143,215.15178571428572,1.7438095238095237,0.3930029761904762
c6_44,-9.3,30.7,Zambia,2020-11-11,2020-12-21,2021-02-28,0.8037549588309645,Red,1.9297448371657522,False,0,175,14,12,16.371428571428574,24.95,0,284,83.0,12,85.05059523809524,0.41300595238095233,224.3095238095238,1.6004166666666666,0.39542261904761894
c6_45,-9.3,30.9,Zambia,2020-11-11,2020-12-21,2021-02-28,0.644449269878757,Orange,1.3753492629317412,False,0,161,13,13,17.085714285714285,25.764285714285712,0,327,82.2,10,84.8422619047619,0.44083333333333335,225.99404761904762,1.5738988095238093,0.38671726190476197
c6_46,-9.3,31.1,Zambia,2020-11-11,2020-12-21,2021-02-28,0.8046044512804919,Red,1.9054660322215564,True,1,138,13,4,16.007142857142856,22.942857142857143,0,251,129.79999999999998,12,83.94940476190476,0.38785714285714284,225.4672619047619,2.331785714285714,0.39682142857142855
c6_47,-9.3,31.3,Zambia,2020-11-13,2020-12-21,2021-02-28,0.8662780421359869,Red,1.8945583809674542,False,0,149,13,4,15.507142857142856,24.142857142857146,0,233,58.10000000000001,13,82.69642857142857,0.44818452380952384,228.2470238095238,1.9052083333333332,0.3655267857142857
c6_48,-9.3,31.5,Zambia,2020-11-13,2020-12-21,2021-02-28,0.8497188833402162,Red,1.902751997727884,False,0,136,11,1,15.457142857142857,23.778571428571432,0,227,62.5,10,82.77083333333333,0.4415178571428572,226.2172619047619,2.1209226190476196,0.3751994047619048
c6_49,-9.3,31.7,Zambia,2020-11-13,2020-12-21,2021-02-28,0.6309481954948818,Orange,1.767882160342556,False,0,102,9,5,16.435714285714287,25.128571428571426,0,281,91.3,12,79.30357142857143,0.5610714285714286,215.27678571428572,1.6915773809523809,0.3882291666666666
c6_50,-9.3,31.9,Zambia,2020-11-13,2020-12-21,2021-02-28,0.7315938578214586,Orange,1.7881719600707546,False,0,130,11,10,16.47142857142857,25.314285714285713,0,286,99.60000000000001,10,80.50297619047619,0.5350297619047619,210.22916666666666,1.6901488095238095,0.4776101190476191
c6_51,-9.3,32.1,Zambia,2020-11-13,2020-12-21,2021-02-28,0.7810970095268239,Red,1.478276808254719,False,0,175,14,13,16.27857142857143,25.721428571428568,0,297,101.6,11,84.39583333333333,0.445952380952381,212.44940476190476,1.4820833333333334,0.48299107142857134
c6_52,-9.3,32.3,Zambia,2020-11-13,2020-12-21,2021-02-28,0.6684625947034731,Orange,1.3307413148883138,False,0,161,14,14,17.135714285714286,25.564285714285717,0,319,87.3,11,83.00892857142857,0.4872619047619048,219.77380952380952,1.7731249999999998,0.38969642857142855
c6_53,-9.3,32.5,Zambia,2020-11-13,2020-12-21,2021-02-28,0.6747960175325088,Orange,1.8028012245254934,False,0,114,12,11,17.47142857142857,24.771428571428572,0,325,79.4,12,82.40178571428571,0.47297619047619055,227.41369047619048,2.2223214285714286,0.4727172619047619
c7_34,-9.5,28.7,Zambia,2020-11-12,2020-12-21,2021-02-28,0.5345474188913815,Orange,1.2604307009634834,False,0,110,10,10,20.685714285714287,27.071428571428577,0,334,57.50000000000001,10,82.21130952380952,0.5686011904761905,228.3452380952381,1.8675892857142857,0.3641845238095238
c7_35,-9.5,28.9,Zambia,2020-11-14,2020-12-21,2021-02-28,0.6030325064184126,Orange,1.260675332664455,False,0,134,12,12,18.985714285714284,27.10714285714286,0,332,73.3,8,81.5952380952381,0.5734523809523809,214.26488095238096,1.9188690476190478,0.46086011904761903
c7_36,-9.5,29.1,Zambia,2020-11-26,2020-12-21,2021-02-28,0.7266454448206783,Orange,1.906068314690381,False,0,174,14,14,17.07142857142857,24.64285714285714,0,310,75.4,12,85.56845238095238,0.39702380952380956,204.31845238095238,2.065952380952381,0.39897619047619043
c7_37,-9.5,29.3,Zambia,2020-11-10,2020-12-21,2021-02-28,0.640174045544743,Orange,1.3843104094801824,False,0,171,14,14,17.692857142857143,25.78571428571429,0,333,62.2,10,84.65178571428571,0.44872023809523803,212.38988095238096,1.784077380952381,0.38254464285714285
c7_38,-9.5,29.5,Zambia,2020-11-29,2020-12-21,2021-02-28,0.6721263666347717,Orange,1.4464836541913497,False,0,186,14,14,17.17142857142857,25.735714285714288,0,318,108.60000000000001,12,85.49404761904762,0.4251190476190476,220.50892857142858,1.9197321428571428,0.3838660714285714
c7_39,-9.5,29.7,Zambia,2020-11-10,2020-12-21,2021-02-28,0.6328117464170098,Orange,1.3261239545773804,False,0,173,14,14,17.485714285714284,26.071428571428573,0,325,113.4,13,83.8452380952381,0.47113095238095243,219.97321428571428,1.7574404761904763,0.3930238095238095
c7_40,-9.5,29.9,Zambia,2020-11-10,2020-12-21,2021-02-28,0.7445734620907218,Orange,1.5862345259202497,False,0,175,14,13,16.65714285714286,25.457142857142852,0,297,101.1,13,84.48809523809524,0.4405357142857143,220.98214285714286,1.6594940476190476,0.3919434523809524
c7_41,-9.5,30.1,Zambia,2020-11-12,2020-12-21,2021-02-28,0.7554549849561761,Red,1.6102006567446585,False,0,172,14,14,16.564285714285717,25.421428571428574,0,301,74.1,12,83.97619047619048,0.4479464285714285,222.94940476190476,1.6230952380952381,0.38522321428571427
c7_42,-9.5,30.3,Zambia,2020-11-11,2020-12-21,2021-02-28,0.8065514473186524,Red,1.9324293606069232,False,0,175,14,10,16.135714285714283,24.75,0,274,83.3,10,84.63095238095238,0.421547619047619,217.70535714285714,1.7660119047619047,0.39811309523809524
c7_43,-9.5,30.5,Zambia,2020-11-13,2020-12-21,2021-02-28,0.8100798880071199,Red,1.932201856421706,False,0,182,14,10,16.121428571428574,24.55,0,270,102.3,12,84.86904761904762,0.4072321428571428,215.0654761904762,1.8137500000000002,0.40114880952380955
c7_44,-9.5,30.7,Zambia,2020-11-13,2020-12-21,2021-02-28,0.8273101118232404,Red,2.2636918534790706,False,0,193,14,9,16.114285714285717,23.96428571428571,0,263,112.49999999999999,12,86.26190476190476,0.35800595238095234,212.76785714285714,1.9757440476190473,0.4011904761904762
c7_45,-9.5,30.9,Zambia,2020-11-10,2020-12-21,2021-02-28,0.8385940565682339,Red,2.2641665179693877,False,0,194,14,10,16.114285714285714,24.55714285714285,0,258,108.9,12,86.80059523809524,0.35619047619047617,213.0654761904762,1.8702678571428575,0.39298214285714284
c7_46,-9.5,31.1,Zambia,2020-11-14,2020-12-21,2021-02-28,0.8236136945602935,Red,1.9500121140134836,False,0,167,13,7,15.900000000000004,24.321428571428573,0,255,99.5,13,84.875,0.3990773809523809,227.5952380952381,1.9525595238095237,0.3742202380952381
c7_47,-9.5,31.3,Zambia,2020-11-13,2020-12-21,2021-02-28,0.806074568471209,Red,1.8720155720511493,False,0,153,12,4,15.75,24.09285714285715,0,249,104.10000000000001,12,83.44642857142857,0.4347619047619048,232.25595238095238,2.204761904761905,0.375172619047619
c7_48,-9.5,31.5,Zambia,2020-11-13,2020-12-21,2021-02-28,0.6883906141429004,Orange,1.8427429283385295,False,0,129,10,6,16.321428571428573,24.99285714285714,0,286,72.2,11,81.00595238095238,0.5209523809523811,234.26785714285714,2.0308928571428573,0.3739136904761905
c7_49,-9.5,31.7,Zambia,2020-11-13,2020-12-21,2021-02-28,0.7329367238737418,Orange,1.8304856566081065,False,0,138,11,10,16.299999999999997,25.27857142857143,0,276,107.1,11,82.31547619047619,0.49907738095238097,227.11309523809524,1.686875,0.3860446428571428
c7_50,-9.5,31.9,Zambia,2020-11-13,2020-12-21,2021-02-28,0.6527926094712119,Orange,1.8107410936143529,False,0,122,11,9,16.728571428571424,25.171428571428574,0,292,117.19999999999999,13,81.39880952380952,0.5066369047619047,219.94940476190476,1.8131547619047619,0.3964791666666666
c7_51,-9.5,32.1,Zambia,2020-11-13,2020-12-21,2021-02-28,0.5867025412121505,Orange,1.263177900966761,False,0,129,12,12,17.46428571428571,25.76428571428571,0,328,78.0,12,82.16071428571429,0.5064285714285715,219.46130952380952,1.650625,0.3855565476190477
c7_52,-9.5,32.3,Zambia,2020-11-11,2020-12-21,2021-02-28,0.6363368192389715,Orange,1.2980841092450894,False,0,144,14,14,17.692857142857143,25.878571428571426,0,332,65.2,11,82.74107142857143,0.4995833333333334,227.54761904761904,1.8913095238095239,0.37966964285714283
c7_53,-9.5,32.5,Zambia,2020-11-13,2020-12-21,2021-02-28,0.6121136874616107,Orange,1.2878812720523996,False,0,139,13,13,17.72142857142857,25.86428571428571,0,330,63.5,11,82.375,0.5102678571428572,228.39583333333334,1.8683630952380952,0.36329464285714286
c7_54,-9.5,32.7,Zambia,2020-11-13,2020-12-21,2021-02-28,0.5731003073307016,Orange,1.7621250727832478,False,0,116,11,11,17.428571428571423,25.11428571428571,0,327,75.80000000000001,11,81.88392857142857,0.5005952380952381,226.67261904761904,2.110029761904762,0.37742261904761903
c7_55,-9.5,32.9,Zambia,2020-11-11,2020-12-21,2021-02-28,0.6658186544810899,Orange,1.8339599553849584,False,0,143,12,10,17.02857142857143,24.771428571428572,0,309,48.699999999999996,10,82.73214285714286,0.46604166666666674,224.63988095238096,2.4096130952380954,0.3520863095238095
c7_56,-9.5,33.1,Malawi,2020-11-13,2020-12-21,2021-02-28,0.6637234152416557,Orange,1.8529081797413836,False,0,118,10,9,16.864285714285714,24.49285714285714,0,304,60.0,11,81.66666666666667,0.48875,226.23511904761904,2.025119047619048,0.38223214285714285
c8_34,-9.7,28.7,Zambia,2020-11-13,2020-12-21,2021-02-28,0.5669704427006,Orange,1.3044195965249534,False,0,108,11,11,21.042857142857144,27.407142857142855,0,333,50.6,9,81.47321428571429,0.5951488095238096,229.98511904761904,1.7908035714285715,0.37387499999999996
c8_35,-9.7,28.9,Zambia,2020-11-14,2020-12-21,2021-02-28,0.6311843847512084,Orange,1.3367900724075117,False,0,150,11,11,18.400000000000002,26.142857142857146,0,334,57.9,7,84.41666666666667,0.47297619047619055,217.55357142857142,1.926875,0.4525059523809523
c8_36,-9.7,29.1,Zambia,2020-11-10,2020-12-21,2021-02-28,0.657455460986632,Orange,1.8219192535406945,False,0,164,14,14,17.442857142857143,24.785714285714285,0,321,89.3,12,84.25892857142857,0.43574404761904767,206.63095238095238,2.1697023809523808,0.3882291666666666
c8_37,-9.7,29.3,Zambia,2020-11-10,2020-12-21,2021-02-28,0.672133882423788,Orange,1.4238881489647262,False,0,192,14,14,17.1,25.721428571428568,0,323,82.1,13,86.375,0.40172619047619046,203.83333333333334,1.5861309523809526,0.38778869047619047
c8_38,-9.7,29.5,Zambia,2020-11-14,2020-12-21,2021-02-28,0.673801394484215,Orange,1.4182410566504895,False,0,188,14,14,17.307142857142857,25.792857142857144,0,327,80.3,14,86.44345238095238,0.399702380952381,211.1904761904762,1.5477083333333332,0.3876666666666666
c8_39,-9.7,29.7,Zambia,2020-11-10,2020-12-21,2021-02-28,0.7563017511168052,Red,1.807692786804585,False,0,188,14,14,16.714285714285715,25.378571428571423,0,304,87.99999999999999,14,86.04464285714286,0.4005654761904762,214.625,1.4231250000000002,0.39842261904761905
c8_40,-9.7,29.9,Zambia,2020-11-10,2020-12-21,2021-02-28,0.7333542376728353,Orange,1.889553982699091,False,0,192,14,14,16.79285714285714,25.36428571428571,0,306,97.10000000000001,11,85.16369047619048,0.4206547619047618,216.2172619047619,1.5233035714285716,0.39391964285714276
c8_41,-9.7,30.1,Zambia,2020-11-10,2020-12-21,2021-02-28,0.8375500545704407,Red,1.9545574989848378,False,0,179,14,10,16.064285714285713,24.50714285714286,0,258,98.20000000000002,12,84.42857142857143,0.41604166666666664,220.38392857142858,1.8993154761904765,0.3893214285714286
c8_42,-9.7,30.3,Zambia,2020-11-14,2020-12-21,2021-02-28,0.8381125505540572,Red,1.9435726814823802,False,0,171,14,10,16.09285714285714,24.535714285714285,0,264,79.5,11,83.82738095238095,0.42985119047619047,224.3720238095238,1.8968452380952385,0.3977559523809524
c8_43,-9.7,30.5,Zambia,2020-11-10,2020-12-21,2021-02-28,0.8672820687761946,Red,1.9823479519084515,False,0,173,14,5,15.828571428571431,23.914285714285718,0,241,81.89999999999999,10,85.125,0.3844940476190476,222.49107142857142,2.0854464285714287,0.3955565476190476
c8_44,-9.7,30.7,Zambia,2020-11-10,2020-12-21,2021-02-28,0.8426357057266862,Red,1.953993266643,False,0,177,14,6,16.107142857142858,24.171428571428574,0,255,81.00000000000001,12,84.91369047619048,0.3929464285714285,221.1577380952381,2.250982142857143,0.3954345238095239
c8_45,-9.7,30.9,Zambia,2020-11-10,2020-12-21,2021-02-28,0.8220524953170711,Red,2.029558933517188,False,0,182,14,13,16.407142857142855,24.45,0,276,100.8,13,86.01488095238095,0.3761309523809524,219.36309523809524,1.9355357142857141,0.3982232142857143
c8_46,-9.7,31.1,Zambia,2020-11-12,2020-12-21,2021-02-28,0.7934381284108009,Red,1.899603295869303,False,0,160,14,11,16.37857142857143,24.6,0,278,98.7,10,84.11904761904762,0.42357142857142865,226.97619047619048,2.206845238095238,0.40100892857142856
c8_47,-9.7,31.3,Zambia,2020-11-11,2020-12-21,2021-02-28,0.6749944834873033,Orange,1.844643457971108,False,0,138,11,7,16.47857142857143,24.985714285714284,0,282,114.39999999999999,10,81.9672619047619,0.49309523809523814,229.43154761904762,2.0451488095238095,0.3692440476190476
c8_48,-9.7,31.5,Zambia,2020-11-11,2020-12-21,2021-02-28,0.715869222379073,Orange,1.3403046011867725,False,0,157,14,13,16.45714285714286,26.014285714285712,0,298,105.6,12,82.33928571428571,0.512529761904762,230.7470238095238,1.5876488095238097,0.38588690476190474
c8_49,-9.7,31.7,Zambia,2020-11-13,2020-12-21,2021-02-28,0.6507573176996362,Orange,1.3269862818369837,False,0,132,12,12,16.75,26.342857142857145,0,313,75.3,11,81.26190476190476,0.5490476190476191,234.00892857142858,1.5788988095238095,0.38810416666666664
c8_50,-9.7,31.9,Zambia,2020-11-13,2020-12-21,2021-02-28,0.570256579077685,Orange,1.2681317154395642,False,0,127,11,11,17.07857142857143,26.45714285714286,0,324,86.2,11,80.93154761904762,0.5600595238095238,232.65178571428572,1.4963988095238097,0.3834940476190476
c8_51,-9.7,32.1,Zambia,2020-11-11,2020-12-21,2021-02-28,0.6008797066409225,Orange,1.279605999167889,False,0,132,12,12,17.37857142857143,26.071428571428573,0,330,75.0,12,82.33333333333333,0.509047619047619,226.7470238095238,1.6067261904761905,0.3959464285714286
c8_52,-9.7,32.3,Zambia,2020-11-13,2020-12-21,2021-02-28,0.6604571051684804,Orange,1.278060723826516,False,0,159,14,14,17.721428571428568,26.185714285714283,0,331,71.8,12,83.36904761904762,0.4881845238095238,230.91666666666666,1.6620238095238098,0.39025
c8_53,-9.7,32.5,Zambia,2020-11-13,2020-12-21,2021-02-28,0.6447761000810094,Orange,1.314790711234696,False,0,148,14,14,17.728571428571428,25.921428571428567,0,333,59.500000000000014,12,83.24702380952381,0.4835119047619048,230.04761904761904,1.9151190476190476,0.3729761904761905
c8_54,-9.7,32.7,Zambia,2020-11-13,2020-12-21,2021-02-28,0.5984742870171533,Orange,1.8138238364377186,False,0,138,11,11,17.507142857142856,25.20714285714286,0,330,70.89999999999999,10,83.06547619047619,0.47154761904761905,228.22619047619048,1.971636904761905,0.38749999999999996
c8_55,-9.7,32.9,Zambia,2020-11-11,2020-12-21,2021-02-28,0.5706843094371172,Orange,1.353634532572516,False,0,148,11,11,17.564285714285713,25.52857142857143,0,330,81.69999999999999,11,83.83333333333333,0.4631547619047619,221.13690476190476,2.113601190476191,0.3794732142857143
c8_56,-9.7,33.1,Zambia,2020-12-01,2020-12-21,2021-02-28,0.5002531730974002,Orange,1.733488069446111,False,0,105,8,8,17.750000000000004,24.942857142857143,0,330,56.699999999999996,9,81.18154761904762,0.5153571428571428,225.60714285714286,2.201279761904762,0.3607529761904762
c8_57,-9.7,33.3,Malawi,2020-12-01,2020-12-21,2021-02-28,0.6647510853308429,Orange,1.7451365796558655,False,0,129,10,10,17.35,25.371428571428567,0,324,62.50000000000001,10,82.82738095238095,0.48988095238095236,229.26785714285714,1.6961309523809527,0.45932142857142866
c8_58,-9.7,33.5,Malawi,2020-12-01,2020-12-21,2021-02-28,0.8548136061136768,Red,1.8866978656416138,True,1,136,9,0,15.22857142857143,23.378571428571426,0,210,95.69999999999999,11,80.98214285714286,0.48071428571428565,220.71130952380952,1.5636904761904762,0.3900416666666667
c8_59,-9.7,33.7,Malawi,2020-11-13,2020-12-21,2021-02-28,0.4692346496151436,Yellow,1.3107458101184635,True,1,114,8,8,19.821428571428573,28.842857142857138,5,305,118.49999999999999,10,78.4047619047619,0.7365178571428571,220.35416666666666,1.3363095238095237,0.3893869047619048
c8_60,-9.7,33.9,Malawi,2020-11-12,2020-12-21,2021-02-28,0.6065091730547021,Orange,1.5077901274424026,False,0,77,7,7,21.92142857142857,29.25714285714286,5,290,99.80000000000001,10,78.03869047619048,0.7875595238095239,246.57142857142858,1.5573511904761905,0.43870833333333337
c9_34,-9.9,28.7,Zambia,2020-11-14,2020-12-21,2021-02-28,0.573075028131284,Orange,1.2809656212959597,False,0,109,12,12,20.821428571428566,27.400000000000002,0,332,76.69999999999999,12,82.16666666666667,0.567202380952381,227.23511904761904,1.722261904761905,0.3817857142857143
c9_35,-9.9,28.9,Zambia,2020-11-14,2020-12-21,2021-02-28,0.674919599947708,Orange,1.324069223303803,False,0,160,13,13,18.364285714285717,26.21428571428572,0,333,82.0,11,85.04464285714286,0.45479166666666665,222.59821428571428,1.8754464285714287,0.45952678571428573
c9_36,-9.9,29.1,Zambia,2020-11-10,2020-12-21,2021-02-28,0.6998332478104783,Orange,1.8675347937005657,False,0,179,14,14,17.321428571428573,25.014285714285716,0,316,69.2,10,85.4047619047619,0.4179464285714285,213.11607142857142,1.9492857142857143,0.3683422619047619
c9_37,-9.9,29.3,Zambia,2020-11-10,2020-12-21,2021-02-28,0.6482390946851593,Orange,1.412188106211136,False,0,189,14,14,17.485714285714284,25.728571428571428,0,328,83.5,11,86.30357142857143,0.4056845238095238,203.48809523809524,1.4898214285714286,0.38406845238095244
c9_38,-9.9,29.5,Zambia,2020-11-10,2020-12-21,2021-02-28,0.6933939824009016,Orange,2.081691938626036,False,0,196,14,14,16.942857142857143,25.107142857142854,0,317,107.20000000000003,14,86.8125,0.37309523809523815,202.74107142857142,1.5788690476190477,0.40214583333333337
c9_39,-9.9,29.7,Zambia,2020-11-10,2020-12-21,2021-02-28,0.818731706297315,Red,1.9400304885921946,False,0,183,14,11,16.22857142857143,24.492857142857144,0,270,103.10000000000001,14,85.07738095238095,0.4042559523809524,213.54464285714286,1.9652083333333332,0.40638988095238104
c9_40,-9.9,29.9,Zambia,2020-11-10,2020-12-21,2021-02-28,0.8225523143487603,Red,1.9510126274758666,False,0,189,14,10,16.19285714285714,24.650000000000002,0,268,80.1,12,84.59821428571429,0.42502976190476194,213.24107142857142,1.9027083333333332,0.39163095238095236
c9_41,-9.9,30.1,Zambia,2020-11-10,2020-12-21,2021-02-28,0.8195090214474343,Red,1.8825935819672663,False,0,163,14,10,16.27857142857143,24.11428571428571,0,266,86.80000000000001,11,83.41964285714286,0.4318154761904762,219.94940476190476,2.223303571428571,0.392625
c9_42,-9.9,30.3,Zambia,2020-11-10,2020-12-21,2021-02-28,0.8590855101898075,Red,1.9325043190013875,False,0,169,14,5,15.957142857142857,23.864285714285717,0,238,95.10000000000001,10,84.80654761904762,0.3922619047619048,225.17559523809524,2.3894642857142854,0.3825654761904761
c9_43,-9.9,30.5,Zambia,2020-11-10,2020-12-21,2021-02-28,0.7774263946698613,Red,1.9048708065672046,False,0,136,12,9,16.692857142857143,24.264285714285712,0,273,73.5,13,83.0327380952381,0.4417857142857143,225.8422619047619,2.3801785714285715,0.3711190476190477
c9_44,-9.9,30.7,Zambia,2020-11-11,2020-12-21,2021-02-28,0.7087417271967884,Orange,1.8807160685581317,False,0,128,11,10,16.771428571428572,24.407142857142855,0,296,76.70000000000002,12,82.66071428571429,0.45479166666666665,223.52380952380952,2.2000595238095237,0.3967738095238095
c9_45,-9.9,30.9,Zambia,2020-11-10,2020-12-21,2021-02-28,0.7763922636691646,Red,1.9148455502149908,False,0,178,14,13,16.53571428571429,24.864285714285717,0,290,105.3,13,85.23214285714286,0.40181547619047614,219.44642857142858,1.9204464285714284,0.4034642857142857
c9_46,-9.9,31.1,Zambia,2020-11-11,2020-12-21,2021-02-28,0.770453228685018,Red,1.9155133144412284,False,0,173,14,13,16.657142857142855,25.09285714285715,0,292,93.4,11,84.41071428571429,0.432172619047619,220.07738095238096,1.955952380952381,0.40597023809523813
c9_47,-9.9,31.3,Zambia,2020-11-11,2020-12-21,2021-02-28,0.6604700677464853,Orange,1.347705971596235,False,0,144,12,11,16.864285714285717,25.771428571428572,0,303,101.7,11,81.5,0.5282738095238095,223.4672619047619,1.695238095238095,0.39833630952380955
c9_48,-9.9,31.5,Zambia,2020-11-12,2020-12-21,2021-02-28,0.7189860643450878,Orange,1.3884141863633783,False,0,165,13,13,16.714285714285715,26.17142857142857,0,300,96.10000000000001,13,83.34821428571429,0.49130952380952375,226.03571428571428,1.5976488095238093,0.39433333333333337
c9_49,-9.9,31.7,Zambia,2020-11-13,2020-12-21,2021-02-28,0.6102560226931589,Orange,1.2726123715585207,False,0,137,12,12,17.307142857142857,26.857142857142858,0,323,87.0,11,81.0625,0.5686904761904762,234.11309523809524,1.4799404761904762,0.4010654761904762
c9_50,-9.9,31.9,Zambia,2020-11-11,2020-12-21,2021-02-28,0.5863097539129168,Orange,1.2590018565302052,False,0,139,12,12,17.45714285714286,26.735714285714288,0,328,86.10000000000001,12,81.48809523809524,0.5602380952380953,232.29761904761904,1.381934523809524,0.3847440476190476
c9_51,-9.9,32.1,Zambia,2020-11-12,2020-12-21,2021-02-28,0.6332715875915763,Orange,1.2796493957034825,False,0,146,14,14,17.407142857142855,26.414285714285715,0,332,64.39999999999999,12,82.5625,0.5133035714285714,229.78869047619048,1.5652678571428573,0.37592261904761903
c9_52,-9.9,32.3,Zambia,2020-11-13,2020-12-21,2021-02-28,0.6665499002367228,Orange,1.3923501350772907,False,0,173,14,14,17.249999999999996,25.62142857142857,0,329,90.69999999999999,12,84.4672619047619,0.4481845238095237,229.38392857142858,1.7430059523809527,0.3940297619047619
c9_53,-9.9,32.5,Zambia,2020-11-13,2020-12-21,2021-02-28,0.6181281857797412,Orange,1.27322555677788,False,0,153,13,13,17.807142857142857,25.935714285714287,0,336,73.00000000000001,11,83.14880952380952,0.4910416666666667,229.8095238095238,1.7022023809523812,0.38922321428571427
c9_54,-9.9,32.7,Zambia,2020-11-13,2020-12-21,2021-02-28,0.6226290358864051,Orange,1.342360524507822,False,0,155,14,14,17.592857142857145,25.821428571428573,0,335,63.099999999999994,9,83.61904761904762,0.4708928571428572,224.69345238095238,1.9910119047619048,0.3725
c9_55,-9.9,32.9,Zambia,2020-12-01,2020-12-21,2021-02-28,0.5239961070661427,Orange,1.2448412905626993,False,0,131,11,11,18.257142857142856,25.907142857142855,0,336,84.4,10,82.80357142857143,0.5013988095238096,220.71428571428572,2.083214285714286,0.3797291666666666
c9_56,-9.9,33.1,Zambia,2020-11-13,2020-12-21,2021-02-28,0.5260553690627825,Orange,1.20209091252005,True,1,116,11,11,18.77857142857143,27.478571428571428,2,327,59.20000000000001,12,80.26488095238095,0.62,220.58035714285714,1.3281547619047618,0.35544047619047625
c9_57,-9.9,33.3,Zambia,2020-11-13,2020-12-21,2021-02-28,0.4389622484567337,Yellow,1.7394147666690047,False,0,104,8,8,17.585714285714285,24.885714285714283,0,336,76.9,11,80.45238095238095,0.5351190476190476,220.30059523809524,1.4957440476190473,0.3426011904761905
c9_58,-9.9,33.5,Malawi,2020-11-29,2020-12-21,2021-02-28,0.835390580132946,Red,1.8659299409783787,True,1,110,8,0,15.257142857142856,22.97142857142857,0,217,64.3,7,80.69047619047619,0.4735714285714286,217.76190476190476,1.9125297619047619,0.38527083333333334
c9_59,-9.9,33.7,Malawi,2020-12-17,2020-12-24,2021-03-03,0.5846868357104656,Orange,1.3318617767502836,False,0,173,12,12,19.235714285714288,26.821428571428566,2,328,82.7,10,84.61607142857143,0.4829464285714286,204.79761904761904,1.6561011904761906,0.38884821428571426
c9_60,-9.9,33.9,Malawi,2020-12-20,2020-12-27,2021-03-06,0.6769380591023395,Orange,1.5229828061687436,False,0,150,14,14,22.57857142857143,27.92142857142857,1,329,126.89999999999999,14,85.05059523809524,0.5105059523809524,220.4345238095238,1.5717559523809523,0.4691190476190476
c10_34,-10.1,28.7,Zambia,2020-11-14,2020-12-21,2021-02-28,0.5282905753499483,Orange,1.2474902673871675,False,0,119,9,9,19.528571428571432,27.285714285714285,0,331,68.4,9,82.5625,0.5461607142857142,225.00892857142858,1.7122023809523808,0.39488690476190474
c10_35,-10.1,28.9,Zambia,2020-11-13,2020-12-21,2021-02-28,0.6663750973331241,Orange,1.4067318982772228,False,0,156,13,13,17.86428571428571,25.542857142857144,0,332,84.0,10,85.0297619047619,0.4314880952380952,222.98809523809524,2.008095238095238,0.44374107142857144
c10_36,-10.1,29.1,Zambia,2020-11-10,2020-12-21,2021-02-28,0.6425441394987652,Orange,1.7332511710204337,False,0,189,14,14,17.54285714285714,25.400000000000002,0,332,86.0,11,85.8125,0.41714285714285715,214.34821428571428,1.7145238095238093,0.37627678571428574
c10_37,-10.1,29.3,Zambia,2020-11-10,2020-12-21,2021-02-28,0.6392481401381794,Orange,1.3947340903038647,False,0,189,14,14,17.42142857142857,26.15,0,328,93.0,11,85.97916666666667,0.4261607142857143,209.54761904761904,1.5486904761904763,0.38724404761904774
c10_38,-10.1,29.5,Zambia,2020-11-10,2020-12-21,2021-02-28,0.776220516556077,Red,2.0995575669713604,False,0,195,14,14,16.507142857142856,24.971428571428568,0,294,96.7,13,86.64583333333333,0.37386904761904766,208.63690476190476,1.821220238095238,0.4033809523809524
c10_39,-10.1,29.7,Zambia,2020-11-12,2020-12-21,2021-02-28,0.8521089732525794,Red,1.9622922379215235,False,0,185,14,7,16.021428571428572,24.221428571428568,0,250,83.2,12,85.51488095238095,0.39339285714285716,215.3125,2.192053571428571,0.39226488095238093
c10_40,-10.1,29.9,Zambia,2020-11-12,2020-12-21,2021-02-28,0.8212955127287496,Red,1.9320198819242598,False,0,182,14,11,16.41428571428571,24.314285714285713,0,268,90.4,11,84.63690476190476,0.41333333333333333,217.55059523809524,2.2314285714285713,0.3876071428571428
c10_41,-10.1,30.1,Zambia,2020-11-10,2020-12-21,2021-02-28,0.7542836344650293,Red,1.8559146853038058,False,0,169,14,13,16.857142857142858,25.257142857142863,0,293,82.50000000000001,11,83.99404761904762,0.4464880952380952,219.54761904761904,2.120386904761905,0.3823125
c10_42,-10.1,30.3,Zambia,2020-11-10,2020-12-21,2021-02-28,0.6072364284286261,Orange,1.82715262676129,False,0,136,10,9,17.064285714285713,25.178571428571434,0,306,101.0,11,82.45833333333333,0.4805654761904762,220.2529761904762,2.0538095238095235,0.38407142857142856
c10_43,-10.1,30.5,Zambia,2020-11-11,2020-12-21,2021-02-28,0.6762871961531148,Orange,1.4352982925956999,False,0,164,11,11,16.892857142857146,25.542857142857144,0,302,104.7,13,84.39285714285714,0.4439583333333333,221.86011904761904,1.552857142857143,0.3827946428571429
c10_44,-10.1,30.7,Zambia,2020-11-10,2020-12-21,2021-02-28,0.7514701129335546,Red,1.4763266692956662,False,0,176,13,13,16.535714285714285,25.978571428571424,0,295,81.10000000000001,11,84.89583333333333,0.4404166666666666,221.66369047619048,1.5326488095238096,0.3895595238095238
c10_45,-10.1,30.9,Zambia,2020-11-11,2020-12-21,2021-02-28,0.7564296752487534,Red,1.4960560259310736,False,0,185,13,12,16.657142857142855,25.735714285714284,0,294,89.3,12,85.57738095238095,0.41571428571428576,218.77678571428572,1.6603869047619046,0.40026190476190476
c10_46,-10.1,31.1,Zambia,2020-11-10,2020-12-21,2021-02-28,0.7768192379424347,Red,1.970615668357146,False,0,192,14,14,16.750000000000004,25.192857142857147,0,297,102.29999999999998,13,86.50892857142857,0.3807440476190476,220.01190476190476,1.709345238095238,0.40337797619047616
c10_47,-10.1,31.3,Zambia,2020-11-11,2020-12-21,2021-02-28,0.7236091120029123,Orange,1.7330625165646658,False,0,161,14,13,16.885714285714286,25.392857142857142,0,305,92.8,13,84.33928571428571,0.4369642857142857,221.89583333333334,1.7384523809523806,0.39288690476190474
c10_48,-10.1,31.5,Zambia,2020-11-11,2020-12-21,2021-02-28,0.6836300448338136,Orange,1.7502662911256182,False,0,171,13,13,16.928571428571427,25.385714285714283,0,313,105.6,12,84.80654761904762,0.43669642857142854,223.93154761904762,1.643154761904762,0.39070238095238097
c10_49,-10.1,31.7,Zambia,2020-11-11,2020-12-21,2021-02-28,0.6981086638811395,Orange,1.4440550769075775,False,0,181,13,13,16.935714285714287,26.157142857142855,0,314,98.9,12,85.26488095238095,0.43511904761904757,228.2172619047619,1.5394642857142857,0.4008452380952382
c10_50,-10.1,31.9,Zambia,2020-11-10,2020-12-21,2021-02-28,0.834314796189004,Red,1.8866629467836653,False,0,171,14,10,16.17857142857143,25.342857142857145,0,262,97.69999999999999,12,84.7827380952381,0.42749999999999994,226.58630952380952,1.5232738095238096,0.4000267857142858
c10_51,-10.1,32.1,Zambia,2020-11-11,2020-12-21,2021-02-28,0.614985372411126,Orange,1.302819630339391,False,0,155,14,14,17.47142857142857,26.242857142857144,0,333,86.7,11,83.76488095238095,0.4730654761904762,223.73511904761904,1.6503571428571429,0.38459523809523805
c10_52,-10.1,32.3,Zambia,2020-11-11,2020-12-21,2021-02-28,0.6533695695830778,Orange,1.7977792641527999,False,0,154,14,14,17.37142857142857,25.221428571428568,0,330,86.9,12,83.95535714285714,0.44672619047619044,227.55654761904762,1.8722023809523811,0.3892202380952381
c10_53,-10.1,32.5,Zambia,2020-11-13,2020-12-21,2021-02-28,0.7069265751408027,Orange,1.913326800143219,False,0,174,14,14,16.971428571428564,24.67142857142857,0,315,101.89999999999999,11,84.57440476190476,0.418125,226.90178571428572,1.9603571428571431,0.38945238095238094
c10_54,-10.1,32.7,Zambia,2020-11-11,2020-12-21,2021-02-28,0.5942074483410579,Orange,1.3827837959814258,False,0,148,13,13,17.8,25.485714285714288,0,332,89.10000000000001,11,83.48809523809524,0.4686309523809523,222.875,2.073005952380952,0.37664583333333335
c10_55,-10.1,32.9,Zambia,2020-11-14,2020-12-21,2021-02-28,0.5379785706383315,Orange,1.2255876279314835,False,0,130,11,11,18.97857142857143,27.107142857142854,1,328,101.29999999999998,11,82.84821428571429,0.5333035714285714,226.17857142857142,1.5407440476190477,0.37836011904761907
c10_56,-10.1,33.1,Zambia,2020-11-13,2020-12-21,2021-02-28,0.4699476541444513,Yellow,1.2462351855690657,False,0,104,9,9,19.521428571428572,27.842857142857145,3,324,71.50000000000001,12,80.48809523809524,0.6228571428571429,225.60714285714286,1.6853571428571428,0.3433809523809524
c10_57,-10.1,33.3,Zambia,2020-11-13,2020-12-21,2021-02-28,0.7983106159396223,Red,1.8830596954393877,True,1,132,10,6,16.228571428571428,23.142857142857146,0,259,84.8,13,82.82738095238095,0.42610119047619044,218.0,1.5469345238095238,0.3923422619047619
c10_58,-10.1,33.5,Malawi,2020-11-13,2020-12-21,2021-02-28,0.7020021975293841,Orange,1.8513680816825813,False,0,128,9,8,16.985714285714288,24.071428571428566,0,289,75.6,10,81.58035714285714,0.4901785714285714,219.94642857142858,1.5092261904761903,0.39322619047619045
c10_59,-10.1,33.7,Malawi,2020-11-13,2020-12-21,2021-02-28,0.4588434221197161,Yellow,1.3078921495502012,True,1,87,8,8,18.95714285714286,25.457142857142856,0,336,85.20000000000002,12,78.72916666666667,0.6007440476190476,218.5952380952381,1.261815476190476,0.39433035714285714
c10_60,-10.1,33.9,Malawi,2021-01-07,2021-01-14,2021-03-24,0.7643820852851884,Red,1.4681056094859595,False,0,168,14,14,20.74285714285714,27.314285714285713,0,336,56.30000000000001,13,85.91071428571429,0.45065476190476195,266.7291666666667,1.9722916666666666,0.42684523809523817
c11_34,-10.3,28.7,Zambia,2020-11-14,2020-12-21,2021-02-28,0.5705559369600668,Orange,1.2705516521390272,False,0,117,10,10,19.407142857142862,26.6,0,335,95.3,12,83.28869047619048,0.5014583333333333,219.2470238095238,1.7438690476190477,0.4629494047619047
c11_35,-10.3,28.9,Zambia,2020-11-13,2020-12-21,2021-02-28,0.6151104603162927,Orange,1.834443429712281,False,0,160,13,13,17.835714285714285,24.678571428571427,0,329,96.1,10,86.04166666666667,0.38619047619047614,215.9404761904762,2.083422619047619,0.3677142857142857
c11_36,-10.3,29.1,Zambia,2020-11-14,2020-12-21,2021-02-28,0.6559022289346531,Orange,1.3988326221551552,False,0,194,14,14,17.37857142857143,26.049999999999994,0,329,87.59999999999998,11,86.31845238095238,0.4117261904761904,214.46130952380952,1.5411607142857144,0.3863779761904762
c11_37,-10.3,29.3,Zambia,2020-11-10,2020-12-21,2021-02-28,0.6347754741341148,Orange,1.363032957586948,False,0,169,14,14,17.500000000000004,25.614285714285717,0,330,81.1,11,84.1547619047619,0.45532738095238096,215.48809523809524,1.9323214285714285,0.38447321428571424
c11_38,-10.3,29.5,Zambia,2020-11-10,2020-12-21,2021-02-28,0.6959304719037275,Orange,1.8432699149618657,False,0,168,14,14,17.085714285714285,25.135714285714283,0,315,77.1,11,84.25,0.4392559523809524,214.08333333333334,2.1009821428571427,0.3889494047619048
c11_39,-10.3,29.7,Zambia,2020-11-10,2020-12-21,2021-02-28,0.6539282621549054,Orange,1.807743247249587,False,0,153,10,10,17.11428571428571,25.128571428571426,0,303,89.2,11,83.52678571428571,0.4589880952380953,214.48809523809524,2.1832440476190476,0.3971994047619048
c11_40,-10.3,29.9,Zambia,2020-11-10,2020-12-21,2021-02-28,0.6232828235403873,Orange,1.7948855523909049,False,0,166,11,11,17.17142857142857,25.335714285714285,0,316,94.39999999999999,10,84.12797619047619,0.45130952380952377,219.08928571428572,1.9379166666666667,0.3826994047619047
c11_41,-10.3,30.1,Zambia,2020-11-11,2020-12-21,2021-02-28,0.6210859860892246,Orange,1.3436714268943413,False,0,167,12,12,17.314285714285713,25.742857142857144,0,320,97.2,11,83.77083333333333,0.4672321428571428,218.44940476190476,1.8387202380952383,0.386779761904762
c11_42,-10.3,30.3,Zambia,2020-11-10,2020-12-21,2021-02-28,0.6760110050935443,Orange,1.3948335444913305,False,0,171,13,13,17.107142857142858,26.007142857142856,0,314,79.3,11,84.14285714285714,0.4644642857142857,217.84821428571428,1.7619940476190474,0.38564583333333335
c11_43,-10.3,30.5,Zambia,2020-11-11,2020-12-21,2021-02-28,0.6652014280713436,Orange,1.4004860408377677,False,0,160,12,12,17.128571428571426,25.62857142857143,0,306,113.4,12,84.19642857142857,0.44892857142857145,222.16369047619048,1.7851785714285715,0.3872380952380953
c11_44,-10.3,30.7,Zambia,2020-11-10,2020-12-21,2021-02-28,0.6476980506163527,Orange,1.7981960200911147,False,0,144,12,12,17.064285714285713,25.37142857142857,0,311,118.10000000000002,13,83.93154761904762,0.44630952380952377,224.95535714285714,1.849910714285714,0.39511607142857147
c11_45,-10.3,30.9,Zambia,2020-11-10,2020-12-21,2021-02-28,0.7119701463616331,Orange,1.4459925884680056,False,0,178,13,13,17.00714285714286,25.82857142857143,0,314,79.8,14,85.08333333333333,0.43398809523809523,226.47619047619048,1.6308630952380954,0.39008630952380957
c11_46,-10.3,31.1,Zambia,2020-11-10,2020-12-21,2021-02-28,0.6926918923256316,Orange,1.3849681042917752,False,0,172,14,14,17.19285714285714,25.857142857142858,0,323,82.3,13,84.62797619047619,0.4444940476190476,231.19345238095238,1.7637202380952381,0.3883303571428571
c11_47,-10.3,31.3,Zambia,2020-11-10,2020-12-21,2021-02-28,0.6440044846498405,Orange,1.3461063714846637,False,0,166,13,13,17.27857142857143,26.028571428571432,0,324,104.0,12,84.31547619047619,0.4556547619047619,225.66071428571428,1.7371428571428573,0.4040327380952381
c11_48,-10.3,31.5,Zambia,2020-11-10,2020-12-21,2021-02-28,0.6634443707490357,Orange,1.41155806623922,False,0,175,13,13,17.15,26.11428571428571,0,323,85.5,12,85.24107142857143,0.42973214285714284,223.6845238095238,1.6716964285714284,0.3918601190476191
c11_49,-10.3,31.7,Zambia,2020-11-11,2020-12-21,2021-02-28,0.6231138991844474,Orange,1.3824987294697664,False,0,170,14,14,17.499999999999996,26.47142857142858,0,330,106.09999999999998,11,84.22321428571429,0.4686011904761904,224.19345238095238,1.5776190476190475,0.39493750000000005
c11_50,-10.3,31.9,Zambia,2020-11-11,2020-12-21,2021-02-28,0.6104338369905171,Orange,1.2866558417023104,False,0,161,14,14,17.82857142857143,26.68571428571429,0,333,93.80000000000001,11,83.3125,0.49955357142857143,222.99404761904762,1.5817261904761906,0.39415476190476184
c11_51,-10.3,32.1,Zambia,2020-11-10,2020-12-21,2021-02-28,0.614656912471519,Orange,1.3254804427062419,False,0,166,14,14,17.53571428571429,26.285714285714285,0,334,90.69999999999999,11,84.14285714285714,0.46508928571428576,221.20238095238096,1.6995535714285717,0.3904464285714286
c11_52,-10.3,32.3,Zambia,2020-11-11,2020-12-21,2021-02-28,0.625118971064668,Orange,1.360498906741319,False,0,164,14,14,17.485714285714284,26.12142857142857,0,333,91.10000000000001,11,84.73511904761905,0.4433928571428572,225.0952380952381,1.823482142857143,0.38668749999999996
c11_53,-10.3,32.5,Zambia,2020-11-11,2020-12-21,2021-02-28,0.6439124850749791,Orange,1.8308720815550417,False,0,150,12,12,17.071428571428573,24.86428571428571,0,315,89.6,12,84.03869047619048,0.4372619047619048,224.3125,2.1539285714285716,0.36520238095238095
c11_54,-10.3,32.7,Zambia,2020-11-13,2020-12-21,2021-02-28,0.5075956952771911,Orange,1.1944184027394726,False,0,119,10,10,18.87142857142857,26.985714285714284,2,328,93.5,11,82.2202380952381,0.5516071428571429,226.56845238095238,1.5865178571428569,0.37092559523809526
c11_55,-10.3,32.9,Zambia,2020-11-13,2020-12-21,2021-02-28,0.5880684514760282,Orange,1.3052817693669663,False,0,142,12,12,19.87857142857143,28.46428571428572,3,320,71.5,8,82.73214285714286,0.5810119047619048,230.42857142857142,1.567767857142857,0.3601190476190476
c11_56,-10.3,33.1,Zambia,2020-11-13,2020-12-21,2021-02-28,0.4295254793782289,Yellow,1.23928112455187,False,0,83,8,8,19.800000000000004,27.921428571428574,3,323,73.9,10,79.14285714285714,0.6606250000000001,231.2797619047619,1.780982142857143,0.33493154761904764
c11_57,-10.3,33.3,Zambia,2020-11-13,2020-12-21,2021-02-28,0.8691195545723728,Red,1.9119247511028008,True,1,137,9,0,15.635714285714284,22.292857142857144,0,218,77.5,9,83.58333333333333,0.39607142857142863,229.32440476190476,1.9105654761904762,0.38119345238095237
c11_58,-10.3,33.5,Zambia,2020-11-13,2020-12-21,2021-02-28,0.64770528726172,Orange,1.8463946728788645,False,0,133,10,9,16.307142857142857,24.692857142857143,0,294,56.9,8,80.51488095238095,0.5308035714285715,221.70535714285714,1.697172619047619,0.33220833333333327
c11_59,-10.3,33.7,Malawi,2020-12-01,2020-12-21,2021-02-28,0.44557879050948435,Yellow,1.7533167479690384,False,0,79,7,6,16.685714285714287,24.92142857142857,0,314,46.2,9,78.44047619047619,0.5830952380952381,212.5922619047619,1.7571428571428571,0.31059523809523815
c11_60,-10.3,33.9,Malawi,2020-12-01,2020-12-21,2021-02-28,0.44951430580071866,Yellow,1.1585800160356805,False,0,105,9,9,19.028571428571432,26.407142857142855,0,333,101.8,11,79.3422619047619,0.6116666666666666,218.35119047619048,1.6401190476190477,0.3864107142857143
c11_61,-10.3,34.1,Malawi,2021-01-03,2021-01-10,2021-03-20,0.43576533568467435,Yellow,1.3720046504299148,False,0,54,2,2,21.9,28.25,1,328,40.79999999999999,10,79.94047619047619,0.6598511904761905,243.9672619047619,1.7720833333333335,0.4105922619047619
c12_34,-10.5,28.7,Zambia,2020-11-13,2020-12-21,2021-02-28,0.6365066606774178,Orange,1.3133788888835092,False,0,155,12,12,18.950000000000006,26.121428571428574,0,336,94.3,12,85.62202380952381,0.42607142857142855,214.13988095238096,1.6961904761904765,0.4619464285714286
c12_35,-10.5,28.9,Zambia,2020-11-13,2020-12-21,2021-02-28,0.6873922354535663,Orange,1.898862841626414,False,0,181,13,13,17.75,25.050000000000004,0,328,109.8,13,86.81845238095238,0.3766369047619048,208.32142857142858,1.9394642857142856,0.4687738095238095
c12_36,-10.5,29.1,Zambia,2020-11-13,2020-12-21,2021-02-28,0.6384653340620513,Orange,1.429717881051067,False,0,189,14,14,17.507142857142856,25.707142857142856,0,331,85.10000000000001,12,86.28571428571429,0.4011904761904762,211.60416666666666,1.8053869047619049,0.3734434523809524
c12_37,-10.5,29.3,Zambia,2020-11-11,2020-12-21,2021-02-28,0.6192564372233532,Orange,1.3329578360483483,False,0,160,14,14,17.735714285714288,25.65,0,331,90.2,11,83.96428571428571,0.46380952380952384,211.78869047619048,1.9517857142857142,0.3967440476190476
c12_38,-10.5,29.5,Zambia,2020-11-12,2020-12-21,2021-02-28,0.603682624813952,Orange,1.3148911546913933,False,0,165,13,13,17.62142857142857,26.435714285714287,0,329,84.0,11,83.83928571428571,0.4849107142857143,211.98809523809524,1.857172619047619,0.3968244047619048
c12_39,-10.5,29.7,Zambia,2020-11-11,2020-12-21,2021-02-28,0.5522851664161722,Orange,1.2616477568198095,False,0,147,11,11,17.535714285714285,27.02857142857143,0,322,98.89999999999999,11,82.82142857142857,0.5273511904761905,215.39583333333334,1.6499702380952381,0.3905
c12_40,-10.5,29.9,Zambia,2020-11-10,2020-12-21,2021-02-28,0.5617218313189434,Orange,1.2794546300680039,False,0,152,11,11,17.685714285714287,26.614285714285707,0,330,91.1,12,82.62797619047619,0.5211607142857142,220.59821428571428,1.6828273809523808,0.40116964285714285
c12_41,-10.5,30.1,Zambia,2020-11-11,2020-12-21,2021-02-28,0.6322308083831293,Orange,1.3517504944296488,False,0,178,13,13,17.300000000000004,26.42142857142857,0,321,103.0,12,83.69345238095238,0.4948214285714285,214.9672619047619,1.721607142857143,0.40413392857142855
c12_42,-10.5,30.3,Zambia,2020-11-11,2020-12-21,2021-02-28,0.6093899369653735,Orange,1.386824707781216,False,0,179,13,13,17.257142857142856,26.592857142857138,0,323,113.50000000000001,13,84.92857142857143,0.4579464285714286,213.10714285714286,1.6625595238095239,0.3929583333333333
c12_43,-10.5,30.5,Zambia,2020-11-10,2020-12-21,2021-02-28,0.6685071046873448,Orange,1.3939881302450312,False,0,174,14,14,17.157142857142855,26.3,0,321,87.49999999999999,11,85.03571428571429,0.4376190476190476,216.7172619047619,1.6080059523809522,0.3928720238095238
c12_44,-10.5,30.7,Zambia,2020-11-11,2020-12-21,2021-02-28,0.6217050859443363,Orange,1.3154150472233523,False,0,160,13,13,17.321428571428573,26.485714285714288,0,325,90.00000000000001,12,83.62797619047619,0.4870535714285714,222.08333333333334,1.615952380952381,0.38755059523809526
c12_45,-10.5,30.9,Zambia,2020-11-10,2020-12-21,2021-02-28,0.6285120202466604,Orange,1.3219293230508744,False,0,159,13,13,17.392857142857142,26.092857142857145,0,330,77.19999999999999,11,83.79166666666667,0.47119047619047616,224.18154761904762,1.6961904761904765,0.39090178571428574
c12_46,-10.5,31.1,Zambia,2020-11-11,2020-12-21,2021-02-28,0.6393384612490023,Orange,1.3553227945589943,False,0,166,13,13,17.285714285714285,26.06428571428572,0,328,90.40000000000002,11,84.625,0.45229166666666665,226.69345238095238,1.6060714285714286,0.3949583333333333
c12_47,-10.5,31.3,Zambia,2020-11-10,2020-12-21,2021-02-28,0.6422121468768346,Orange,1.3545254948567398,False,0,166,13,13,17.307142857142857,26.021428571428572,0,329,81.5,11,84.5,0.4579464285714285,225.55059523809524,1.5864285714285713,0.3934880952380952
c12_48,-10.5,31.5,Zambia,2020-11-11,2020-12-21,2021-02-28,0.6603208854995153,Orange,1.3905238579903194,False,0,180,14,14,17.442857142857143,26.27857142857143,0,332,72.9,10,84.82440476190476,0.4550595238095238,223.6279761904762,1.4860119047619047,0.39363690476190477
c12_49,-10.5,31.7,Zambia,2020-11-11,2020-12-21,2021-02-28,0.6405604117948164,Orange,1.3189846715111035,False,0,164,14,14,17.62142857142857,26.52142857142857,0,331,69.1,9,83.82440476190476,0.48553571428571424,222.57440476190476,1.5536309523809524,0.38753571428571426
c12_50,-10.5,31.9,Zambia,2020-11-11,2020-12-21,2021-02-28,0.612167385029612,Orange,1.3138145440579145,False,0,160,14,14,17.707142857142856,26.742857142857144,0,335,71.8,10,83.49107142857143,0.493422619047619,218.29464285714286,1.58875,0.39122321428571427
c12_51,-10.5,32.1,Zambia,2020-11-13,2020-12-21,2021-02-28,0.6490434149658976,Orange,1.399455372349503,False,0,167,14,14,17.4,25.88571428571429,0,329,69.5,10,84.62202380952381,0.4405654761904761,220.60416666666666,1.917738095238095,0.3776488095238095
c12_52,-10.5,32.3,Zambia,2020-11-13,2020-12-21,2021-02-28,0.6594039104132611,Orange,1.4470413947216052,False,0,179,14,14,17.17142857142857,25.607142857142858,0,329,78.69999999999999,11,85.36011904761905,0.41729166666666667,220.1577380952381,1.977440476190476,0.38548809523809524
c12_53,-10.5,32.5,Zambia,2020-11-13,2020-12-21,2021-02-28,0.5858196689993681,Orange,1.4977676068096255,False,0,153,13,13,17.43571428571429,25.41428571428571,0,330,108.0,13,84.82738095238095,0.4288392857142857,218.73511904761904,2.144375,0.37700297619047624
c12_54,-10.5,32.7,Zambia,2020-11-13,2020-12-21,2021-02-28,0.5495695140797342,Orange,1.2794525666904986,False,0,118,11,11,19.86428571428571,28.02857142857143,3,322,78.39999999999999,8,81.86904761904762,0.5979761904761904,225.0327380952381,1.3936011904761902,0.37730654761904764
c12_55,-10.5,32.9,Zambia,2020-11-13,2020-12-21,2021-02-28,0.571194842089062,Orange,1.3545182352519483,False,0,132,11,11,20.407142857142855,29.171428571428574,4,310,91.60000000000001,11,81.86904761904762,0.6280059523809524,228.39880952380952,1.637529761904762,0.3690208333333333
c12_56,-10.5,33.1,Zambia,2020-11-12,2020-12-21,2021-02-28,0.4658321488802809,Yellow,1.2275332274529598,False,0,94,8,8,20.08571428571429,27.742857142857144,2,324,56.2,9,79.25297619047619,0.6603869047619048,227.85416666666666,1.8144940476190479,0.34889583333333335
c12_57,-10.5,33.3,Zambia,2020-11-13,2020-12-21,2021-02-28,0.6078676166130697,Orange,1.7831718314901093,False,0,117,9,9,17.699999999999996,24.750000000000004,0,319,58.400000000000006,11,81.31547619047619,0.5133035714285714,226.3779761904762,1.6592261904761905,0.384
c12_58,-10.5,33.5,Zambia,2020-11-13,2020-12-21,2021-02-28,0.6339615699563959,Orange,1.3296109768668354,False,0,144,11,11,16.62142857142857,26.014285714285716,0,311,63.7,10,81.97619047619048,0.5281250000000001,221.29464285714286,1.4920535714285716,0.37281250000000005
c12_59,-10.5,33.7,Malawi,2020-11-13,2020-12-21,2021-02-28,0.7789815886602945,Red,1.8438764857873384,True,2,74,4,1,15.750000000000002,22.88571428571429,0,242,75.8,11,79.63690476190476,0.49351190476190476,206.9702380952381,1.335,0.47788690476190476
c12_60,-10.5,33.9,Malawi,2020-11-12,2020-12-21,2021-02-28,0.9806869564559001,Red,2.205066117736504,True,2,143,11,0,12.164285714285711,19.25714285714286,0,98,56.49999999999999,11,83.00892857142857,0.332172619047619,199.30357142857142,2.3012797619047616,0.395452380952381
c12_61,-10.5,34.1,Malawi,2020-12-28,2021-01-04,2021-03-14,0.4494906334245483,Yellow,1.3001662539499312,True,1,109,7,7,19.90714285714285,26.278571428571432,0,336,107.59999999999998,13,84.2202380952381,0.470922619047619,209.00892857142858,1.1764285714285716,0.3996696428571428
c13_34,-10.7,28.7,Zambia,2020-11-13,2020-12-21,2021-02-28,0.6663468698611533,Orange,1.3437133454735004,False,0,182,14,14,18.599999999999998,26.21428571428572,0,336,114.60000000000001,11,86.26190476190476,0.4068154761904762,210.61011904761904,1.611220238095238,0.4742738095238095
c13_35,-10.7,28.9,Zambia,2020-11-13,2020-12-21,2021-02-28,0.5946998727146647,Orange,1.2668773033507092,False,0,159,13,13,18.478571428571428,25.757142857142856,0,336,86.7,12,84.16666666666667,0.4591071428571428,210.69940476190476,1.7435416666666668,0.39389285714285716
c13_36,-10.7,29.1,Zambia,2020-11-11,2020-12-21,2021-02-28,0.6165495194158587,Orange,1.4067633723785362,False,0,183,14,14,17.714285714285715,25.685714285714283,0,336,75.1,10,85.28571428571429,0.4322619047619048,209.04761904761904,1.7384821428571429,0.375172619047619
c13_37,-10.7,29.3,Zambia,2020-11-11,2020-12-21,2021-02-28,0.6514781080062103,Orange,1.3744078195865863,False,0,176,14,14,17.52142857142857,26.014285714285716,0,327,79.0,11,85.38690476190476,0.42892857142857144,211.49107142857142,1.8488988095238095,0.3897678571428571
c13_38,-10.7,29.5,Zambia,2020-11-11,2020-12-21,2021-02-28,0.6241327436357123,Orange,1.3616304556952132,False,0,175,14,14,17.7,26.242857142857144,0,330,95.7,12,84.62797619047619,0.4602678571428572,213.58928571428572,1.826875,0.3947559523809524
c13_39,-10.7,29.7,Zambia,2020-11-11,2020-12-21,2021-02-28,0.5943943731317454,Orange,1.2914223346148541,False,0,164,14,14,17.914285714285715,26.335714285714285,0,333,108.39999999999999,12,84.2172619047619,0.4780357142857143,218.9077380952381,1.6985416666666668,0.3861547619047619
c13_40,-10.7,29.9,Zambia,2020-11-10,2020-12-21,2021-02-28,0.5931800415750654,Orange,1.3174820790743844,False,0,166,13,13,17.614285714285717,26.264285714285716,0,333,96.80000000000001,12,84.02083333333333,0.48035714285714287,220.36904761904762,1.7049404761904763,0.3900952380952381
c13_41,-10.7,30.1,Zambia,2020-11-10,2020-12-21,2021-02-28,0.5599698488869715,Orange,1.2380338133259912,False,0,149,11,11,17.864285714285714,26.307142857142853,0,332,79.7,11,82.5,0.5230654761904762,220.35119047619048,1.7474404761904758,0.39198214285714283
c13_42,-10.7,30.3,Zambia,2020-11-10,2020-12-21,2021-02-28,0.5945571423927002,Orange,1.2762587652999764,False,0,162,12,12,17.485714285714288,26.6,0,328,82.5,12,82.98809523809524,0.5179166666666667,222.2172619047619,1.6688988095238095,0.3868273809523809
c13_43,-10.7,30.5,Zambia,2020-11-10,2020-12-21,2021-02-28,0.5593517152064549,Orange,1.2800026738738823,False,0,147,12,12,17.635714285714283,26.528571428571432,0,330,85.30000000000003,11,82.6875,0.5188095238095238,221.1220238095238,1.6110119047619047,0.3705535714285714
c13_44,-10.7,30.7,Zambia,2020-11-10,2020-12-21,2021-02-28,0.6076207457933525,Orange,1.3010980251018203,False,0,154,12,12,17.400000000000006,26.61428571428572,0,326,76.30000000000001,11,83.16964285714286,0.5058928571428571,221.7827380952381,1.5986011904761905,0.3916547619047619
c13_45,-10.7,30.9,Zambia,2020-11-11,2020-12-21,2021-02-28,0.6225444298157761,Orange,1.284207643648829,False,0,156,13,13,17.585714285714285,26.264285714285716,0,332,65.9,10,83.03869047619048,0.4983630952380952,221.51785714285714,1.653184523809524,0.395172619047619
c13_46,-10.7,31.1,Zambia,2020-11-11,2020-12-21,2021-02-28,0.6243375469897807,Orange,1.3553575163636569,False,0,162,13,13,17.35,26.114285714285717,0,333,67.0,10,84.38988095238095,0.45931547619047614,220.69642857142858,1.588452380952381,0.38876190476190475
c13_47,-10.7,31.3,Zambia,2020-11-11,2020-12-21,2021-02-28,0.6491702110569783,Orange,1.333809175717453,False,0,168,14,14,17.42142857142857,26.25714285714286,0,330,78.1,13,84.18452380952381,0.4695238095238095,217.64285714285714,1.4252678571428572,0.39392261904761905
c13_48,-10.7,31.5,Zambia,2020-11-11,2020-12-21,2021-02-28,0.6712849057568095,Orange,1.3761086597418726,False,0,182,14,14,17.25714285714286,26.121428571428574,0,327,79.19999999999999,12,85.27083333333333,0.4330059523809524,214.64285714285714,1.4592559523809525,0.39973214285714287
c13_49,-10.7,31.7,Zambia,2020-11-11,2020-12-21,2021-02-28,0.6869482028002742,Orange,1.4301512340628306,False,0,184,14,14,17.435714285714287,26.371428571428574,0,329,57.099999999999994,10,85.39880952380952,0.4389583333333333,221.25595238095238,1.4842857142857142,0.3931071428571429
c13_50,-10.7,31.9,Zambia,2020-11-11,2020-12-21,2021-02-28,0.6923471162968173,Orange,1.8613857014136943,False,0,173,14,14,17.035714285714285,25.242857142857144,0,320,62.099999999999994,10,85.35714285714286,0.4076785714285714,216.90178571428572,1.9220535714285714,0.3701785714285714
c13_51,-10.7,32.1,Zambia,2020-11-13,2020-12-21,2021-02-28,0.6868809330507823,Orange,1.5661981690674882,False,0,182,14,14,17.257142857142856,25.428571428571427,0,323,64.3,11,85.86607142857143,0.399672619047619,216.92857142857142,2.195267857142857,0.3746011904761905
c13_52,-10.7,32.3,Zambia,2020-11-13,2020-12-21,2021-02-28,0.6384352304990716,Orange,1.3907287470820562,False,0,167,14,14,17.649999999999995,26.12857142857143,0,333,74.8,13,85.04464285714286,0.436845238095238,220.17857142857142,2.04422619047619,0.3855386904761905
c13_53,-10.7,32.5,Zambia,2020-11-13,2020-12-21,2021-02-28,0.5210192111668189,Orange,1.3303992550333104,False,0,145,11,11,18.442857142857143,26.392857142857146,0,336,96.49999999999999,11,84.68452380952381,0.4549404761904762,213.4970238095238,2.0345535714285714,0.38806845238095233
c13_54,-10.7,32.7,Zambia,2020-11-13,2020-12-21,2021-02-28,0.5264159366696045,Orange,1.2556065149788191,False,0,117,10,10,19.928571428571427,27.900000000000002,3,322,84.2,12,82.28571428571429,0.5734821428571428,221.6875,1.529404761904762,0.3719613095238095
c13_55,-10.7,32.9,Zambia,2020-11-13,2020-12-21,2021-02-28,0.5546513602817712,Orange,1.3030725872739053,False,0,132,11,11,20.157142857142862,28.31428571428571,3,323,79.3,9,82.99404761904762,0.5638690476190477,229.42559523809524,1.8323809523809527,0.3694732142857143
c13_56,-10.7,33.1,Zambia,2020-11-13,2020-12-21,2021-02-28,0.5102518654043297,Orange,1.2828700060531122,False,0,96,10,10,20.12857142857143,27.942857142857143,2,323,58.60000000000001,8,80.64285714285714,0.625625,230.60714285714286,1.8966964285714285,0.34546428571428567
c13_57,-10.7,33.3,Zambia,2020-11-13,2020-12-21,2021-02-28,0.5470855834903876,Orange,1.2868652556699696,False,0,143,11,11,18.007142857142856,26.549999999999994,0,334,46.900000000000006,7,83.08630952380952,0.5126190476190476,232.3720238095238,1.6245238095238097,0.32692857142857146
c13_58,-10.7,33.5,Zambia,2020-11-13,2020-12-21,2021-02-28,0.6574724161654081,Orange,1.7966549969138077,False,0,110,9,9,17.064285714285713,25.128571428571426,0,298,64.4,11,81.41071428571429,0.5111309523809523,226.80059523809524,1.8216071428571428,0.37866964285714283
c13_59,-10.7,33.7,Malawi,2020-11-13,2020-12-21,2021-02-28,0.9540994701755213,Red,2.191403823035627,True,2,130,11,0,13.578571428571431,20.949999999999996,0,141,108.00000000000001,13,83.49107142857143,0.35422619047619053,213.27380952380952,2.220982142857143,0.3969285714285714
c13_60,-10.7,33.9,Malawi,2020-11-29,2020-12-21,2021-02-28,0.9841595713618695,Red,2.188188621810911,True,2,110,7,0,12.564285714285715,19.20714285714286,0,92,51.599999999999994,14,82.67857142857143,0.3342559523809524,205.5654761904762,2.6613988095238095,0.47425000000000006
c13_61,-10.7,34.1,Malawi,2020-12-01,2020-12-21,2021-02-28,0.4945007354656054,Yellow,1.7924631559029631,True,1,103,7,7,16.685714285714287,25.142857142857146,0,311,148.1,11,83.0327380952381,0.45863095238095236,213.07738095238096,1.0882142857142856,0.41088988095238094
c14_34,-10.9,28.7,Zambia,2020-11-13,2020-12-21,2021-02-28,0.5841299288952451,Orange,1.3092447058467014,False,0,161,13,13,18.33571428571429,25.714285714285715,0,336,90.60000000000001,13,85.2827380952381,0.4214880952380953,204.95238095238096,1.7822023809523808,0.3872648809523809
c14_35,-10.9,28.9,Zambia,2020-11-13,2020-12-21,2021-02-28,0.6385710629715581,Orange,1.8345818026987257,False,0,179,14,14,17.45714285714286,25.20714285714286,0,329,94.60000000000001,12,85.23809523809524,0.41744047619047614,209.60119047619048,1.9028869047619044,0.3876339285714286
c14_36,-10.9,29.1,Zambia,2020-11-11,2020-12-21,2021-02-28,0.6310035118537903,Orange,1.668109536090206,False,0,167,14,14,17.55,25.407142857142855,0,330,86.8,11,84.25595238095238,0.4463690476190476,214.95535714285714,2.1798809523809526,0.3890922619047619
c14_37,-10.9,29.3,Zambia,2020-11-11,2020-12-21,2021-02-28,0.6542112399011447,Orange,1.4216467596304478,False,0,180,14,14,17.478571428571424,25.628571428571423,0,329,86.00000000000001,12,85.23214285714286,0.4283035714285714,219.0625,1.975,0.38593154761904763
c14_38,-10.9,29.5,Zambia,2020-11-10,2020-12-21,2021-02-28,0.6353832304938523,Orange,1.4327013027785633,False,0,174,14,14,17.721428571428568,25.72857142857143,0,334,86.2,11,85.32738095238095,0.43309523809523814,220.45535714285714,1.904464285714286,0.38722321428571427
c14_39,-10.9,29.7,Zambia,2020-11-10,2020-12-21,2021-02-28,0.6118751665805333,Orange,1.2824651810459906,False,0,153,14,14,18.142857142857142,25.98571428571429,0,336,100.1,12,83.80952380952381,0.4745535714285714,227.90178571428572,1.948720238095238,0.39494047619047623
c14_41,-10.9,30.1,Zambia,2020-11-10,2020-12-21,2021-02-28,0.5923982772767578,Orange,1.3103990611763014,False,0,148,13,13,17.75,26.45,0,333,91.39999999999999,12,83.07738095238095,0.5070535714285714,221.2202380952381,1.6931547619047622,0.4022470238095238
c14_42,-10.9,30.3,Zambia,2020-11-10,2020-12-21,2021-02-28,0.6289140012520544,Orange,1.4083472303873215,False,0,185,13,13,17.335714285714285,26.35714285714286,0,331,80.19999999999997,11,84.2202380952381,0.4802083333333333,217.97916666666666,1.6818154761904762,0.40050892857142856
c14_43,-10.9,30.5,Zambia,2020-11-10,2020-12-21,2021-02-28,0.5897682075902013,Orange,1.292913299113566,False,0,154,13,13,17.635714285714286,26.56428571428571,0,335,70.29999999999998,12,83.08928571428571,0.5061011904761905,218.35714285714286,1.6562202380952382,0.3850297619047619
c14_44,-10.9,30.7,Zambia,2020-11-10,2020-12-21,2021-02-28,0.6059667233954272,Orange,1.319011609611223,False,0,159,13,13,17.707142857142856,26.65,0,333,80.30000000000001,12,83.35714285714286,0.49755952380952384,219.58928571428572,1.5490178571428572,0.3983571428571429
c14_45,-10.9,30.9,Zambia,2020-11-10,2020-12-21,2021-02-28,0.6066199747360712,Orange,1.319037254249195,False,0,158,13,13,17.542857142857148,26.485714285714288,0,332,76.8,11,83.7827380952381,0.48291666666666666,220.1547619047619,1.547857142857143,0.3868690476190476
c14_46,-10.9,31.1,Zambia,2020-11-10,2020-12-21,2021-02-28,0.6296871490439644,Orange,1.3131970572963776,False,0,162,14,14,17.500000000000004,26.5,0,329,86.4,11,83.92559523809524,0.4758630952380952,214.0595238095238,1.514672619047619,0.40131845238095243
c14_47,-10.9,31.3,Zambia,2020-11-11,2020-12-21,2021-02-28,0.6741121773516788,Orange,1.3390718702057962,False,0,164,14,14,17.09285714285714,25.764285714285712,0,325,63.9,12,84.44642857142857,0.4430952380952381,211.34821428571428,1.59,0.3962529761904762
c14_48,-10.9,31.5,Zambia,2020-11-11,2020-12-21,2021-02-28,0.7401850778692741,Orange,1.8751539439447977,False,0,161,14,13,16.67142857142857,24.821428571428573,0,304,56.89999999999999,11,84.82142857142857,0.410625,207.49404761904762,1.7993749999999997,0.3882113095238095
c14_49,-10.9,31.7,Zambia,2020-11-11,2020-12-21,2021-02-28,0.7462086784311258,Orange,1.8847263078476024,False,0,161,14,13,16.742857142857144,24.642857142857142,0,302,64.4,12,84.32738095238095,0.4199404761904762,211.3452380952381,2.015595238095238,0.39049107142857137
c14_50,-10.9,31.9,Zambia,2020-11-13,2020-12-21,2021-02-28,0.7522575039244014,Red,1.9163039032359737,False,0,175,14,14,16.821428571428566,24.542857142857148,0,300,51.49999999999999,12,84.64583333333333,0.4121428571428571,210.0595238095238,2.2201190476190478,0.3556071428571429
c14_51,-10.9,32.1,Zambia,2020-11-13,2020-12-21,2021-02-28,0.6423980243420305,Orange,1.4321629244747482,False,0,175,14,14,17.378571428571426,25.514285714285712,0,324,81.5,12,85.35119047619048,0.41440476190476194,212.9970238095238,2.074464285714286,0.35713690476190474
c14_52,-10.9,32.3,Zambia,2020-11-30,2020-12-21,2021-02-28,0.6378210931310523,Orange,1.409603178989133,False,0,189,14,14,17.4,25.921428571428567,0,326,92.89999999999999,12,86.56547619047619,0.3931547619047619,206.73809523809524,1.8412500000000003,0.3747648809523809
c14_53,-10.9,32.5,Zambia,2020-12-01,2020-12-21,2021-02-28,0.554763232136464,Orange,1.3451682116352006,False,0,162,11,11,18.464285714285715,26.84285714285715,0,331,90.3,13,85.32440476190476,0.4490773809523809,210.39880952380952,1.9849702380952383,0.3893184523809523
c14_54,-10.9,32.7,Zambia,2020-11-13,2020-12-21,2021-02-28,0.510351224101462,Orange,1.2737615883006996,False,0,123,10,10,20.242857142857144,28.071428571428573,3,325,85.39999999999999,10,82.7797619047619,0.5599999999999999,218.63690476190476,1.686190476190476,0.37571726190476196
c14_55,-10.9,32.9,Zambia,2020-11-13,2020-12-21,2021-02-28,0.6176139248910597,Orange,1.404514980079342,False,0,123,11,11,20.814285714285713,28.871428571428577,3,305,67.0,10,82.19642857142857,0.6140178571428572,230.55654761904762,1.5460416666666668,0.3509553571428572
c14_56,-10.9,33.1,Zambia,2020-12-01,2020-12-21,2021-02-28,0.5492472593710869,Orange,1.3018258894186368,False,0,105,10,10,20.585714285714285,28.264285714285712,2,315,63.0,9,80.89285714285714,0.6369642857142856,232.67559523809524,1.6101488095238095,0.33979464285714284
c14_57,-10.9,33.3,Malawi,2020-11-13,2020-12-21,2021-02-28,0.5957384972119167,Orange,1.364269412237152,False,0,131,11,11,18.0,25.492857142857144,0,334,48.2,11,83.76785714285714,0.463422619047619,231.11309523809524,1.7932142857142856,0.35965476190476187
c14_58,-10.9,33.5,Malawi,2020-11-13,2020-12-21,2021-02-28,0.45671082718498884,Yellow,1.2362843410011919,False,0,93,7,7,17.7,25.621428571428574,0,330,57.49999999999999,9,81.1875,0.530327380952381,233.1875,2.1019940476190477,0.3394464285714286
c14_59,-10.9,33.7,Malawi,2020-12-01,2020-12-21,2021-02-28,0.6382504252653515,Orange,1.381222194384623,False,0,95,10,8,16.642857142857142,25.507142857142856,0,292,41.9,9,78.63392857142857,0.5877083333333333,235.72619047619048,1.939136904761905,0.3272202380952381
c14_60,-10.9,33.9,Malawi,2020-12-01,2020-12-21,2021-02-28,0.8154874952290344,Red,1.8580768154763496,True,1,85,7,1,15.542857142857144,23.071428571428566,0,223,71.7,11,79.33928571428571,0.4926488095238095,222.88392857142858,1.7957142857142858,0.38643452380952376
c14_61,-10.9,34.1,Malawi,2020-12-01,2020-12-21,2021-02-28,0.8808606609414219,Red,1.8704683264539048,True,2,149,11,3,15.657142857142857,23.414285714285715,0,237,45.800000000000004,9,82.03571428571429,0.464047619047619,212.6845238095238,1.3118452380952381,0.4593363095238095
c15_11,-11.1,24.1,Zambia,2020-11-22,2020-12-21,2021-02-28,0.5995347933058882,Orange,1.264120891127571,False,0,154,13,13,17.4,26.849999999999998,0,320,107.79999999999998,10,82.39880952380952,0.5357440476190476,226.52083333333334,1.8110416666666667,0.3833958333333333
c15_12,-11.1,24.3,Zambia,2020-11-22,2020-12-21,2021-02-28,0.6848351574456143,Orange,1.3328279503403417,False,0,155,13,13,16.95,26.178571428571427,0,314,119.39999999999999,10,82.52083333333333,0.5168154761904761,223.20833333333334,1.9619940476190476,0.47783333333333333
c15_33,-11.1,28.5,Zambia,2020-11-30,2020-12-21,2021-02-28,0.6655216765659053,Orange,1.4634152599219588,False,0,200,14,14,18.52857142857143,26.678571428571427,0,336,125.40000000000002,13,87.36309523809524,0.39199404761904766,209.27380952380952,1.4055654761904761,0.47178869047619054
c15_34,-11.1,28.7,Zambia,2020-11-30,2020-12-21,2021-02-28,0.6170063826554663,Orange,1.3930564762925726,False,0,188,14,14,17.835714285714285,25.77142857142857,0,334,111.4,13,86.67261904761905,0.39645833333333336,208.08035714285714,1.7695238095238093,0.39599702380952384
c15_35,-11.1,28.9,Zambia,2020-12-01,2020-12-21,2021-02-28,0.623609652370525,Orange,1.7668431578590602,False,0,156,13,13,17.835714285714285,25.114285714285717,0,329,74.89999999999999,10,84.8452380952381,0.42464285714285716,213.32142857142858,2.141577380952381,0.3788660714285714
c15_36,-11.1,29.1,Zambia,2020-11-11,2020-12-21,2021-02-28,0.6312029553963046,Orange,1.774772603870556,False,0,155,13,13,17.635714285714286,25.349999999999998,0,325,91.7,11,84.96130952380952,0.42848214285714287,216.9047619047619,2.1500595238095235,0.390077380952381
c15_37,-11.1,29.3,Zambia,2020-11-11,2020-12-21,2021-02-28,0.5515621482451595,Orange,1.2612218847568257,False,0,136,11,11,18.192857142857143,25.97142857142857,0,336,77.60000000000001,13,82.6875,0.5054166666666666,223.16666666666666,1.972529761904762,0.3865386904761905
c15_38,-11.1,29.5,Zambia,2020-11-10,2020-12-21,2021-02-28,0.6485677279693874,Orange,1.414609814792878,False,0,171,14,14,17.79285714285714,25.95,0,332,84.39999999999999,12,85.18452380952381,0.4396726190476191,224.91964285714286,1.9433035714285716,0.3876875
c15_41,-11.1,30.1,Zambia,2020-11-10,2020-12-21,2021-02-28,0.5199817649767212,Orange,1.2250931079625214,False,0,124,12,12,18.32857142857143,26.171428571428574,0,336,90.2,11,81.86011904761905,0.5375595238095239,224.67857142857142,1.957797619047619,0.36523809523809525
c15_42,-11.1,30.3,Zambia,2020-11-10,2020-12-21,2021-02-28,0.5407629668752504,Orange,1.2450221220528195,False,0,145,13,13,18.171428571428567,26.15714285714285,0,336,103.19999999999999,10,82.33630952380952,0.5214285714285714,222.2202380952381,1.9227083333333332,0.374952380952381
c15_43,-11.1,30.5,Zambia,2020-11-10,2020-12-21,2021-02-28,0.5377471891432403,Orange,1.3008642196553584,False,0,166,13,13,17.70714285714286,26.485714285714288,0,334,134.3,12,83.2797619047619,0.5028869047619048,218.64583333333334,1.696547619047619,0.3929107142857144
c15_44,-11.1,30.7,Zambia,2020-11-10,2020-12-21,2021-02-28,0.6446298761301767,Orange,1.3966242164952447,False,0,180,14,14,17.271428571428572,26.47142857142857,0,329,79.39999999999999,12,85.07440476190476,0.4488690476190476,211.42559523809524,1.6014285714285716,0.3969196428571429
c15_45,-11.1,30.9,Zambia,2020-11-10,2020-12-21,2021-02-28,0.650886873859386,Orange,1.30714848110635,False,0,163,14,14,17.5,26.150000000000002,0,330,67.5,12,84.0625,0.465922619047619,216.88392857142858,1.6142261904761905,0.39078869047619047
c15_46,-11.1,31.1,Zambia,2020-11-10,2020-12-21,2021-02-28,0.642420578663949,Orange,1.2950063181949485,False,0,164,14,14,17.178571428571427,25.87857142857143,0,329,71.0,10,83.66964285714286,0.4689583333333333,214.00892857142858,1.704970238095238,0.39379464285714283
c15_47,-11.1,31.3,Zambia,2020-11-10,2020-12-21,2021-02-28,0.6785407431487048,Orange,1.3125352771713246,False,0,157,14,14,17.1,25.650000000000002,0,320,54.6,9,83.48809523809524,0.4696428571428572,210.30654761904762,1.5905357142857146,0.38639285714285715
c15_48,-11.1,31.5,Zambia,2020-11-11,2020-12-21,2021-02-28,0.7882314288651652,Red,1.9144100830769102,False,0,174,14,14,16.492857142857144,24.67142857142857,0,290,61.0,11,84.92857142857143,0.4063690476190476,206.59821428571428,1.8718452380952382,0.3884613095238096
c15_49,-11.1,31.7,Zambia,2020-11-11,2020-12-21,2021-02-28,0.7939950664872775,Red,1.9167243477330467,False,0,167,14,10,16.271428571428576,23.778571428571436,0,275,82.6,12,84.80654761904762,0.39383928571428567,203.23214285714286,2.114970238095238,0.3929613095238096
c15_50,-11.1,31.9,Zambia,2020-11-11,2020-12-21,2021-02-28,0.7492962160257072,Orange,1.880423433485497,True,1,153,14,8,16.407142857142855,23.607142857142858,0,272,100.9,11,84.70535714285714,0.38752976190476185,199.92559523809524,2.654315476190476,0.3749077380952381
c15_51,-11.1,32.1,Zambia,2020-11-30,2020-12-21,2021-02-28,0.5737508658104786,Orange,1.7770451843965185,False,0,154,12,12,17.557142857142857,25.271428571428572,0,326,80.19999999999999,13,84.75297619047619,0.42532738095238104,204.04166666666666,2.136279761904762,0.35485714285714287
c15_52,-11.1,32.3,Zambia,2020-11-13,2020-12-21,2021-02-28,0.4842938135067125,Yellow,1.3348934098513354,False,0,151,10,10,18.164285714285715,25.985714285714284,0,336,100.0,12,85.13690476190476,0.43458333333333327,200.61309523809524,1.996934523809524,0.38325297619047627
c15_53,-11.1,32.5,Zambia,2020-11-30,2020-12-21,2021-02-28,0.4618054317553986,Yellow,1.342084004266318,False,0,127,9,9,20.17142857142857,27.435714285714287,2,326,124.79999999999998,12,84.33035714285714,0.49205357142857137,204.01785714285714,1.9279166666666665,0.39612500000000006
c15_54,-11.1,32.7,Zambia,2020-12-01,2020-12-21,2021-02-28,0.5558590740551658,Orange,1.307971383058554,False,0,126,11,11,20.521428571428572,28.028571428571432,2,325,81.19999999999999,12,83.4702380952381,0.5352678571428572,218.4702380952381,1.819761904761905,0.38193750000000004
c15_55,-11.1,32.9,Zambia,2020-11-30,2020-12-21,2021-02-28,0.6368354381566151,Orange,1.4275758308563853,False,0,144,12,12,21.03571428571428,28.842857142857145,3,306,84.6,11,83.13392857142857,0.5839285714285714,229.46428571428572,1.5542559523809525,0.3546636904761905
c15_56,-11.1,33.1,Zambia,2020-11-30,2020-12-21,2021-02-28,0.5690663919214819,Orange,1.3371172422011248,False,0,110,10,10,20.82857142857143,28.507142857142863,3,316,44.6,11,81.79761904761905,0.6092559523809524,230.50595238095238,1.694404761904762,0.33955357142857145
c15_57,-11.1,33.3,Zambia,2020-11-14,2020-12-21,2021-02-28,0.527490993027669,Orange,1.2254083985555593,False,0,110,10,10,18.628571428571426,25.78571428571429,0,336,58.099999999999994,11,82.90178571428571,0.4958333333333334,229.93154761904762,1.8257440476190478,0.34769345238095234
c15_58,-11.1,33.5,Malawi,2020-11-13,2020-12-21,2021-02-28,0.5492050042890455,Orange,1.2462106756907465,False,0,126,12,12,18.050000000000004,26.442857142857143,0,333,46.600000000000016,8,82.41071428571429,0.529047619047619,228.5029761904762,1.8158333333333334,0.32723511904761904
c15_59,-11.1,33.7,Malawi,2020-12-01,2020-12-21,2021-02-28,0.5117074063492436,Orange,1.251286596132058,False,0,113,11,11,17.6,26.44285714285714,0,329,43.2,8,80.26190476190476,0.583452380952381,234.39285714285714,2.0316071428571427,0.30571130952380954
c15_60,-11.1,33.9,Malawi,2020-12-01,2020-12-21,2021-02-28,0.4450600304179401,Yellow,1.2137496413751332,True,1,99,8,8,17.535714285714285,26.028571428571432,0,330,42.900000000000006,8,79.19047619047619,0.6015178571428572,224.0327380952381,1.3389583333333333,0.31409821428571433
c15_61,-11.1,34.1,Malawi,2020-12-01,2020-12-21,2021-02-28,0.8340775546797464,Red,1.9084070089770657,False,0,138,9,6,16.47142857142857,23.685714285714287,0,255,88.80000000000001,11,83.26785714285714,0.4333630952380952,216.8779761904762,1.6176488095238095,0.47274404761904765
c16_11,-11.3,24.1,Zambia,2020-11-22,2020-12-21,2021-02-28,0.6256993504994279,Orange,1.35661801287844,False,0,153,11,11,16.807142857142857,25.971428571428564,0,306,118.09999999999998,10,81.86011904761905,0.5297023809523809,227.3125,1.909613095238095,0.39927976190476194
c16_12,-11.3,24.3,Zambia,2020-11-22,2020-12-21,2021-02-28,0.7047387456459264,Orange,1.8474618100313633,False,0,149,12,9,16.314285714285713,25.028571428571432,0,284,114.3,10,82.95238095238095,0.4696130952380952,225.8720238095238,2.2217261904761907,0.3875357142857143
c16_15,-11.3,24.9,Zambia,2020-11-22,2020-12-21,2021-02-28,0.8299354409741116,Red,1.4877625625268613,False,0,180,14,14,16.47857142857143,25.571428571428577,0,290,66.7,11,84.18154761904762,0.45482142857142854,222.06845238095238,2.228660714285714,0.4729613095238096
c16_16,-11.3,25.1,Zambia,2020-11-23,2020-12-21,2021-02-28,0.8021685209306647,Red,1.7769054589698048,False,0,183,14,14,16.62142857142857,25.39285714285714,0,286,62.400000000000006,10,84.4375,0.4448511904761905,220.08333333333334,2.2421726190476194,0.3917142857142857
c16_33,-11.3,28.5,Zambia,2020-11-13,2020-12-21,2021-02-28,0.6709984191896684,Orange,1.461884283620562,False,0,196,14,14,18.221428571428568,26.50714285714286,0,336,122.8,13,87.2797619047619,0.39273809523809516,209.14880952380952,1.4602083333333333,0.48092261904761907
c16_34,-11.3,28.7,Zambia,2020-11-14,2020-12-21,2021-02-28,0.635743710465009,Orange,1.4373540462439396,False,0,198,14,14,17.442857142857143,25.650000000000002,0,332,101.8,12,86.80357142857143,0.3922321428571428,211.30357142857142,1.7314285714285713,0.38603571428571426
c16_35,-11.3,28.9,Zambia,2020-11-10,2020-12-21,2021-02-28,0.6283766128689413,Orange,1.8345518565793433,False,0,167,14,14,17.67142857142857,25.214285714285715,0,333,91.6,11,85.1577380952381,0.42235119047619046,217.27678571428572,1.9767261904761904,0.38398511904761906
c16_36,-11.3,29.1,Zambia,2020-11-30,2020-12-21,2021-02-28,0.6375965022487357,Orange,1.7907508512901926,False,0,169,13,13,17.778571428571432,25.314285714285713,0,328,95.10000000000001,12,85.0625,0.42491071428571425,220.85714285714286,2.150297619047619,0.39178571428571424
c16_37,-11.3,29.3,Zambia,2020-11-11,2020-12-21,2021-02-28,0.6051297498460868,Orange,1.374934170965111,False,0,173,14,14,17.95714285714286,25.99285714285714,0,334,122.60000000000001,12,85.13988095238095,0.4407440476190476,224.83630952380952,1.9817261904761905,0.39326785714285706
c16_38,-11.3,29.5,Zambia,2020-11-10,2020-12-21,2021-02-28,0.6074885545910831,Orange,1.2918471467962087,False,0,164,14,14,18.37142857142857,25.985714285714288,0,335,111.60000000000001,12,84.19345238095238,0.4683630952380953,225.875,1.899672619047619,0.3902440476190477
c16_41,-11.3,30.1,Zambia,2020-11-10,2020-12-21,2021-02-28,0.44796917600376324,Yellow,1.2026769626239118,False,0,151,13,13,18.035714285714285,26.321428571428573,0,336,95.39999999999999,11,82.77083333333333,0.5247619047619048,213.83333333333334,1.8526785714285714,0.2704077380952381
c16_42,-11.3,30.3,Zambia,2020-11-10,2020-12-21,2021-02-28,0.4820143953603307,Yellow,1.2212484467070712,False,0,139,11,11,18.19285714285714,26.67142857142857,0,335,93.10000000000001,12,81.82142857142857,0.5487797619047619,209.08928571428572,1.8426785714285714,0.37441071428571426
c16_43,-11.3,30.5,Zambia,2020-11-10,2020-12-21,2021-02-28,0.5746880997581707,Orange,1.2708070127977384,False,0,161,14,14,17.84285714285714,26.12142857142857,0,336,89.39999999999999,12,83.86011904761905,0.4775595238095238,214.96428571428572,1.8402083333333332,0.3632410714285714
c16_44,-11.3,30.7,Zambia,2020-11-10,2020-12-21,2021-02-28,0.6025825621508787,Orange,1.244357684875469,False,0,155,14,14,17.814285714285717,26.228571428571428,0,335,80.89999999999999,12,83.3452380952381,0.4910119047619048,211.85119047619048,1.7382142857142857,0.39591071428571434
c16_45,-11.3,30.9,Zambia,2020-11-10,2020-12-21,2021-02-28,0.676771303826202,Orange,1.4086151326328473,False,0,184,14,14,17.135714285714283,25.97857142857143,0,323,85.19999999999999,13,85.19642857142857,0.434077380952381,211.30654761904762,1.654672619047619,0.4030863095238096
c16_46,-11.3,31.1,Zambia,2020-11-11,2020-12-21,2021-02-28,0.685994780351063,Orange,1.3949426668386864,False,0,174,14,14,16.99285714285714,25.628571428571426,0,322,67.5,12,84.76190476190476,0.4323214285714285,209.91964285714286,1.7579761904761904,0.3983541666666667
c16_47,-11.3,31.3,Zambia,2020-11-11,2020-12-21,2021-02-28,0.7169262804534705,Orange,1.8534641746882234,False,0,170,14,14,16.79285714285714,25.12142857142857,0,314,55.699999999999996,12,84.65178571428571,0.41940476190476195,207.5327380952381,1.8515773809523812,0.38877380952380947
c16_48,-11.3,31.5,Zambia,2020-11-11,2020-12-21,2021-02-28,0.7820724140642944,Red,1.9705147386148647,False,0,175,14,8,16.32857142857143,24.13571428571429,0,279,68.0,13,85.35714285714286,0.37851190476190477,204.82440476190476,2.1245238095238097,0.38075297619047616
c16_49,-11.3,31.7,Zambia,2020-11-11,2020-12-21,2021-02-28,0.8515213774248458,Red,2.268339567265714,False,0,189,14,9,16.192857142857143,23.957142857142863,0,256,61.800000000000004,11,86.21130952380952,0.3587202380952381,202.63095238095238,2.3377083333333335,0.3873184523809524
c16_50,-11.3,31.9,Zambia,2020-11-11,2020-12-21,2021-02-28,0.7579544267811386,Red,1.883853273164304,False,0,157,12,10,16.62142857142857,24.035714285714285,0,280,67.1,11,84.99404761904762,0.390625,201.42857142857142,2.5115773809523807,0.38259226190476187
c16_51,-11.3,32.1,Zambia,2020-11-13,2020-12-21,2021-02-28,0.5045957981075871,Orange,1.3272135959869475,False,0,151,10,10,18.142857142857142,26.092857142857138,0,336,77.9,12,84.6547619047619,0.445,200.29464285714286,1.806815476190476,0.3793452380952381
c16_52,-11.3,32.3,Zambia,2020-12-01,2020-12-21,2021-02-28,0.532817305906358,Orange,1.332888191887035,False,0,159,10,10,18.771428571428572,26.871428571428574,2,328,76.60000000000001,11,85.50297619047619,0.44729166666666664,200.61011904761904,1.7811011904761902,0.3815327380952381
c16_53,-11.3,32.5,Zambia,2020-12-01,2020-12-21,2021-02-28,0.5272624204722671,Orange,1.3067453860212161,False,0,134,11,11,20.464285714285715,27.664285714285718,1,331,71.1,10,83.5625,0.5258928571428572,209.86309523809524,1.5322619047619046,0.36224999999999996
c16_54,-11.3,32.7,Zambia,2020-12-01,2020-12-21,2021-02-28,0.5642474622246378,Orange,1.3484365412950212,False,0,137,11,11,20.692857142857143,28.264285714285712,2,326,80.3,12,84.17559523809524,0.5221130952380952,218.4375,1.6561011904761906,0.38156249999999997
c16_55,-11.3,32.9,Zambia,2020-12-01,2020-12-21,2021-02-28,0.6118296726202005,Orange,1.378205389464797,False,0,149,12,12,20.900000000000002,28.685714285714283,3,315,82.90000000000002,10,84.06547619047619,0.5464285714285715,224.35119047619048,1.5628869047619052,0.3640089285714286
c16_56,-11.3,33.1,Zambia,2020-11-30,2020-12-21,2021-02-28,0.5723407873498282,Orange,1.31357659151547,False,0,111,10,10,20.707142857142856,28.27142857142857,3,318,40.8,9,82.50595238095238,0.5820535714285714,224.77083333333334,1.563392857142857,0.3520416666666667
c16_57,-11.3,33.3,Zambia,2020-11-29,2020-12-21,2021-02-28,0.6091803699336336,Orange,1.3295756056930599,False,0,142,13,13,18.47857142857143,25.778571428571432,0,336,49.400000000000006,9,84.375,0.4556547619047619,224.6577380952381,1.8261607142857141,0.3515595238095238
c16_58,-11.3,33.5,Malawi,2020-12-01,2020-12-21,2021-02-28,0.5740108251115553,Orange,1.2791432558235,False,0,131,12,12,17.87142857142857,25.821428571428566,0,331,53.6,12,82.68154761904762,0.5035416666666667,225.82738095238096,1.911934523809524,0.33534226190476196
c16_59,-11.3,33.7,Malawi,2020-12-01,2020-12-21,2021-02-28,0.584656318913171,Orange,1.782819898129224,False,0,124,10,10,17.585714285714285,25.157142857142855,0,321,49.400000000000006,9,82.91964285714286,0.4779166666666667,229.3125,2.3390178571428573,0.339422619047619
c16_60,-11.3,33.9,Malawi,2020-12-01,2020-12-21,2021-02-28,0.6547810667227849,Orange,1.3405365317025795,False,0,136,13,13,17.714285714285715,26.22142857142857,0,335,32.2,9,81.85416666666667,0.5352976190476191,223.23809523809524,1.762529761904762,0.42748809523809533
c16_61,-11.3,34.1,Malawi,2020-12-01,2020-12-21,2021-02-28,0.6136433616860548,Orange,1.7865790300845688,False,0,156,10,10,17.32857142857143,25.11428571428571,0,313,82.29999999999998,10,82.91964285714286,0.490625,211.10416666666666,2.029404761904762,0.39273214285714286
c17_11,-11.5,24.1,Zambia,2020-11-22,2020-12-21,2021-02-28,0.6447021959403931,Orange,1.7569391013285427,False,0,131,10,9,16.71428571428571,25.321428571428573,0,294,101.8,11,80.47321428571429,0.5439583333333333,230.8095238095238,2.5895238095238096,0.3921845238095238
c17_12,-11.5,24.3,Zambia,2020-11-22,2020-12-21,2021-02-28,0.7363231815215623,Orange,1.3702883935304047,False,0,146,11,9,16.442857142857143,25.49285714285714,0,278,75.8,11,81.6577380952381,0.5162500000000001,230.7202380952381,2.500357142857143,0.38020833333333337
c17_13,-11.5,24.5,Zambia,2020-11-26,2020-12-21,2021-02-28,0.6316325974104641,Orange,1.3213391511247408,False,0,157,11,9,16.564285714285713,25.9,0,289,153.6,10,82.13095238095238,0.5140476190476191,229.3125,2.3454166666666665,0.3942321428571428
c17_14,-11.5,24.7,Zambia,2020-11-26,2020-12-21,2021-02-28,0.7011099102977322,Orange,1.3757997076208797,False,0,159,13,11,16.592857142857145,25.664285714285715,0,303,72.39999999999999,10,82.58928571428571,0.4989880952380951,227.23809523809524,2.146190476190476,0.3875238095238096
c17_15,-11.5,24.9,Zambia,2020-11-25,2020-12-21,2021-02-28,0.7551565031817927,Red,1.750899357133059,False,0,168,13,13,16.54285714285714,25.400000000000002,0,293,72.8,10,83.86904761904762,0.45738095238095233,226.85119047619048,2.188214285714286,0.38112202380952376
c17_16,-11.5,25.1,Zambia,2020-11-27,2020-12-21,2021-02-28,0.787849091068525,Red,1.8774648826746463,False,0,159,13,12,16.407142857142855,24.50714285714286,0,283,56.00000000000001,8,83.74702380952381,0.43955357142857143,224.97321428571428,2.5475000000000003,0.38001785714285713
c17_17,-11.5,25.3,Zambia,2020-11-25,2020-12-21,2021-02-28,0.7917114638637456,Red,1.8482345385548604,False,0,150,13,10,16.55,24.778571428571432,0,272,52.5,8,82.02380952380952,0.48857142857142855,224.80059523809524,2.674404761904762,0.37616369047619047
c17_33,-11.5,28.5,Zambia,2020-11-13,2020-12-21,2021-02-28,0.5535852745243973,Orange,1.3328242316336998,False,0,181,14,14,18.064285714285713,26.235714285714288,0,336,140.5,10,85.80357142857143,0.4295833333333333,209.22916666666666,1.7114583333333335,0.3924613095238095
c17_34,-11.5,28.7,Zambia,2020-11-13,2020-12-21,2021-02-28,0.6452693492293456,Orange,1.8444369281177173,False,0,182,14,14,17.478571428571428,25.071428571428566,0,330,94.7,12,85.66071428571429,0.4084226190476191,211.63988095238096,2.102767857142857,0.3927529761904762
c17_35,-11.5,28.9,Zambia,2020-11-14,2020-12-21,2021-02-28,0.6593062169375379,Orange,1.816457780143378,False,0,162,14,14,17.40714285714286,24.807142857142853,0,325,88.1,11,85.01488095238095,0.41425595238095236,215.07738095238096,2.374315476190476,0.39285119047619044
c17_36,-11.5,29.1,Zambia,2020-11-30,2020-12-21,2021-02-28,0.5207468830021672,Orange,1.3544449180873883,False,0,141,11,11,18.014285714285712,25.45,0,335,99.50000000000001,11,83.10119047619048,0.48250000000000004,215.9077380952381,2.2907738095238095,0.38709226190476187
c17_37,-11.5,29.3,Zambia,2020-11-12,2020-12-21,2021-02-28,0.6047455990954317,Orange,1.394855618238324,False,0,186,14,14,17.942857142857143,26.414285714285707,0,333,116.9,12,85.43154761904762,0.4430654761904762,215.88690476190476,1.6991071428571431,0.3923809523809524
c17_38,-11.5,29.5,Zambia,2020-11-11,2020-12-21,2021-02-28,0.5960142938261526,Orange,1.3979447261790452,False,0,190,14,14,17.807142857142857,25.914285714285718,0,334,141.5,13,86.0625,0.4186309523809524,217.5625,1.7798809523809527,0.39781845238095237
c17_39,-11.5,29.7,Zambia,2020-11-10,2020-12-21,2021-02-28,0.45840315868661013,Yellow,1.4157232293978297,False,0,87,10,10,19.74285714285714,25.421428571428574,0,336,139.3,12,82.20238095238095,0.5151190476190476,222.9702380952381,2.099047619047619,0.39501785714285714
c17_40,-11.5,29.9,Zambia,2020-11-10,2020-12-21,2021-02-28,0.5569090018729774,Orange,1.2651499593973938,False,0,136,12,12,18.992857142857144,25.892857142857142,0,336,98.4,12,83.43452380952381,0.4892261904761905,217.30654761904762,2.0051488095238095,0.39746726190476184
c17_41,-11.5,30.1,Zambia,2020-11-10,2020-12-21,2021-02-28,0.5453688707984105,Orange,1.244308681366934,False,0,164,14,14,18.264285714285716,26.150000000000002,0,336,126.2,13,84.07440476190476,0.47526785714285713,207.1577380952381,1.905029761904762,0.38581845238095236
c17_42,-11.5,30.3,Zambia,2020-11-10,2020-12-21,2021-02-28,0.5433664346856284,Orange,1.2215917456321057,False,0,151,13,13,18.4,26.392857142857142,0,336,97.39999999999999,11,82.71428571428571,0.5154166666666666,205.58035714285714,1.7675892857142859,0.39575892857142864
c17_43,-11.5,30.5,Zambia,2020-11-10,2020-12-21,2021-02-28,0.5447774299637427,Orange,1.2163012342052812,False,0,153,13,13,18.571428571428573,26.150000000000002,0,336,103.7,12,83.50297619047619,0.4894345238095238,206.93154761904762,1.784047619047619,0.3850208333333333
c17_44,-11.5,30.7,Zambia,2020-11-10,2020-12-21,2021-02-28,0.6253611206811656,Orange,1.2651180174528858,False,0,163,14,14,17.814285714285713,26.314285714285717,0,331,81.2,12,83.9047619047619,0.4785119047619047,209.4077380952381,1.7402976190476191,0.4027529761904762
c17_45,-11.5,30.9,Zambia,2020-11-10,2020-12-21,2021-02-28,0.700146408849259,Orange,1.4470282423067646,False,0,195,14,14,16.95714285714286,25.621428571428574,0,317,82.5,11,86.19047619047619,0.3987202380952381,207.78571428571428,1.6813690476190475,0.3945654761904762
c17_46,-11.5,31.1,Zambia,2020-11-11,2020-12-21,2021-02-28,0.7217325293642525,Orange,1.9503711692357002,False,0,185,14,14,16.721428571428575,24.942857142857143,0,307,96.89999999999999,11,86.1547619047619,0.38285714285714284,208.72321428571428,1.8933928571428573,0.3943452380952381
c17_47,-11.5,31.3,Zambia,2020-11-11,2020-12-21,2021-02-28,0.7465683494861963,Orange,1.9070887656642665,False,0,179,14,13,16.564285714285713,24.907142857142855,0,296,90.20000000000002,12,85.60714285714286,0.39419642857142856,207.79166666666666,1.8234226190476193,0.38707440476190474
c17_48,-11.5,31.5,Zambia,2020-11-11,2020-12-21,2021-02-28,0.8960452857835339,Red,2.302492380336112,True,1,174,14,2,15.392857142857142,22.564285714285713,0,196,151.29999999999998,14,87.04166666666667,0.30794642857142857,200.22321428571428,2.5700892857142854,0.39355357142857145
c17_49,-11.5,31.7,Zambia,2020-11-11,2020-12-21,2021-02-28,0.8175528546796996,Red,2.028533544502638,True,1,160,14,7,16.192857142857143,23.3,0,253,97.39999999999999,12,85.04166666666667,0.37122023809523813,202.04166666666666,2.9154464285714288,0.39391964285714287
c17_50,-11.5,31.9,Zambia,2020-11-30,2020-12-21,2021-02-28,0.5932668116104077,Orange,1.8157210542982904,False,0,135,10,10,17.271428571428572,24.657142857142855,0,311,89.0,12,83.80654761904762,0.43285714285714283,204.58928571428572,2.497440476190476,0.38228571428571423
c17_51,-11.5,32.1,Zambia,2020-11-30,2020-12-21,2021-02-28,0.49881119873266244,Yellow,1.3391902499559531,False,0,160,11,11,18.4,26.5,0,333,104.0,12,84.86904761904762,0.45425595238095234,194.2172619047619,2.0031250000000003,0.38857142857142857
c17_52,-11.5,32.3,Zambia,2020-12-01,2020-12-21,2021-02-28,0.5076782885340894,Orange,1.3676006762961574,False,0,152,11,11,19.735714285714288,27.092857142857145,1,330,126.80000000000001,13,85.0952380952381,0.4681845238095238,201.4077380952381,1.725922619047619,0.3958333333333333
c17_53,-11.5,32.5,Zambia,2020-12-01,2020-12-21,2021-02-28,0.5561482640236645,Orange,1.3719535895181314,False,0,137,11,11,20.97857142857143,28.585714285714285,3,321,75.89999999999999,10,83.9702380952381,0.5392559523809524,214.94642857142858,1.512529761904762,0.36263392857142857
c17_54,-11.5,32.7,Zambia,2020-12-01,2020-12-21,2021-02-28,0.6106282076342249,Orange,1.380660966340211,False,0,134,12,12,21.285714285714285,28.6,3,318,58.400000000000006,9,83.80357142857143,0.5516964285714285,218.92261904761904,1.6099107142857145,0.3649375
c17_55,-11.5,32.9,Zambia,2020-12-01,2020-12-21,2021-02-28,0.5972679263458147,Orange,1.3645006146561993,False,0,138,11,11,20.842857142857145,28.550000000000004,3,316,53.99999999999999,11,83.50595238095238,0.5580952380952381,218.9047619047619,1.5411607142857144,0.3526190476190476
c17_56,-11.5,33.1,Zambia,2020-12-01,2020-12-21,2021-02-28,0.4788331001143867,Yellow,1.2946493428793626,False,0,106,8,8,19.757142857142856,26.678571428571423,0,336,49.300000000000004,9,83.99404761904762,0.4872916666666666,215.1220238095238,1.7018749999999998,0.3583720238095238
c17_57,-11.5,33.3,Malawi,2020-11-30,2020-12-21,2021-02-28,0.5927675145381086,Orange,1.3084136267357733,False,0,141,13,13,18.12142857142857,25.828571428571426,0,331,47.1,10,83.63095238095238,0.4743452380952381,217.3422619047619,1.8899702380952381,0.3322738095238095
c17_58,-11.5,33.5,Malawi,2020-11-29,2020-12-21,2021-02-28,0.6504052041239493,Orange,1.3947880650149709,False,0,142,13,13,17.41428571428571,25.52857142857143,0,316,47.7,11,83.20535714285714,0.4798214285714285,219.0654761904762,1.9584821428571426,0.33383630952380955
c17_59,-11.5,33.7,Malawi,2020-12-01,2020-12-21,2021-02-28,0.5510910135586109,Orange,1.7854940136783397,False,0,131,11,11,17.742857142857144,25.12857142857143,0,327,76.60000000000001,11,82.94345238095238,0.4713988095238096,216.90178571428572,2.1223809523809525,0.3512529761904762
c17_60,-11.5,33.9,Malawi,2020-12-01,2020-12-21,2021-02-28,0.7711349040526417,Red,1.8780521107413022,False,0,143,12,11,17.028571428571432,24.378571428571426,0,296,68.1,10,84.25297619047619,0.41922619047619053,211.8720238095238,2.5776190476190477,0.4709672619047619
c17_61,-11.5,34.1,Malawi,2020-11-11,2020-12-21,2021-02-28,0.542180481780809,Orange,1.1206212292452782,False,0,122,8,8,19.15,26.12142857142857,0,336,52.60000000000001,10,81.30357142857143,0.5529464285714286,207.55654761904762,2.4979166666666663,0.4739494047619048
c18_11,-11.7,24.1,Zambia,2020-11-23,2020-12-21,2021-02-28,0.6632717875372324,Orange,1.3566356419543852,False,0,138,11,9,16.37857142857143,26.200000000000006,0,293,84.10000000000001,9,80.8422619047619,0.5599404761904762,234.23511904761904,2.152767857142857,0.381139880952381
c18_12,-11.7,24.3,Zambia,2020-11-26,2020-12-21,2021-02-28,0.718305388400576,Orange,1.342347190202521,False,0,141,11,9,16.392857142857142,25.978571428571424,0,282,66.9,9,81.0625,0.5450297619047619,233.8422619047619,2.381964285714286,0.37717559523809524
c18_13,-11.7,24.5,Zambia,2020-11-26,2020-12-21,2021-02-28,0.7205347760262751,Orange,1.3675079704817048,False,0,145,12,11,16.55,26.307142857142857,0,294,50.300000000000004,9,80.98809523809524,0.5592261904761905,234.79761904761904,2.251815476190476,0.3824345238095238
c18_14,-11.7,24.7,Zambia,2020-11-25,2020-12-21,2021-02-28,0.7599581180740039,Red,1.7689184215005445,False,0,154,12,11,16.45,25.321428571428573,0,282,68.3,10,82.05654761904762,0.5028571428571429,229.98511904761904,2.5104166666666665,0.38580654761904765
c18_15,-11.7,24.9,Zambia,2020-11-26,2020-12-21,2021-02-28,0.8248973781816028,Red,1.8540572578234813,False,0,160,13,12,16.207142857142856,24.82857142857143,0,265,72.6,10,82.85119047619048,0.47327380952380954,229.5029761904762,2.571488095238095,0.3887470238095238
c18_16,-11.7,25.1,Zambia,2020-11-27,2020-12-21,2021-02-28,0.8282944293741411,Red,1.8145015630664678,False,0,156,13,10,16.364285714285717,25.27857142857143,0,265,41.1,9,82.20238095238095,0.49886904761904766,232.53869047619048,2.6499404761904763,0.38590178571428574
c18_17,-11.7,25.3,Zambia,2020-11-29,2020-12-21,2021-02-28,0.7584351254132448,Red,1.8288674264014337,False,0,138,11,9,16.678571428571427,25.150000000000002,0,295,38.10000000000001,7,80.60416666666667,0.5338988095238095,230.92857142857142,2.735565476190476,0.46120833333333333
c18_26,-11.7,27.1,Zambia,2020-11-13,2020-12-21,2021-02-28,0.7083618999290593,Orange,1.864525760976935,False,0,179,14,14,16.907142857142855,25.171428571428574,0,324,81.29999999999998,8,84.64285714285714,0.43452380952380953,215.98809523809524,2.3246130952380955,0.45605059523809527
c18_33,-11.7,28.5,Zambia,2020-11-13,2020-12-21,2021-02-28,0.6911981190889238,Orange,1.3553285911622197,False,0,180,14,14,18.285714285714285,26.61428571428571,0,331,95.60000000000001,11,84.45238095238095,0.48279761904761903,216.99107142857142,1.8294940476190478,0.48099107142857145
c18_34,-11.7,28.7,Zambia,2020-11-13,2020-12-21,2021-02-28,0.5772398286503303,Orange,1.7467661557854668,False,0,146,12,12,17.900000000000002,25.271428571428572,0,336,76.0,11,83.28571428571429,0.46749999999999997,215.17857142857142,2.3431845238095237,0.3988452380952381
c18_35,-11.7,28.9,Zambia,2020-11-13,2020-12-21,2021-02-28,0.5164490593817045,Orange,1.7162933032885361,False,0,130,11,11,17.857142857142854,25.207142857142852,0,331,99.0,9,82.9047619047619,0.48232142857142857,210.8779761904762,2.404464285714286,0.3873244047619047
c18_36,-11.7,29.1,Zambia,2020-11-10,2020-12-21,2021-02-28,0.5039138364256252,Orange,1.2208582511481243,False,0,130,11,11,18.47857142857143,26.21428571428572,0,336,99.89999999999999,11,82.50892857142857,0.5180654761904762,211.94345238095238,1.7401190476190478,0.39371130952380956
c18_37,-11.7,29.3,Zambia,2020-11-12,2020-12-21,2021-02-28,0.5833834442003487,Orange,1.3618286050819512,False,0,178,13,13,18.157142857142855,26.464285714285715,0,336,111.9,13,85.26785714285714,0.44747023809523806,210.53869047619048,1.634642857142857,0.4087321428571429
c18_38,-11.7,29.5,Zambia,2020-11-12,2020-12-21,2021-02-28,0.5899731420597395,Orange,1.3576770291078233,False,0,181,14,14,17.799999999999997,26.221428571428568,0,336,119.60000000000001,11,85.99107142857143,0.4211607142857143,211.8422619047619,1.7503869047619047,0.4013035714285714
c18_39,-11.7,29.7,Zambia,2020-11-13,2020-12-21,2021-02-28,0.5446967772500729,Orange,1.283902561091415,False,0,133,12,12,19.071428571428573,25.592857142857145,0,336,99.39999999999999,11,83.36904761904762,0.48193452380952384,211.55654761904762,2.0665178571428573,0.3953541666666667
c18_40,-11.7,29.9,Zambia,2020-11-10,2020-12-21,2021-02-28,0.6166562499213548,Orange,1.3016416899376346,False,0,167,14,14,19.064285714285713,25.978571428571428,0,336,95.39999999999999,12,84.19940476190476,0.4723809523809523,211.26488095238096,1.8557142857142856,0.4043154761904762
c18_41,-11.7,30.1,Zambia,2020-11-10,2020-12-21,2021-02-28,0.5594159055548718,Orange,1.1949451969518448,False,0,149,14,14,18.55,26.28571428571428,0,336,106.59999999999998,10,82.5952380952381,0.5248214285714285,206.0,1.8263690476190475,0.40715178571428573
c18_42,-11.7,30.3,Zambia,2020-11-12,2020-12-21,2021-02-28,0.5519129451675318,Orange,1.2016412965786516,False,0,154,14,14,18.421428571428574,26.24285714285714,0,336,114.2,12,82.96428571428571,0.506904761904762,203.04761904761904,1.8143154761904763,0.4028392857142857
c18_43,-11.7,30.5,Zambia,2020-11-11,2020-12-21,2021-02-28,0.5577010375097156,Orange,1.4194518852834286,False,0,176,13,13,17.642857142857142,26.371428571428574,0,334,111.5,11,85.4047619047619,0.4446428571428572,201.69940476190476,1.5894345238095238,0.3976577380952381
c18_44,-11.7,30.7,Zambia,2020-12-04,2020-12-21,2021-02-28,0.5746024438006242,Orange,1.299709916028205,False,0,165,13,13,18.035714285714285,25.942857142857147,0,335,99.50000000000003,11,84.75297619047619,0.45107142857142857,204.1845238095238,1.8062202380952377,0.40288690476190475
c18_45,-11.7,30.9,Zambia,2020-11-10,2020-12-21,2021-02-28,0.6649637813236157,Orange,1.7248901178879985,False,0,182,14,14,17.085714285714285,25.407142857142855,0,321,87.30000000000001,12,85.93452380952381,0.40116071428571437,205.58333333333334,1.8879166666666667,0.38427380952380946
c18_46,-11.7,31.1,Zambia,2020-11-10,2020-12-21,2021-02-28,0.6938186473213763,Orange,1.8653842025840477,False,0,183,14,14,17.007142857142856,25.042857142857144,0,317,99.2,13,85.4375,0.40851190476190474,210.47321428571428,1.915892857142857,0.40292857142857147
c18_47,-11.7,31.3,Zambia,2020-11-11,2020-12-21,2021-02-28,0.6883041476732078,Orange,1.8686926822110956,False,0,167,14,14,16.864285714285714,24.83571428571429,0,312,102.1,11,85.07440476190476,0.4046428571428571,212.54166666666666,2.1263988095238098,0.39143154761904764
c18_48,-11.7,31.5,Zambia,2020-11-30,2020-12-21,2021-02-28,0.7898317197329776,Red,2.0583503929702065,True,1,161,13,10,16.428571428571427,23.571428571428566,0,277,71.2,12,85.68154761904762,0.36306547619047613,208.21130952380952,2.6944345238095235,0.3844940476190476
c18_49,-11.7,31.7,Zambia,2020-11-30,2020-12-21,2021-02-28,0.44459268830060406,Yellow,1.134388895691846,False,0,111,8,8,18.17142857142857,25.835714285714285,0,331,76.5,11,80.89583333333333,0.5407142857142857,206.91964285714286,2.167827380952381,0.3756101190476191
c18_50,-11.7,31.9,Zambia,2020-11-30,2020-12-21,2021-02-28,0.5549679041136509,Orange,1.2797579665866703,False,0,159,12,12,18.114285714285717,26.27142857142857,0,334,92.8,12,84.38095238095238,0.4644345238095238,211.10119047619048,1.72360119047619,0.3814553571428571
c18_51,-11.7,32.1,Zambia,2020-12-01,2020-12-21,2021-02-28,0.5635466467840803,Orange,1.293999338834658,False,0,134,11,11,20.121428571428574,27.314285714285713,1,322,101.4,12,83.37797619047619,0.5303869047619048,208.88095238095238,1.485952380952381,0.3976577380952381
c18_52,-11.7,32.3,Zambia,2020-12-01,2020-12-21,2021-02-28,0.5325362861618352,Orange,1.312438743603654,False,0,128,10,10,20.70714285714286,27.96428571428571,1,326,84.8,10,83.86607142857143,0.525952380952381,215.11309523809524,1.6438690476190476,0.382
c18_53,-11.7,32.5,Zambia,2020-12-01,2020-12-21,2021-02-28,0.6405779880093211,Orange,1.426889415279081,False,0,131,12,12,21.514285714285712,28.935714285714283,3,308,69.4,9,83.32738095238095,0.5811607142857144,220.48511904761904,1.5949404761904762,0.37788988095238096
c18_54,-11.7,32.7,Zambia,2020-12-01,2020-12-21,2021-02-28,0.5754450701571459,Orange,1.4073896080919264,False,0,132,11,11,21.485714285714288,28.95714285714286,4,311,64.5,10,83.14880952380952,0.5823511904761904,218.0327380952381,1.6286309523809526,0.33689583333333334
c18_55,-11.7,32.9,Zambia,2020-12-01,2020-12-21,2021-02-28,0.5050881251009982,Orange,1.2725213507972115,False,0,109,9,9,20.24285714285714,27.121428571428567,0,330,65.79999999999998,11,83.95535714285714,0.5032142857142857,212.13690476190476,1.7523511904761904,0.3661785714285714
c18_56,-11.7,33.1,Zambia,2020-12-01,2020-12-21,2021-02-28,0.6207272194023021,Orange,1.3621916089491897,False,0,164,13,13,18.67142857142857,25.521428571428572,0,336,67.9,12,86.24404761904762,0.39767857142857144,208.27380952380952,1.879642857142857,0.38058630952380956
c18_57,-11.7,33.3,Zambia,2020-11-13,2020-12-21,2021-02-28,0.603932566574296,Orange,1.4905185286666698,False,0,153,12,12,17.928571428571427,25.428571428571427,0,330,57.8,12,84.55059523809524,0.4444940476190476,211.4672619047619,1.8838392857142858,0.3625625
c18_58,-11.7,33.5,Malawi,2020-11-13,2020-12-21,2021-02-28,0.6640220143608155,Orange,1.8537165905345276,False,0,143,12,12,17.264285714285712,24.742857142857137,0,313,60.9,10,83.88988095238095,0.4375,212.91369047619048,2.052827380952381,0.3715178571428571
c18_59,-11.7,33.7,Malawi,2020-12-01,2020-12-21,2021-02-28,0.7737461435795023,Red,1.899725624435589,True,1,136,12,9,16.442857142857143,23.564285714285717,0,290,86.10000000000001,13,84.01488095238095,0.4047321428571429,209.28869047619048,2.1757142857142857,0.4736279761904762
c18_60,-11.7,33.9,Malawi,2020-12-01,2020-12-21,2021-02-28,0.4355630324159522,Yellow,1.7031824803593185,False,0,101,7,7,18.678571428571427,24.742857142857144,0,333,78.3,10,81.625,0.5000595238095238,201.23809523809524,2.5836607142857146,0.3923095238095237
c18_61,-11.7,34.1,Malawi,2020-12-01,2020-12-21,2021-02-28,0.6462623139041012,Orange,1.4071458194306277,False,0,137,9,9,20.72857142857143,30.02857142857143,8,288,96.2,9,81.46130952380952,0.7009523809523809,216.4375,1.4424107142857143,0.47302083333333333
c18_62,-11.7,34.3,Malawi,2020-11-11,2020-12-21,2021-02-28,0.5453690544342419,Orange,1.565283097640876,False,0,95,7,7,22.985714285714288,28.39285714285714,4,311,78.3,8,82.05654761904762,0.6280357142857144,234.71428571428572,2.0101488095238094,0.38962499999999994
c19_11,-11.9,24.1,Zambia,2020-11-25,2020-12-21,2021-02-28,0.7178898501698225,Orange,1.326719704329575,False,0,131,11,9,16.414285714285715,25.59285714285715,0,280,64.2,10,80.00595238095238,0.5648809523809524,234.22916666666666,2.617470238095238,0.3714047619047619
c19_12,-11.9,24.3,Zambia,2020-11-26,2020-12-21,2021-02-28,0.6644457674193393,Orange,1.3220916559437423,False,0,134,11,10,16.7,26.499999999999996,0,300,56.6,9,79.44940476190476,0.6081547619047619,238.30654761904762,2.4261309523809524,0.3836636904761905
c19_13,-11.9,24.5,Zambia,2020-11-27,2020-12-21,2021-02-28,0.7000564356841705,Orange,1.3338870365792777,False,0,147,12,10,16.621428571428574,26.70714285714286,0,296,49.900000000000006,9,79.30654761904762,0.6252976190476192,235.18154761904762,2.339107142857143,0.3948392857142857
c19_14,-11.9,24.7,Zambia,2020-11-25,2020-12-21,2021-02-28,0.6491048902386762,Orange,1.2985169014934068,False,0,135,11,11,16.685714285714287,26.307142857142857,0,304,50.400000000000006,11,79.12202380952381,0.6088988095238095,229.88392857142858,2.579077380952381,0.37884226190476195
c19_15,-11.9,24.9,Zambia,2020-11-25,2020-12-21,2021-02-28,0.6532638862571855,Orange,1.3046005069289872,False,0,141,11,11,16.728571428571428,26.135714285714283,0,306,51.7,10,79.70535714285714,0.5833333333333334,229.59821428571428,2.6561904761904764,0.38599107142857136
c19_16,-11.9,25.1,Zambia,2020-11-27,2020-12-21,2021-02-28,0.7155303172177236,Orange,1.3211572165694012,False,0,137,11,10,16.821428571428573,25.985714285714288,0,307,42.6,8,79.06845238095238,0.6044047619047619,231.95535714285714,2.6763988095238096,0.4760833333333333
c19_17,-11.9,25.3,Zambia,2020-11-25,2020-12-21,2021-02-28,0.6075767263548018,Orange,1.1894099482793585,False,0,119,11,11,17.264285714285716,26.521428571428572,0,328,61.00000000000001,8,77.82142857142857,0.6513392857142858,232.61309523809524,2.4917261904761907,0.4737857142857143
c19_18,-11.9,25.5,Zambia,2020-11-25,2020-12-21,2021-02-28,0.5491019987819198,Orange,1.233648792899718,False,0,131,11,11,17.135714285714286,26.157142857142862,0,326,83.80000000000001,10,80.00297619047619,0.5817857142857144,226.3154761904762,2.2295238095238097,0.39511011904761906
c19_19,-11.9,25.7,Zambia,2020-11-25,2020-12-21,2021-02-28,0.6595076856387441,Orange,1.282931343319407,False,0,147,11,11,16.97857142857143,26.271428571428572,0,319,61.800000000000004,8,80.81845238095238,0.5632738095238096,221.36011904761904,2.216547619047619,0.4699821428571428
c19_20,-11.9,25.9,Zambia,2020-11-24,2020-12-21,2021-02-28,0.7084201150650183,Orange,1.3440224948483013,False,0,139,11,11,16.785714285714285,25.79285714285714,0,306,54.1,8,80.50892857142857,0.5519345238095238,220.82142857142858,2.3933928571428575,0.4674404761904762
c19_26,-11.9,27.1,Zambia,2020-11-13,2020-12-21,2021-02-28,0.7414798251730403,Orange,1.3934877568662902,False,0,180,14,14,16.892857142857142,25.792857142857144,0,320,60.800000000000004,10,84.17261904761905,0.464077380952381,215.15178571428572,2.1026190476190476,0.46763988095238096
c19_27,-11.9,27.3,Zambia,2020-11-13,2020-12-21,2021-02-28,0.6628544822005475,Orange,1.3085612409585803,False,0,161,13,13,17.400000000000002,25.714285714285715,0,334,63.3,10,82.88988095238095,0.501279761904762,212.23511904761904,2.0935416666666664,0.4710714285714286
c19_34,-11.9,28.7,Zambia,2020-11-13,2020-12-21,2021-02-28,0.6372721344694798,Orange,1.3051047947175922,False,0,157,12,12,18.421428571428574,26.45,0,336,65.39999999999999,9,83.73809523809524,0.48714285714285716,218.13392857142858,1.9089880952380955,0.45670238095238097
c19_35,-11.9,28.9,Zambia,2020-11-11,2020-12-21,2021-02-28,0.5486964211438078,Orange,1.2535595841924736,False,0,148,11,11,18.328571428571426,26.657142857142855,0,335,66.10000000000001,10,83.02678571428571,0.5158035714285715,211.60119047619048,1.6692559523809525,0.3932053571428572
c19_36,-11.9,29.1,Zambia,2020-11-10,2020-12-21,2021-02-28,0.5572743333640341,Orange,1.2392086258651007,False,0,153,12,12,18.678571428571427,26.557142857142853,0,334,100.0,12,83.04464285714286,0.5176785714285714,215.6845238095238,1.5264583333333337,0.3945952380952381
c19_37,-11.9,29.3,Zambia,2020-11-13,2020-12-21,2021-02-28,0.6039717505599784,Orange,1.3921406143054336,False,0,182,13,13,17.992857142857144,26.46428571428571,0,336,102.5,12,85.61309523809524,0.43970238095238096,217.27678571428572,1.6061309523809526,0.4048184523809524
c19_38,-11.9,29.5,Zambia,2020-11-10,2020-12-21,2021-02-28,0.6079368525782015,Orange,1.367964985367177,False,0,170,14,14,17.864285714285717,25.978571428571428,0,335,108.3,12,85.25297619047619,0.43375,217.63690476190476,1.858482142857143,0.3968988095238095
c19_39,-11.9,29.7,Zambia,2020-11-13,2020-12-21,2021-02-28,0.5992795238242409,Orange,1.2464404741199349,False,0,162,14,14,18.257142857142856,26.1,0,336,94.89999999999998,12,83.59821428571429,0.4870833333333333,216.06845238095238,1.9660714285714282,0.3960654761904762
c19_40,-11.9,29.9,Zambia,2020-11-10,2020-12-21,2021-02-28,0.5598793015155917,Orange,1.2059187581278108,False,0,154,14,14,18.300000000000004,26.235714285714284,0,336,121.00000000000001,11,83.16964285714286,0.5036011904761905,215.28869047619048,1.8749702380952382,0.3985833333333333
c19_41,-11.9,30.1,Zambia,2020-11-10,2020-12-21,2021-02-28,0.5526909170514194,Orange,1.2146462816959718,False,0,148,13,13,18.37857142857143,26.25714285714286,0,336,100.9,12,83.0625,0.5047916666666667,205.77678571428572,1.7522321428571428,0.4046994047619047
c19_42,-11.9,30.3,Zambia,2020-11-12,2020-12-21,2021-02-28,0.5903901970357331,Orange,1.2517039519167499,False,0,151,14,14,18.38571428571429,26.03571428571428,0,336,85.4,12,83.23511904761905,0.49505952380952384,199.4672619047619,1.7861904761904763,0.41248214285714285
c19_43,-11.9,30.5,Zambia,2020-11-10,2020-12-21,2021-02-28,0.5407246061465371,Orange,1.2747879852802755,False,0,155,13,13,17.9,26.27857142857143,0,336,101.10000000000001,12,83.58333333333333,0.4869345238095238,200.57440476190476,1.690238095238095,0.3983630952380952
c19_44,-11.9,30.7,Zambia,2020-11-10,2020-12-21,2021-02-28,0.5429931617137371,Orange,1.3637665901093472,False,0,164,13,13,17.607142857142854,26.035714285714285,0,334,126.2,11,84.9375,0.4437797619047619,201.4345238095238,1.7011607142857144,0.40732440476190473
c19_45,-11.9,30.9,Zambia,2020-11-10,2020-12-21,2021-02-28,0.6149141978630921,Orange,1.8486779896233068,False,0,170,14,14,17.257142857142856,25.042857142857144,0,327,119.6,13,85.88392857142857,0.3950892857142857,201.5654761904762,1.9267261904761905,0.39822023809523815
c19_46,-11.9,31.1,Zambia,2020-12-01,2020-12-21,2021-02-28,0.6739534476040372,Orange,1.8625676133597309,False,0,172,14,14,17.0,24.95,0,319,87.2,11,85.11904761904762,0.411577380952381,206.25595238095238,1.8908630952380954,0.39137500000000003
c19_47,-11.9,31.3,Zambia,2020-11-30,2020-12-21,2021-02-28,0.7058951120355211,Orange,1.898490618583805,False,0,173,14,14,16.864285714285714,24.571428571428566,0,315,79.60000000000001,12,85.05059523809524,0.4040773809523809,208.73511904761904,1.9458928571428569,0.3912886904761905
c19_48,-11.9,31.5,Zambia,2020-11-30,2020-12-21,2021-02-28,0.7957099135870496,Red,2.23252668242595,False,0,180,14,12,16.514285714285712,23.721428571428568,0,279,86.3,10,86.67261904761905,0.3436607142857143,209.26190476190476,2.8709821428571423,0.38199702380952383
c19_49,-11.9,31.7,Zambia,2020-11-30,2020-12-21,2021-02-28,0.49681980979285006,Yellow,1.235630393979699,False,0,132,11,11,18.671428571428574,26.342857142857145,0,336,78.2,11,82.72916666666667,0.5111904761904762,211.88095238095238,2.0648214285714284,0.3606041666666667
c19_50,-11.9,31.9,Zambia,2020-12-01,2020-12-21,2021-02-28,0.5486552702307343,Orange,1.3142092366414122,False,0,165,11,11,18.25,25.74285714285714,0,336,102.60000000000001,12,84.89880952380952,0.4398511904761905,218.92857142857142,1.5905952380952382,0.3755267857142857
c19_51,-11.9,32.1,Zambia,2020-12-01,2020-12-21,2021-02-28,0.6044445591875472,Orange,1.4010772886830758,False,0,143,12,12,20.914285714285715,28.478571428571424,3,317,86.20000000000002,10,84.23214285714286,0.5375892857142857,224.85714285714286,1.385565476190476,0.36164583333333333
c19_52,-11.9,32.3,Zambia,2020-12-01,2020-12-21,2021-02-28,0.5795088806475922,Orange,1.4002004741835332,False,0,134,11,11,21.414285714285715,28.678571428571434,3,316,94.7,9,84.02083333333333,0.5458928571428572,226.36011904761904,1.6342261904761906,0.3710565476190476
c19_53,-11.9,32.5,Zambia,2020-11-30,2020-12-21,2021-02-28,0.5812357053947268,Orange,1.4479786187320678,False,0,126,11,11,21.59285714285715,28.88571428571429,3,310,65.99999999999999,8,82.5297619047619,0.6069345238095238,222.44940476190476,1.713482142857143,0.341389880952381
c19_54,-11.9,32.7,Zambia,2020-11-30,2020-12-21,2021-02-28,0.5234348391672976,Orange,1.3769716425838014,False,0,134,9,9,20.90714285714285,28.014285714285716,3,322,82.8,9,84.38690476190476,0.5170238095238096,217.1577380952381,1.7892559523809526,0.37261904761904757
c19_55,-11.9,32.9,Zambia,2020-11-30,2020-12-21,2021-02-28,0.5031638036281572,Orange,1.33292821272731,False,0,123,10,10,19.449999999999996,26.057142857142857,0,336,84.7,11,84.85416666666667,0.4474404761904761,207.20535714285714,1.9298511904761904,0.37812500000000004
c19_56,-11.9,33.1,Zambia,2020-12-01,2020-12-21,2021-02-28,0.5331563144949003,Orange,1.3320133381212151,False,0,132,12,12,18.61428571428571,25.63571428571429,0,336,69.0,10,84.49702380952381,0.4473214285714286,207.34821428571428,1.995625,0.34970833333333334
c19_57,-11.9,33.3,Malawi,2020-12-01,2020-12-21,2021-02-28,0.6463949336723371,Orange,1.3956348770992777,False,0,154,13,13,17.664285714285715,25.528571428571432,0,321,62.99999999999999,13,84.36904761904762,0.4447023809523809,211.88392857142858,1.9377976190476187,0.36133928571428575
c19_58,-11.9,33.5,Malawi,2020-12-01,2020-12-21,2021-02-28,0.6374119581340109,Orange,1.843143431712094,False,0,135,12,12,17.185714285714287,24.71428571428571,0,315,85.09999999999998,13,83.45238095238095,0.44747023809523817,211.7470238095238,1.9376488095238094,0.38101785714285713
c19_59,-11.9,33.7,Malawi,2020-12-01,2020-12-21,2021-02-28,0.8864554972360563,Red,2.2327469209546247,True,1,160,12,7,15.907142857142858,22.335714285714282,0,232,118.00000000000001,13,86.08630952380952,0.3290178571428572,197.97916666666666,2.663422619047619,0.4827738095238095
c19_60,-11.9,33.9,Malawi,2020-12-01,2020-12-21,2021-02-28,0.4375238912215565,Yellow,1.2232539438375107,False,0,123,9,9,19.435714285714287,26.557142857142857,0,328,129.6,10,82.78571428571429,0.5308035714285715,198.86309523809524,1.7268750000000002,0.39304761904761903
c19_61,-11.9,34.1,Malawi,2020-11-11,2020-12-21,2021-02-28,0.5410955323367905,Orange,1.3483594471358848,True,1,109,8,8,21.05,28.607142857142858,3,313,78.60000000000001,10,82.83035714285714,0.5872916666666667,216.48511904761904,1.2861011904761905,0.3985952380952381
c20_11,-12.1,24.1,Zambia,2020-11-27,2020-12-21,2021-02-28,0.6759988924341515,Orange,1.3073863728868245,False,0,142,11,10,16.557142857142857,25.900000000000002,0,292,81.6,10,79.59821428571429,0.5898511904761904,236.11309523809524,2.4910714285714284,0.3790654761904762
c20_12,-12.1,24.3,Zambia,2020-11-25,2020-12-21,2021-02-28,0.6392284036086504,Orange,1.3600194985375427,False,0,141,12,11,16.807142857142857,27.228571428571428,0,307,72.4,10,79.62797619047619,0.6244047619047619,240.82142857142858,2.1536904761904765,0.3796220238095238
c20_13,-12.1,24.5,Zambia,2020-11-27,2020-12-21,2021-02-28,0.6146162963374338,Orange,1.3267516814203308,False,0,133,11,9,16.721428571428568,26.364285714285717,0,305,79.8,10,79.3422619047619,0.6116071428571429,234.0,2.3204464285714286,0.3880446428571429
c20_14,-12.1,24.7,Zambia,2020-11-25,2020-12-21,2021-02-28,0.6545449206780996,Orange,1.3515716097219128,False,0,134,12,9,16.69285714285714,26.550000000000004,0,302,44.099999999999994,8,79.08333333333333,0.6225892857142856,231.8095238095238,2.3406547619047617,0.38000595238095236
c20_15,-12.1,24.9,Zambia,2020-11-25,2020-12-21,2021-02-28,0.5429984926221957,Orange,1.2151549770677084,False,0,128,11,11,17.17142857142857,26.878571428571433,0,323,66.80000000000001,10,78.5327380952381,0.6416369047619047,228.1845238095238,2.4589583333333334,0.3829910714285714
c20_16,-12.1,25.1,Zambia,2020-11-29,2020-12-21,2021-02-28,0.5332105120892972,Orange,1.2007122899360938,False,0,105,9,9,17.72142857142857,27.192857142857143,1,331,55.099999999999994,10,77.98511904761905,0.6652083333333333,224.75892857142858,2.166279761904762,0.46346130952380954
c20_17,-12.1,25.3,Zambia,2020-11-26,2020-12-21,2021-02-28,0.6216302871879233,Orange,1.2879959718005674,False,0,125,11,11,17.485714285714288,27.371428571428574,1,327,46.8,9,78.9077380952381,0.6480059523809524,226.36904761904762,1.9467261904761906,0.4756160714285715
c20_18,-12.1,25.5,Zambia,2020-11-25,2020-12-21,2021-02-28,0.627503644710602,Orange,1.3101004412070378,False,0,141,11,11,17.092857142857145,26.964285714285715,0,324,75.10000000000001,9,80.49702380952381,0.5940773809523809,226.4047619047619,2.0242261904761905,0.47551785714285716
c20_19,-12.1,25.7,Zambia,2020-11-25,2020-12-21,2021-02-28,0.6029782642998728,Orange,1.312338279453204,False,0,136,11,11,17.1,26.900000000000002,0,323,95.2,9,80.11011904761905,0.5968452380952382,224.25595238095238,1.966220238095238,0.4753809523809524
c20_20,-12.1,25.9,Zambia,2020-11-25,2020-12-21,2021-02-28,0.6673695017621813,Orange,1.3389839028511776,False,0,143,11,11,16.8,25.985714285714284,0,311,95.2,8,80.7202380952381,0.559375,223.86309523809524,2.1838690476190474,0.4804166666666667
c20_21,-12.1,26.1,Zambia,2020-11-24,2020-12-21,2021-02-28,0.5354331962961576,Orange,1.1976036077837442,False,0,113,10,10,17.214285714285715,26.178571428571438,0,329,103.00000000000001,8,78.58928571428571,0.6167559523809525,224.57738095238096,2.2247916666666665,0.47285119047619045
c20_22,-12.1,26.3,Zambia,2020-11-24,2020-12-21,2021-02-28,0.5998558044959746,Orange,1.2861285298382827,False,0,140,11,11,16.935714285714287,26.07857142857143,0,317,132.8,8,80.8422619047619,0.5569642857142858,226.82142857142858,2.13375,0.4685714285714286
c20_23,-12.1,26.5,Zambia,2020-11-24,2020-12-21,2021-02-28,0.7006579067128031,Orange,1.3746645921586367,False,0,154,11,10,16.75,26.035714285714285,0,304,80.20000000000002,9,82.45238095238095,0.5114285714285713,221.36607142857142,2.0958928571428572,0.46218750000000003
c20_24,-12.1,26.7,Zambia,2020-11-24,2020-12-21,2021-02-28,0.6401525052707953,Orange,1.3236394711554187,False,0,149,11,11,17.014285714285716,25.507142857142856,0,321,74.3,9,82.24404761904762,0.5082440476190476,210.02380952380952,2.164375,0.4615267857142856
c20_25,-12.1,26.9,Zambia,2020-11-13,2020-12-21,2021-02-28,0.6575646716137026,Orange,1.2724995058162947,False,0,157,11,11,17.03571428571429,25.842857142857138,0,319,73.7,10,82.54166666666667,0.5086309523809524,211.78869047619048,2.1489880952380953,0.46631249999999996
c20_26,-12.1,27.1,Zambia,2020-11-13,2020-12-21,2021-02-28,0.5891919952596867,Orange,1.262609669790658,False,0,142,11,11,17.53571428571429,25.9,0,334,62.800000000000004,9,80.79166666666667,0.5639880952380952,213.49404761904762,2.097410714285714,0.4554285714285714
c20_27,-12.1,27.3,Zambia,2020-11-13,2020-12-21,2021-02-28,0.6081066435367944,Orange,1.2641810060088707,False,0,149,13,13,17.55,25.978571428571428,0,335,81.40000000000002,9,81.30357142857143,0.553452380952381,212.36011904761904,2.0329761904761905,0.45828869047619053
c20_35,-12.1,28.9,Zambia,2020-11-12,2020-12-21,2021-02-28,0.6213230414508136,Orange,1.356497899283081,False,0,181,14,14,18.435714285714283,26.535714285714285,0,336,85.40000000000002,12,86.18452380952381,0.4189880952380952,213.3095238095238,1.677142857142857,0.38255654761904767
c20_36,-12.1,29.1,Zambia,2020-11-12,2020-12-21,2021-02-28,0.5793901442328258,Orange,1.2157833465497125,False,0,159,14,14,18.314285714285713,26.250000000000004,0,336,112.2,12,83.74107142857143,0.48288690476190477,215.95833333333334,1.726488095238095,0.39361904761904765
c20_37,-12.1,29.3,Zambia,2020-11-12,2020-12-21,2021-02-28,0.5859349828690392,Orange,1.2434271331400195,False,0,152,13,13,18.192857142857143,26.39285714285715,0,336,90.69999999999999,12,82.69345238095238,0.514375,219.9702380952381,1.8854464285714285,0.4073571428571429
c20_38,-12.1,29.5,Zambia,2020-11-13,2020-12-21,2021-02-28,0.590735441496197,Orange,1.272669187928989,False,0,156,13,13,18.114285714285714,25.985714285714288,0,336,81.99999999999999,10,83.64285714285714,0.47931547619047615,221.32440476190476,2.0401190476190476,0.3882321428571429
c20_39,-12.1,29.7,Zambia,2020-11-15,2020-12-21,2021-02-28,0.5848263606811406,Orange,1.249918016204882,False,0,149,14,14,18.17142857142857,26.10714285714286,0,336,102.19999999999999,10,83.11607142857143,0.49919642857142865,219.92559523809524,1.9042261904761906,0.39820833333333333
c20_40,-12.1,29.9,Zambia,2020-11-10,2020-12-21,2021-02-28,0.6021475295990291,Orange,1.2478462240229917,False,0,155,14,14,18.35,25.992857142857144,0,336,78.8,10,83.20535714285714,0.4945535714285715,215.98511904761904,1.9322619047619047,0.3867291666666667
c20_41,-12.1,30.1,Zambia,2020-11-10,2020-12-21,2021-02-28,0.6054274760465251,Orange,1.24132753589495,False,0,157,14,14,18.307142857142857,25.828571428571433,0,336,85.8,11,83.79761904761905,0.4735714285714286,208.3720238095238,1.863779761904762,0.40312202380952383
c20_42,-12.1,30.3,Zambia,2020-11-10,2020-12-21,2021-02-28,0.5696373343522282,Orange,1.3108576834444186,False,0,163,13,13,18.064285714285713,25.94285714285714,0,336,102.99999999999999,12,84.46428571428571,0.4527678571428571,202.50595238095238,1.7567559523809524,0.40885119047619045
c20_43,-12.1,30.5,Zambia,2020-11-10,2020-12-21,2021-02-28,0.5985004432472802,Orange,1.281419100274916,False,0,158,14,14,17.857142857142858,25.878571428571426,0,336,89.19999999999997,12,84.01785714285714,0.46601190476190474,204.52083333333334,1.6633035714285715,0.4050982142857143
c20_44,-12.1,30.7,Zambia,2020-11-10,2020-12-21,2021-02-28,0.6494410151885277,Orange,1.5045822646758367,False,0,185,14,14,17.25,25.485714285714288,0,327,93.7,13,86.14880952380952,0.4036309523809523,200.0952380952381,1.5941964285714285,0.4006220238095238
c20_45,-12.1,30.9,Zambia,2020-11-10,2020-12-21,2021-02-28,0.6375693159877666,Orange,1.823588141717561,False,0,166,14,14,17.014285714285712,24.907142857142855,0,324,96.4,12,85.16964285714286,0.40949404761904756,197.84821428571428,1.7851488095238093,0.396797619047619
c20_46,-12.1,31.1,Zambia,2020-12-01,2020-12-21,2021-02-28,0.67935712288917,Orange,1.879304703366546,False,0,164,14,13,16.79285714285714,24.114285714285717,0,312,86.60000000000001,13,84.95535714285714,0.39666666666666667,196.82142857142858,2.270684523809524,0.3881636904761905
c20_47,-12.1,31.3,Zambia,2020-12-01,2020-12-21,2021-02-28,0.8350591723013255,Red,2.2756013157761656,True,1,182,14,13,16.314285714285713,23.42142857142857,0,267,80.49999999999999,11,86.8422619047619,0.3354761904761905,198.39285714285714,2.333392857142857,0.38654464285714285
c20_48,-12.1,31.5,Zambia,2020-11-30,2020-12-21,2021-02-28,0.808776483091346,Red,2.28055730812141,True,1,177,13,12,16.492857142857144,23.11428571428571,0,268,98.60000000000001,11,87.42261904761905,0.3141071428571428,204.66964285714286,3.2137499999999997,0.38105059523809526
c20_49,-12.1,31.7,Zambia,2020-11-30,2020-12-21,2021-02-28,0.5671240013053886,Orange,1.410895421557041,True,1,124,11,11,20.964285714285715,29.15,5,304,83.69999999999997,11,80.83035714285714,0.6715476190476191,219.71428571428572,1.2787499999999998,0.3486309523809523
c20_50,-12.1,31.9,Zambia,2020-11-30,2020-12-21,2021-02-28,0.5216094736720535,Orange,1.3601797426790108,False,0,109,10,10,21.021428571428572,28.61428571428571,3,311,107.5,11,81.44345238095238,0.6321726190476191,224.02380952380952,1.66547619047619,0.3636517857142857
c20_51,-12.1,32.1,Zambia,2020-12-01,2020-12-21,2021-02-28,0.6243264967375161,Orange,1.4306026930734315,False,0,136,12,12,21.228571428571428,28.871428571428567,3,313,90.2,11,84.2172619047619,0.5454166666666667,226.13095238095238,1.5419940476190477,0.38067261904761907
c20_52,-12.1,32.3,Zambia,2020-11-30,2020-12-21,2021-02-28,0.6063425032669176,Orange,1.5020697392346793,False,0,125,11,11,21.814285714285713,28.857142857142854,3,311,75.39999999999999,10,83.61607142857143,0.5743154761904761,224.58333333333334,1.6688392857142857,0.3660922619047619
c20_53,-12.1,32.5,Zambia,2020-11-30,2020-12-21,2021-02-28,0.586331875497835,Orange,1.4045239511207739,False,0,131,11,11,21.478571428571424,28.62857142857143,3,312,73.79999999999998,11,83.20535714285714,0.5775297619047619,220.50595238095238,1.8115476190476192,0.35183928571428574
c20_54,-12.1,32.7,Zambia,2020-11-30,2020-12-21,2021-02-28,0.5659329467584163,Orange,1.3463951609851483,False,0,130,11,11,20.592857142857145,27.428571428571423,1,326,68.0,11,84.25297619047619,0.5071130952380952,213.71130952380952,1.8349999999999997,0.3663660714285714
c20_55,-12.1,32.9,Zambia,2020-11-30,2020-12-21,2021-02-28,0.568320182076955,Orange,1.3530844775926931,False,0,137,12,12,19.285714285714285,26.178571428571427,0,336,79.0,12,85.08035714285714,0.4418452380952381,209.45833333333334,1.981488095238095,0.38949107142857153
c20_56,-12.1,33.1,Zambia,2020-12-01,2020-12-21,2021-02-28,0.5488825015717671,Orange,1.2617617960460676,False,0,125,11,11,18.664285714285715,25.799999999999994,0,333,69.8,13,83.32440476190476,0.47886904761904764,212.97916666666666,2.0532738095238097,0.37472916666666667
c20_57,-12.1,33.3,Malawi,2020-11-30,2020-12-21,2021-02-28,0.6244785309255312,Orange,1.3408015864529752,False,0,139,13,13,17.878571428571426,25.599999999999998,0,323,80.4,12,83.93154761904762,0.45458333333333334,214.11607142857142,2.1013392857142863,0.3807232142857143
c20_58,-12.1,33.5,Malawi,2020-12-01,2020-12-21,2021-02-28,0.6395299782887872,Orange,1.8349971057658057,False,0,135,12,12,17.164285714285718,24.264285714285712,0,316,83.6,12,83.81845238095238,0.4237202380952381,210.78571428571428,2.4395238095238096,0.38879761904761906
c20_59,-12.1,33.7,Malawi,2020-12-01,2020-12-21,2021-02-28,0.8846009261236303,Red,2.1959062663267384,True,1,160,11,5,15.87142857142857,22.2,0,217,84.5,13,85.9702380952381,0.32818452380952384,194.77380952380952,2.8103571428571428,0.4012767857142857
c20_60,-12.1,33.9,Malawi,2020-12-01,2020-12-21,2021-02-28,0.4705118154736819,Yellow,1.2770249271236658,False,0,141,10,10,19.16428571428571,26.28571428571428,0,332,116.80000000000001,9,83.91369047619048,0.49116071428571423,201.85119047619048,1.7033333333333331,0.38201785714285713
c21_11,-12.3,24.1,Zambia,2020-11-27,2020-12-21,2021-02-28,0.6130515503897919,Orange,1.2985774108432657,False,0,138,11,10,16.807142857142853,25.728571428571428,0,310,67.0,10,80.87202380952381,0.5405357142857143,235.22916666666666,2.486636904761905,0.35023511904761906
c21_12,-12.3,24.3,Zambia,2020-11-27,2020-12-21,2021-02-28,0.6467577145690305,Orange,1.3957005529518423,False,0,142,12,9,16.65714285714286,27.664285714285715,0,300,64.6,9,80.47619047619048,0.6178571428571429,235.25595238095238,1.9000892857142855,0.3793690476190476
c21_13,-12.3,24.5,Zambia,2020-11-27,2020-12-21,2021-02-28,0.5568703872055307,Orange,1.2454890493030262,False,0,127,11,10,16.892857142857142,26.735714285714284,0,317,78.89999999999999,10,79.04166666666667,0.6233035714285714,231.47619047619048,2.325327380952381,0.38320535714285714
c21_14,-12.3,24.7,Zambia,2020-11-26,2020-12-21,2021-02-28,0.5924112746978114,Orange,1.278380470130414,False,0,129,11,10,16.878571428571426,27.049999999999994,0,314,49.9,9,78.1875,0.6591964285714285,233.86309523809524,2.4337202380952383,0.3857619047619047
c21_15,-12.3,24.9,Zambia,2020-11-25,2020-12-21,2021-02-28,0.5377775353336971,Orange,1.2470824332157124,False,0,127,11,11,17.35,27.68571428571429,1,320,66.9,9,77.64583333333333,0.6942857142857143,229.93154761904762,2.3476785714285713,0.3894702380952382
c21_16,-12.3,25.1,Zambia,2020-11-30,2020-12-21,2021-02-28,0.5963861518324487,Orange,1.3147648959119904,False,0,141,11,11,17.57857142857143,27.96428571428571,1,314,59.0,9,80.03571428571429,0.6420238095238096,228.64285714285714,1.636875,0.3819642857142857
c21_17,-12.3,25.3,Zambia,2020-11-27,2020-12-21,2021-02-28,0.6465288634498361,Orange,1.2993237208689516,False,0,141,11,11,17.29285714285714,27.307142857142857,1,316,65.8,8,80.04166666666667,0.6253273809523809,220.91369047619048,1.8086309523809525,0.4739285714285715
c21_18,-12.3,25.5,Zambia,2020-11-29,2020-12-21,2021-02-28,0.6217493330727482,Orange,1.3048954973588476,False,0,146,11,11,17.164285714285715,26.864285714285725,0,324,83.39999999999999,10,81.375,0.5647916666666667,223.0952380952381,2.017529761904762,0.4698065476190476
c21_19,-12.3,25.7,Zambia,2020-11-25,2020-12-21,2021-02-28,0.612733070790916,Orange,1.3183988646258005,False,0,142,11,11,17.235714285714284,26.8,0,324,98.60000000000002,9,81.0952380952381,0.5667559523809524,227.16071428571428,1.9788690476190478,0.4739880952380953
c21_20,-12.3,25.9,Zambia,2020-11-26,2020-12-21,2021-02-28,0.5669309695563688,Orange,1.210490232403001,False,0,128,10,10,17.4,26.18571428571428,0,334,73.3,9,79.05357142857143,0.6066964285714287,225.97916666666666,2.3392261904761904,0.4737916666666666
c21_21,-12.3,26.1,Zambia,2020-11-25,2020-12-21,2021-02-28,0.6464085099907811,Orange,1.3112404829093804,False,0,143,11,11,17.000000000000004,26.342857142857138,0,316,98.3,10,80.51190476190476,0.5751488095238095,227.50595238095238,2.0940178571428567,0.47355357142857146
c21_22,-12.3,26.3,Zambia,2020-11-30,2020-12-21,2021-02-28,0.631575146375294,Orange,1.2998244051092729,False,0,153,11,11,17.03571428571428,26.564285714285717,0,324,88.60000000000001,10,81.67559523809524,0.5520238095238095,225.77083333333334,2.041160714285714,0.4711220238095238
c21_23,-12.3,26.5,Zambia,2020-11-24,2020-12-21,2021-02-28,0.6665819888938253,Orange,1.2981460716191142,False,0,145,11,11,17.092857142857145,26.278571428571432,0,318,71.7,11,81.39583333333333,0.5506249999999999,222.48214285714286,2.0649702380952384,0.4698392857142857
c21_24,-12.3,26.7,Zambia,2020-11-24,2020-12-21,2021-02-28,0.6194962876196844,Orange,1.3167605126564623,False,0,145,10,10,17.19285714285714,26.692857142857147,1,322,65.8,8,81.81845238095238,0.5519047619047619,219.34821428571428,1.900267857142857,0.4641636904761905
c21_25,-12.3,26.9,Zambia,2020-11-24,2020-12-21,2021-02-28,0.6473321634627827,Orange,1.2830130266977564,False,0,151,11,11,17.142857142857142,25.814285714285713,0,324,67.9,10,82.41666666666667,0.5146726190476191,217.14285714285714,2.0927083333333334,0.4595089285714286
c21_26,-12.3,27.1,Zambia,2020-11-13,2020-12-21,2021-02-28,0.5887635262960761,Orange,1.2960038870169188,False,0,138,11,11,17.235714285714288,25.578571428571426,0,329,82.0,10,81.32440476190476,0.5350595238095238,218.22619047619048,2.1504464285714286,0.43947916666666675
c21_27,-12.3,27.3,Zambia,2020-11-13,2020-12-21,2021-02-28,0.6633931496671814,Orange,1.2817859750752958,False,0,161,14,14,17.285714285714285,25.72857142857143,0,331,86.5,10,82.49404761904762,0.5148511904761905,214.34821428571428,2.0376190476190477,0.46647619047619054
c21_28,-12.3,27.5,Zambia,2020-11-13,2020-12-21,2021-02-28,0.697394718898476,Orange,1.3519183845957252,False,0,162,14,14,17.178571428571427,25.52142857142857,0,330,57.9,7,82.97321428571429,0.4957142857142857,213.10714285714286,1.9308035714285714,0.46864880952380955
c21_29,-12.3,27.7,Zambia,2020-11-12,2020-12-21,2021-02-28,0.657391783598772,Orange,1.3395886792492337,False,0,149,13,13,17.37857142857143,25.492857142857144,0,336,61.70000000000001,9,81.375,0.5333630952380952,223.48214285714286,2.1721726190476187,0.46591666666666665
c21_36,-12.3,29.1,Zambia,2020-11-12,2020-12-21,2021-02-28,0.5891486909027117,Orange,1.2578347283262143,False,0,161,14,14,18.428571428571427,26.50714285714286,0,336,95.00000000000001,10,83.88095238095238,0.4836904761904761,211.42559523809524,1.6633928571428571,0.397797619047619
c21_37,-12.3,29.3,Zambia,2020-11-13,2020-12-21,2021-02-28,0.5635873066105954,Orange,1.2690224092508116,False,0,159,12,12,18.035714285714285,26.099999999999998,0,336,90.50000000000001,10,83.3452380952381,0.4912202380952381,217.77083333333334,1.9411904761904761,0.39892261904761905
c21_40,-12.3,29.9,Zambia,2020-11-10,2020-12-21,2021-02-28,0.5818719098504614,Orange,1.24375228097366,False,0,150,13,13,18.414285714285715,25.97857142857143,0,336,86.6,10,83.4375,0.4847619047619047,214.02678571428572,1.8485119047619045,0.3972053571428572
c21_41,-12.3,30.1,Zambia,2020-11-10,2020-12-21,2021-02-28,0.5634707937141814,Orange,1.2761533426977412,False,0,153,13,13,18.271428571428572,25.685714285714287,0,336,100.0,10,83.99404761904762,0.4624107142857143,207.20833333333334,1.861666666666667,0.3971279761904762
c21_42,-12.3,30.3,Zambia,2020-11-10,2020-12-21,2021-02-28,0.5980957765060999,Orange,1.346681038018515,False,0,157,13,13,17.857142857142858,25.664285714285715,0,335,82.30000000000001,11,84.625,0.4427083333333333,203.54166666666666,1.6272321428571428,0.4069345238095239
c21_43,-12.3,30.5,Zambia,2020-11-10,2020-12-21,2021-02-28,0.6488910083845151,Orange,1.4473861790672795,False,0,176,14,14,17.364285714285714,25.514285714285712,0,330,81.19999999999999,12,85.61309523809524,0.4172916666666666,202.7797619047619,1.6173511904761906,0.404077380952381
c21_44,-12.3,30.7,Zambia,2020-11-11,2020-12-21,2021-02-28,0.6384990094108796,Orange,1.8278353341679099,False,0,167,14,14,17.321428571428573,25.128571428571433,0,332,76.20000000000002,12,84.65178571428571,0.4288690476190476,201.71130952380952,1.7564880952380955,0.4038005952380953
c21_45,-12.3,30.9,Zambia,2020-11-10,2020-12-21,2021-02-28,0.6910761792579655,Orange,1.8988270016287252,False,0,169,14,14,16.72142857142857,24.642857142857142,0,312,82.3,10,85.76190476190476,0.39419642857142856,196.17857142857142,1.7960714285714285,0.3918988095238095
c21_46,-12.3,31.1,Zambia,2020-12-01,2020-12-21,2021-02-28,0.8190403627151934,Red,2.2699079084434413,False,0,183,14,11,16.250000000000004,23.964285714285715,0,266,72.60000000000001,8,86.67559523809524,0.35407738095238095,192.74107142857142,2.2229464285714284,0.3898869047619047
c21_47,-12.3,31.3,Zambia,2020-12-02,2020-12-21,2021-02-28,0.8707450825916527,Red,2.2939857486691495,True,1,187,14,8,15.73571428571429,23.50714285714286,0,237,79.80000000000001,12,86.69940476190476,0.34511904761904766,195.13392857142858,2.6925892857142855,0.39442857142857146
c21_48,-12.3,31.5,Zambia,2020-12-01,2020-12-21,2021-02-28,0.6558050313383906,Orange,1.8244768760596946,False,0,147,11,10,17.12142857142857,24.178571428571427,0,297,101.0,12,84.38690476190476,0.4116964285714285,203.02678571428572,2.8858928571428573,0.38794345238095235
c21_49,-12.3,31.7,Zambia,2020-11-30,2020-12-21,2021-02-28,0.6256320413445106,Orange,1.411739589202872,True,1,125,10,10,21.185714285714283,28.99285714285714,4,306,113.29999999999998,10,82.4702380952381,0.6136011904761905,218.88392857142858,1.270654761904762,0.4683422619047619
c21_50,-12.3,31.9,Zambia,2020-11-30,2020-12-21,2021-02-28,0.589725373705936,Orange,1.4312129119355501,False,0,133,11,11,21.264285714285712,29.014285714285712,3,307,108.7,11,83.17261904761905,0.5902380952380952,224.73511904761904,1.6669940476190477,0.3780267857142857
c21_51,-12.3,32.1,Zambia,2020-11-30,2020-12-21,2021-02-28,0.6211704116018771,Orange,1.444256831002676,False,0,131,12,12,21.442857142857143,29.157142857142862,3,303,99.1,10,83.40178571428571,0.582827380952381,226.44940476190476,1.633065476190476,0.3607202380952381
c21_52,-12.3,32.3,Zambia,2020-11-30,2020-12-21,2021-02-28,0.5995811453420653,Orange,1.5245463426504609,False,0,128,11,11,21.899999999999995,28.999999999999996,3,307,92.0,11,82.93452380952381,0.6013988095238095,218.58035714285714,1.7208928571428572,0.3793422619047619
c21_53,-12.3,32.5,Zambia,2020-11-30,2020-12-21,2021-02-28,0.5883149881729305,Orange,1.379004017472447,False,0,135,11,11,21.328571428571426,28.150000000000002,2,317,80.39999999999999,12,84.01785714285714,0.5395238095238095,215.60416666666666,1.7441964285714284,0.3695267857142857
c21_54,-12.3,32.7,Zambia,2020-11-29,2020-12-21,2021-02-28,0.5547850156246601,Orange,1.3751806479216728,False,0,141,12,12,20.099999999999998,26.700000000000006,0,334,82.39999999999999,12,85.0297619047619,0.4646130952380952,209.57142857142858,1.828482142857143,0.3651190476190476
c21_55,-12.3,32.9,Zambia,2020-11-29,2020-12-21,2021-02-28,0.562187983677906,Orange,1.3403860962441547,False,0,137,12,12,19.185714285714283,26.357142857142858,0,336,80.20000000000002,12,84.40178571428571,0.4664285714285714,216.29464285714286,1.9038690476190478,0.37826785714285716
c21_56,-12.3,33.1,Zambia,2020-11-30,2020-12-21,2021-02-28,0.5310830285150874,Orange,1.2448842899218726,False,0,132,11,11,18.635714285714283,25.78571428571429,0,334,81.10000000000001,13,83.43154761904762,0.475,217.08928571428572,2.2232738095238096,0.3628005952380952
c21_57,-12.3,33.3,Zambia,2020-12-01,2020-12-21,2021-02-28,0.5913407912619472,Orange,1.3421584211504995,False,0,146,13,13,17.664285714285715,25.51428571428571,0,324,93.10000000000001,12,83.49404761904762,0.46377976190476183,214.75595238095238,2.1929166666666666,0.3620833333333333
c21_58,-12.3,33.5,Malawi,2020-12-01,2020-12-21,2021-02-28,0.6388861491282222,Orange,1.8359765831669965,False,0,143,12,12,17.164285714285715,24.42142857142857,0,312,82.3,12,84.04166666666667,0.4211607142857143,208.5654761904762,2.617916666666667,0.3725952380952381
c21_59,-12.3,33.7,Malawi,2020-11-29,2020-12-21,2021-02-28,0.6936393930802252,Orange,2.0395192101356394,True,1,144,10,8,16.685714285714283,22.964285714285715,0,285,95.2,13,84.92261904761905,0.3706845238095238,197.68154761904762,2.9936011904761903,0.39138690476190474
c21_60,-12.3,33.9,Malawi,2020-12-01,2020-12-21,2021-02-28,0.5008650720997184,Orange,1.7610229104487831,False,0,134,9,8,17.685714285714287,25.135714285714283,0,318,117.5,10,82.22916666666667,0.5039285714285714,203.1845238095238,1.9305357142857145,0.3929940476190476
c22_11,-12.5,24.1,Zambia,2020-11-30,2020-12-21,2021-02-28,0.5892798843404181,Orange,1.2768371897396356,False,0,141,11,11,16.900000000000002,26.32857142857143,0,319,59.199999999999996,8,81.25892857142857,0.5492261904761905,232.33035714285714,2.3251488095238093,0.36064583333333333
c22_12,-12.5,24.3,Zambia,2020-11-27,2020-12-21,2021-02-28,0.7436503423725961,Orange,1.3459260852683719,False,0,132,11,9,16.142857142857142,26.207142857142856,0,271,67.59999999999998,11,80.15178571428571,0.5641369047619048,237.07142857142858,2.2704464285714288,0.3697232142857143
c22_13,-12.5,24.5,Zambia,2020-11-30,2020-12-21,2021-02-28,0.5364583513526948,Orange,1.2242668735379092,False,0,122,11,11,17.61428571428571,27.678571428571434,0,324,57.0,10,78.67261904761905,0.655952380952381,233.58928571428572,2.3372321428571428,0.36844642857142856
c22_14,-12.5,24.7,Zambia,2020-11-27,2020-12-21,2021-02-28,0.4772602982108003,Yellow,1.2470192925427623,False,0,126,9,9,17.792857142857144,27.521428571428572,0,329,79.79999999999998,9,78.7827380952381,0.6642559523809524,233.48511904761904,1.9620833333333334,0.3839255952380952
c22_15,-12.5,24.9,Zambia,2020-11-27,2020-12-21,2021-02-28,0.6098420546882082,Orange,1.2808237846615265,False,0,147,12,12,17.671428571428574,27.72142857142858,1,319,69.69999999999999,9,80.97916666666667,0.6144940476190477,234.6845238095238,1.648422619047619,0.3830952380952381
c22_16,-12.5,25.1,Zambia,2020-11-27,2020-12-21,2021-02-28,0.6280511105442225,Orange,1.2950601534104271,False,0,146,11,11,17.4,27.15,1,326,76.9,10,81.08928571428571,0.5884226190476189,236.55059523809524,1.8830357142857144,0.4571130952380952
c22_17,-12.5,25.3,Zambia,2020-11-30,2020-12-21,2021-02-28,0.6246303716359929,Orange,1.287358704377911,False,0,142,11,11,17.57857142857143,27.285714285714285,1,327,72.99999999999999,11,80.51785714285714,0.607827380952381,236.60119047619048,2.0107738095238097,0.46079761904761896
c22_18,-12.5,25.5,Zambia,2020-11-30,2020-12-21,2021-02-28,0.5516522067628306,Orange,1.210771954556763,False,0,118,10,10,17.92142857142857,27.078571428571426,1,331,79.69999999999999,10,78.74702380952381,0.6441369047619047,224.39285714285714,2.063541666666667,0.47429464285714285
c22_19,-12.5,25.7,Zambia,2020-11-30,2020-12-21,2021-02-28,0.571461766827948,Orange,1.3043904713274568,False,0,139,10,10,17.45,27.007142857142856,0,326,98.69999999999999,10,81.03869047619048,0.5740178571428571,223.14583333333334,1.9776190476190476,0.46672916666666664
c22_20,-12.5,25.9,Zambia,2020-11-30,2020-12-21,2021-02-28,0.593756674129301,Orange,1.272623167728112,False,0,141,10,10,17.40714285714286,26.828571428571426,0,330,76.5,10,80.1547619047619,0.5900297619047619,226.56845238095238,2.1412202380952383,0.47977380952380955
c22_21,-12.5,26.1,Zambia,2020-11-25,2020-12-21,2021-02-28,0.6032871820111464,Orange,1.257147937451345,False,0,140,10,10,17.135714285714283,26.26428571428571,0,328,71.2,10,80.62202380952381,0.5721130952380953,222.9672619047619,2.2706250000000003,0.47392261904761906
c22_22,-12.5,26.3,Zambia,2020-12-01,2020-12-21,2021-02-28,0.6333129423964922,Orange,1.3002931269607938,False,0,151,10,10,16.97142857142857,26.65714285714285,1,320,65.8,10,81.67261904761905,0.5569940476190476,218.80059523809524,2.020267857142857,0.46979761904761896
c22_23,-12.5,26.5,Zambia,2020-11-24,2020-12-21,2021-02-28,0.6332395424235036,Orange,1.3048508909882064,False,0,145,11,11,17.178571428571427,27.021428571428572,1,317,83.49999999999999,9,81.45238095238095,0.5734523809523809,219.23214285714286,1.8174404761904763,0.46685119047619045
c22_24,-12.5,26.7,Zambia,2020-11-24,2020-12-21,2021-02-28,0.6288171727247137,Orange,1.2902223313616676,False,0,143,11,11,17.20714285714286,26.914285714285715,1,324,66.69999999999999,9,81.14583333333333,0.580327380952381,220.1547619047619,1.7994940476190473,0.47032142857142856
c22_25,-12.5,26.9,Zambia,2020-11-13,2020-12-21,2021-02-28,0.6465158899002418,Orange,1.3227768911663553,False,0,142,11,11,17.028571428571432,26.335714285714282,0,318,78.0,8,81.97916666666667,0.5397023809523809,220.1845238095238,1.9338392857142856,0.4627886904761904
c22_26,-12.5,27.1,Zambia,2020-11-24,2020-12-21,2021-02-28,0.6170065116166843,Orange,1.293995633371236,False,0,144,11,11,17.099999999999998,25.792857142857144,0,326,86.5,10,82.4375,0.5122321428571428,218.48214285714286,2.021815476190476,0.45633630952380955
c22_27,-12.5,27.3,Zambia,2020-11-13,2020-12-21,2021-02-28,0.6307697623943443,Orange,1.2930319575920992,False,0,156,13,13,17.314285714285713,25.685714285714287,0,333,80.10000000000001,10,82.53869047619048,0.5119642857142856,211.66071428571428,2.0564285714285715,0.45574404761904763
c22_28,-12.5,27.5,Zambia,2020-11-13,2020-12-21,2021-02-28,0.6647490360352234,Orange,1.277917134543478,False,0,158,13,13,17.22857142857143,25.628571428571426,0,332,62.599999999999994,10,82.36011904761905,0.5125,213.35119047619048,2.1178869047619044,0.4677023809523809
c22_29,-12.5,27.7,Zambia,2020-11-13,2020-12-21,2021-02-28,0.6567565105089005,Orange,1.2943955369073807,False,0,130,13,13,17.47142857142857,25.72142857142857,0,335,49.099999999999994,10,80.76488095238095,0.5580952380952381,219.20833333333334,2.1080654761904762,0.47179166666666666
c22_30,-12.5,27.9,Zambia,2020-11-24,2020-12-21,2021-02-28,0.6484327564968196,Orange,1.2669671894675087,False,0,133,12,12,17.41428571428571,25.61428571428571,0,333,52.3,9,81.49702380952381,0.5273214285714286,222.0327380952381,2.2305952380952383,0.46619345238095233
c22_31,-12.5,28.1,Zambia,2020-11-24,2020-12-21,2021-02-28,0.6822211059003047,Orange,1.324262591461678,False,0,160,13,13,17.385714285714286,25.935714285714287,0,332,56.8,10,83.49107142857143,0.4819047619047619,220.13392857142858,2.1002380952380952,0.4615089285714286
c22_32,-12.5,28.3,Zambia,2020-11-13,2020-12-21,2021-02-28,0.655591394002088,Orange,1.259660955721915,False,0,132,13,13,17.95714285714286,25.50714285714286,0,336,55.9,9,81.94345238095238,0.5113988095238096,221.36011904761904,2.3499404761904765,0.4638244047619048
c22_40,-12.5,29.9,Zambia,2020-11-10,2020-12-21,2021-02-28,0.6059967430393222,Orange,1.3346996464925032,False,0,165,13,13,18.121428571428574,25.77142857142857,0,336,90.2,11,85.04761904761905,0.43330357142857134,217.0327380952381,1.8568749999999996,0.39719047619047626
c22_41,-12.5,30.1,Zambia,2020-11-14,2020-12-21,2021-02-28,0.5804839235159986,Orange,1.3530478520007105,False,0,157,12,12,18.099999999999998,25.52857142857143,0,336,84.2,11,85.08630952380952,0.426547619047619,205.3125,1.8457440476190479,0.40575
c22_42,-12.5,30.3,Zambia,2020-11-11,2020-12-21,2021-02-28,0.5604138184647349,Orange,1.3957167499845582,False,0,152,13,13,17.714285714285715,25.57857142857143,0,333,108.99999999999999,11,84.5,0.4411309523809524,199.47321428571428,1.6801488095238095,0.4028541666666667
c22_43,-12.5,30.5,Zambia,2020-11-10,2020-12-21,2021-02-28,0.596651615506828,Orange,1.6766849592719735,False,0,154,13,13,17.52857142857143,25.37857142857143,0,331,92.80000000000001,12,84.30654761904762,0.44443452380952386,200.74107142857142,1.6508333333333332,0.40681249999999997
c22_44,-12.5,30.7,Zambia,2020-11-10,2020-12-21,2021-02-28,0.7022140741835053,Orange,2.1350634051858384,False,0,172,14,14,16.764285714285712,24.564285714285713,0,311,94.9,12,86.29166666666667,0.36806547619047625,201.2202380952381,2.010833333333333,0.397827380952381
c22_45,-12.5,30.9,Zambia,2020-11-10,2020-12-21,2021-02-28,0.7937216429285718,Red,2.244717060480284,False,0,176,14,14,16.45,24.20714285714286,0,286,75.9,11,86.63690476190476,0.35473214285714283,197.86309523809524,2.0254166666666666,0.397422619047619
c22_46,-12.5,31.1,Zambia,2020-11-10,2020-12-21,2021-02-28,0.8609023807677483,Red,2.1721432553264393,False,0,188,14,11,15.971428571428572,24.0,0,251,66.50000000000001,11,86.39880952380952,0.361547619047619,193.5952380952381,2.468958333333333,0.4006279761904762
c22_47,-12.5,31.3,Zambia,2020-12-01,2020-12-21,2021-02-28,0.7434387332863981,Orange,1.8274628221497156,False,0,164,12,9,16.614285714285714,24.535714285714285,0,275,77.8,10,83.96130952380952,0.4335714285714286,197.17559523809524,2.925892857142857,0.39735119047619044
c22_48,-12.5,31.5,Zambia,2020-12-01,2020-12-21,2021-02-28,0.529464468298171,Orange,1.304545090950579,True,1,127,10,10,20.514285714285712,28.071428571428577,3,317,107.0,12,82.81547619047619,0.573422619047619,207.95238095238096,1.1979464285714287,0.3914880952380953
c22_49,-12.5,31.7,Zambia,2020-12-05,2020-12-21,2021-02-28,0.5771580842330528,Orange,1.3882537219692375,True,1,144,12,12,21.014285714285712,28.592857142857138,3,315,107.5,10,84.20238095238095,0.538125,212.35119047619048,1.3572916666666666,0.37557142857142856
c22_50,-12.5,31.9,Zambia,2020-12-05,2020-12-21,2021-02-28,0.5889123909632339,Orange,1.4509109215219727,False,0,130,11,11,21.592857142857138,28.928571428571423,3,308,105.6,10,83.13690476190476,0.5943452380952381,222.08630952380952,1.515952380952381,0.3792142857142857
c22_51,-12.5,32.1,Zambia,2020-12-05,2020-12-21,2021-02-28,0.6234182227507958,Orange,1.5616755538584475,False,0,140,11,11,22.02142857142857,29.00714285714286,3,307,89.4,11,83.90178571428571,0.5737797619047618,221.76190476190476,1.7494940476190477,0.38065773809523806
c22_52,-12.5,32.3,Zambia,2020-12-01,2020-12-21,2021-02-28,0.5986254207578585,Orange,1.5259192509557042,False,0,130,11,11,21.942857142857143,28.864285714285717,3,309,71.39999999999999,11,82.87202380952381,0.6022321428571429,212.92261904761904,1.7747619047619045,0.3691279761904762
c22_53,-12.5,32.5,Zambia,2020-12-01,2020-12-21,2021-02-28,0.5351583220361722,Orange,1.367520157219708,False,0,121,10,10,21.12142857142857,27.528571428571436,1,321,82.0,10,83.99404761904762,0.5225892857142858,202.86904761904762,1.7805059523809523,0.37717559523809524
c22_54,-12.5,32.7,Zambia,2020-12-01,2020-12-21,2021-02-28,0.5412879915866712,Orange,1.3967491431913435,False,0,142,11,11,19.892857142857142,26.514285714285712,0,336,78.1,11,85.19940476190476,0.45342261904761905,205.3452380952381,1.8910416666666663,0.3841488095238096
c22_55,-12.5,32.9,Zambia,2020-11-30,2020-12-21,2021-02-28,0.5163746830424669,Orange,1.2713626840265717,False,0,132,11,11,18.92142857142857,25.79285714285714,0,336,93.80000000000001,12,84.21428571428571,0.45982142857142855,214.47916666666666,2.186636904761905,0.37070833333333336
c22_56,-12.5,33.1,Zambia,2020-11-30,2020-12-21,2021-02-28,0.5515639998097502,Orange,1.6979715554458004,False,0,150,12,12,18.2,25.228571428571428,0,334,85.50000000000001,12,84.36309523809524,0.44119047619047624,215.2827380952381,2.502291666666667,0.3567946428571429
c22_57,-12.5,33.3,Zambia,2020-11-30,2020-12-21,2021-02-28,0.5870099375620239,Orange,1.7517717541268736,False,0,153,13,13,17.70714285714286,25.05,0,328,83.2,12,84.26488095238095,0.4355654761904762,207.51488095238096,2.6574107142857146,0.36671130952380954
c22_58,-12.5,33.5,Malawi,2020-11-30,2020-12-21,2021-02-28,0.4852171351558868,Yellow,1.7032439804668214,False,0,112,10,10,17.814285714285713,24.75714285714286,0,334,81.1,12,82.70535714285714,0.46761904761904766,203.82142857142858,2.837142857142857,0.3835119047619047
c22_59,-12.5,33.7,Malawi,2020-11-29,2020-12-21,2021-02-28,0.3864530776638995,Yellow,1.7015473278350282,False,0,101,7,7,18.157142857142855,24.678571428571427,0,335,92.09999999999998,10,82.24404761904762,0.48050595238095245,198.92261904761904,2.7915178571428574,0.37185714285714283
c22_60,-12.5,33.9,Malawi,2020-12-01,2020-12-21,2021-02-28,0.5236630227985601,Orange,1.372087344276935,False,0,121,9,9,20.835714285714285,28.457142857142856,3,312,75.5,9,81.625,0.6313690476190476,197.4077380952381,1.5955654761904763,0.4015714285714286
c22_61,-12.5,34.1,Malawi,2020-12-01,2020-12-21,2021-02-28,0.6227227284050487,Orange,1.424764765893913,False,0,130,9,9,21.178571428571427,28.74285714285715,3,309,93.89999999999999,9,84.37202380952381,0.5354464285714287,208.4672619047619,1.4575,0.4727589285714286
c23_10,-12.7,23.9,Zambia,2020-11-30,2020-12-21,2021-02-28,0.5312659535454967,Orange,1.2582309780058634,False,0,139,10,10,17.54285714285714,26.442857142857147,0,330,67.8,11,81.24404761904762,0.5495238095238095,233.75595238095238,2.273988095238095,0.36047619047619045
c23_11,-12.7,24.1,Zambia,2020-11-30,2020-12-21,2021-02-28,0.4982686164516028,Yellow,1.2260067775784627,False,0,124,10,10,17.764285714285712,26.928571428571423,0,331,66.10000000000001,11,80.4047619047619,0.5895833333333333,232.89285714285714,2.140416666666667,0.3502410714285714
c23_12,-12.7,24.3,Zambia,2020-11-30,2020-12-21,2021-02-28,0.5088952242798778,Orange,1.2880784138982906,False,0,136,10,10,17.557142857142857,27.300000000000004,0,331,84.69999999999999,11,81.73511904761905,0.556577380952381,231.98214285714286,1.9417857142857144,0.37694345238095234
c23_13,-12.7,24.5,Zambia,2020-11-30,2020-12-21,2021-02-28,0.545985253948637,Orange,1.2629672260389182,False,0,150,12,12,17.72857142857143,27.75,1,328,95.9,10,81.54464285714286,0.5802678571428571,232.52678571428572,1.8041071428571427,0.3811369047619048
c23_14,-12.7,24.7,Zambia,2020-11-30,2020-12-21,2021-02-28,0.5953267836598795,Orange,1.264325717960125,False,0,165,13,13,17.585714285714285,27.435714285714287,1,326,107.30000000000001,11,82.94047619047619,0.5377678571428571,235.38690476190476,1.7377083333333334,0.3862767857142857
c23_15,-12.7,24.9,Zambia,2020-11-27,2020-12-21,2021-02-28,0.5751008745388128,Orange,1.2672708888696071,False,0,160,12,12,17.742857142857144,27.24285714285714,0,326,116.1,11,83.05357142857143,0.5310119047619047,237.82142857142858,1.8734821428571429,0.3851041666666667
c23_16,-12.7,25.1,Zambia,2020-11-27,2020-12-21,2021-02-28,0.5625330920412946,Orange,1.26755482348644,False,0,150,11,11,17.73571428571428,26.835714285714285,0,327,91.2,11,82.625,0.533779761904762,236.44642857142858,1.997440476190476,0.37009821428571427
c23_17,-12.7,25.3,Zambia,2020-11-30,2020-12-21,2021-02-28,0.6138277202596988,Orange,1.2566131265280587,False,0,155,12,12,17.685714285714283,27.49285714285715,1,323,78.69999999999999,11,82.26488095238095,0.5651488095238095,235.61904761904762,1.7811904761904762,0.3918898809523809
c23_18,-12.7,25.5,Zambia,2020-11-30,2020-12-21,2021-02-28,0.6371452725170198,Orange,1.2745307128423875,False,0,150,11,11,17.59285714285714,27.492857142857137,1,327,79.19999999999999,11,81.74702380952381,0.5795833333333333,234.66964285714286,1.826904761904762,0.47416964285714286
c23_19,-12.7,25.7,Zambia,2020-11-30,2020-12-21,2021-02-28,0.6560961678968015,Orange,1.2980339244287975,False,0,154,11,11,17.25,27.585714285714282,1,319,85.39999999999999,10,81.61309523809524,0.5828571428571427,233.4702380952381,1.8752083333333336,0.4799523809523809
c23_20,-12.7,25.9,Zambia,2020-11-30,2020-12-21,2021-02-28,0.6118017287201463,Orange,1.271173862795466,False,0,143,10,10,17.428571428571427,27.071428571428566,1,323,76.10000000000001,10,80.26488095238095,0.6016369047619048,227.14285714285714,2.118005952380952,0.4751666666666666
c23_21,-12.7,26.1,Zambia,2020-11-30,2020-12-21,2021-02-28,0.6251790698710425,Orange,1.3019106261120652,False,0,147,10,10,17.164285714285715,26.99285714285714,1,318,81.9,11,80.98214285714286,0.5808333333333333,221.36309523809524,2.030535714285714,0.47722321428571424
c23_22,-12.7,26.3,Zambia,2020-11-24,2020-12-21,2021-02-28,0.6027778905832654,Orange,1.2777606412472398,False,0,151,10,10,17.185714285714287,26.5,1,325,72.2,10,81.52380952380952,0.5624107142857143,216.0029761904762,2.0823809523809524,0.467235119047619
c23_23,-12.7,26.5,Zambia,2020-11-30,2020-12-21,2021-02-28,0.6522452251627999,Orange,1.288178916387434,False,0,156,11,11,17.171428571428574,26.807142857142857,1,320,67.7,10,81.28869047619048,0.5814880952380952,217.77678571428572,1.8732738095238097,0.4750833333333333
c23_24,-12.7,26.7,Zambia,2020-11-23,2020-12-21,2021-02-28,0.6421060071302016,Orange,1.318333053798165,False,0,149,11,11,16.92142857142857,26.814285714285713,1,315,87.60000000000002,9,81.38095238095238,0.5620833333333334,220.53869047619048,2.0309821428571433,0.4711488095238095
c23_25,-12.7,26.9,Zambia,2020-12-01,2020-12-21,2021-02-28,0.6264039878998979,Orange,1.301309922240834,False,0,143,11,11,17.03571428571428,26.464285714285715,0,319,83.1,8,81.5922619047619,0.5482440476190477,218.14583333333334,2.1147321428571426,0.4624285714285715
c23_26,-12.7,27.1,Zambia,2020-11-22,2020-12-21,2021-02-28,0.616426234672782,Orange,1.2620678209579836,False,0,148,10,10,17.09285714285714,26.014285714285716,0,323,73.8,11,82.23511904761905,0.5189285714285714,212.0,2.159107142857143,0.46454761904761904
c23_27,-12.7,27.3,Zambia,2020-11-29,2020-12-21,2021-02-28,0.6257675552598798,Orange,1.26675825329545,False,0,157,11,11,17.192857142857143,26.314285714285717,0,327,67.2,11,82.67857142857143,0.5252976190476191,209.14583333333334,1.9139285714285716,0.4623363095238095
c23_28,-12.7,27.5,Zambia,2020-11-13,2020-12-21,2021-02-28,0.6207231771554204,Orange,1.2900244333080544,False,0,159,11,11,17.27142857142857,26.01428571428571,0,332,65.0,11,82.92857142857143,0.5083630952380952,210.78571428571428,2.0042857142857144,0.46308928571428576
c23_29,-12.7,27.7,Zambia,2020-11-13,2020-12-21,2021-02-28,0.6339593215708612,Orange,1.270392207183399,False,0,160,12,12,17.185714285714287,25.63571428571429,0,334,66.10000000000001,10,82.70833333333333,0.503452380952381,209.98511904761904,2.1890773809523814,0.4700803571428572
c23_30,-12.7,27.9,Zambia,2020-11-24,2020-12-21,2021-02-28,0.6277210683789887,Orange,1.7630953600633104,False,0,156,11,11,17.38571428571429,25.178571428571427,0,334,66.80000000000001,11,83.13988095238095,0.48083333333333333,211.24404761904762,2.287410714285714,0.4676726190476191
c23_31,-12.7,28.1,Zambia,2020-11-24,2020-12-21,2021-02-28,0.6275862250141377,Orange,1.273555305220463,False,0,151,12,12,17.507142857142856,26.071428571428577,0,330,91.9,10,82.54464285714286,0.5157738095238095,216.27380952380952,1.9919642857142856,0.47314285714285714
c23_32,-12.7,28.3,Zambia,2020-11-29,2020-12-21,2021-02-28,0.6550625769670051,Orange,1.29202744200098,False,0,162,12,12,17.564285714285713,26.099999999999998,0,329,79.29999999999998,11,83.11904761904762,0.5066071428571428,218.2172619047619,1.946934523809524,0.46642559523809524
c23_40,-12.7,29.9,Zambia,2020-11-10,2020-12-21,2021-02-28,0.5746837134603051,Orange,1.5683251451794489,False,0,175,12,12,17.642857142857142,25.428571428571427,0,335,108.0,11,86.06845238095238,0.39821428571428574,207.2172619047619,1.8215773809523808,0.4046994047619048
c23_41,-12.7,30.1,Zambia,2020-11-11,2020-12-21,2021-02-28,0.6171407241024396,Orange,1.6018929674450952,False,0,177,13,13,17.47142857142857,25.428571428571423,0,332,90.8,11,86.4077380952381,0.38782738095238095,201.4702380952381,1.6327380952380952,0.4031815476190476
c23_42,-12.7,30.3,Zambia,2020-12-01,2020-12-21,2021-02-28,0.6454613469260649,Orange,1.8297190250128839,False,0,163,13,13,17.314285714285713,24.87857142857143,0,328,66.9,12,85.9702380952381,0.3850595238095238,195.63988095238096,1.7288690476190478,0.4020833333333334
c23_43,-12.7,30.5,Zambia,2020-11-13,2020-12-21,2021-02-28,0.7107961305592578,Orange,2.2445351538358547,False,0,175,13,13,16.65714285714286,24.671428571428578,0,305,85.39999999999999,12,86.80357142857143,0.359702380952381,192.88988095238096,1.7566666666666666,0.4013482142857143
c23_44,-12.7,30.7,Zambia,2020-11-10,2020-12-21,2021-02-28,0.7261492338337467,Orange,1.9419284350499366,False,0,168,14,14,16.75714285714286,24.25,0,305,85.5,13,85.20833333333333,0.3877380952380953,198.36607142857142,2.061369047619048,0.3993363095238095
c23_45,-12.7,30.9,Zambia,2020-11-10,2020-12-21,2021-02-28,0.8517779116040163,Red,2.2621334228052996,True,1,177,14,12,16.192857142857143,23.642857142857142,0,255,79.39999999999999,11,86.64285714285714,0.3405059523809524,200.44345238095238,2.680684523809524,0.38934821428571426
c23_46,-12.7,31.1,Zambia,2020-11-10,2020-12-21,2021-02-28,0.8236279474950775,Red,2.1373091798009,False,0,177,14,12,16.357142857142854,23.842857142857138,0,269,59.5,8,85.85416666666667,0.36699404761904764,199.91666666666666,2.61514880952381,0.38477976190476193
c23_47,-12.7,31.3,Zambia,2020-12-01,2020-12-21,2021-02-28,0.5605533439924979,Orange,1.7825181189754604,False,0,155,11,11,17.46428571428571,25.085714285714285,0,325,85.2,12,84.8422619047619,0.42050595238095234,196.0327380952381,2.532916666666667,0.3880952380952381
c23_48,-12.7,31.5,Zambia,2020-12-01,2020-12-21,2021-02-28,0.5222310002226617,Orange,1.294822164245934,True,1,129,11,11,20.26428571428571,27.907142857142862,3,319,111.70000000000002,10,82.79464285714286,0.5614285714285716,204.25595238095238,1.2285119047619046,0.388172619047619
c23_49,-12.7,31.7,Zambia,2020-12-02,2020-12-21,2021-02-28,0.5008855647698248,Orange,1.3551875838602339,False,0,126,10,10,21.192857142857143,28.36428571428571,2,318,145.79999999999998,13,83.69047619047619,0.5486607142857144,212.8452380952381,1.576815476190476,0.3966011904761904
c23_50,-12.7,31.9,Zambia,2020-12-02,2020-12-21,2021-02-28,0.5685980286268059,Orange,1.4734076098832336,False,0,122,11,11,21.764285714285712,28.99285714285714,3,307,107.10000000000002,9,83.31845238095238,0.5899404761904762,216.20535714285714,1.6058333333333332,0.37341369047619044
c23_51,-12.7,32.1,Zambia,2020-11-30,2020-12-21,2021-02-28,0.5590142283625329,Orange,1.5786422328698693,False,0,125,11,11,22.042857142857148,29.02857142857143,4,306,97.2,9,82.73214285714286,0.6133333333333334,215.63095238095238,1.7266071428571428,0.3529672619047619
c23_52,-12.7,32.3,Zambia,2020-12-01,2020-12-21,2021-02-28,0.5248782474730314,Orange,1.420248591977848,False,0,131,10,10,21.57857142857143,28.435714285714287,3,312,108.3,11,83.64583333333333,0.5625297619047619,209.625,1.8574404761904764,0.36361904761904756
c23_53,-12.7,32.5,Zambia,2020-12-01,2020-12-21,2021-02-28,0.5084927810451751,Orange,1.3698372640618095,False,0,122,10,10,20.428571428571427,26.92142857142857,0,331,95.29999999999998,12,84.5952380952381,0.48175595238095237,206.00595238095238,1.9802976190476191,0.38724107142857145
c23_54,-12.7,32.7,Zambia,2020-12-01,2020-12-21,2021-02-28,0.4966184695904194,Yellow,1.3103344673141615,False,0,136,11,11,19.5,26.014285714285712,0,336,106.1,11,84.80654761904762,0.4539880952380953,205.67261904761904,2.151696428571429,0.3761755952380953
c23_55,-12.7,32.9,Zambia,2020-12-01,2020-12-21,2021-02-28,0.5628698482735887,Orange,1.696020617352922,False,0,152,12,12,18.37142857142857,25.271428571428572,0,335,80.3,13,85.36904761904762,0.4114285714285715,208.03571428571428,2.637797619047619,0.3731160714285714
c23_56,-12.7,33.1,Malawi,2020-11-30,2020-12-21,2021-02-28,0.46894415423187863,Yellow,1.1818939643299224,False,0,149,10,10,18.357142857142858,25.68571428571429,0,335,86.2,10,84.16666666666667,0.45702380952380955,207.70535714285714,2.6616071428571426,0.3466369047619048
c23_57,-12.7,33.3,Malawi,2020-12-01,2020-12-21,2021-02-28,0.44335394913260723,Yellow,1.1120375130291813,False,0,115,10,10,18.73571428571429,25.928571428571434,0,336,90.7,11,82.5625,0.5059523809523809,207.48511904761904,2.6324107142857143,0.3623452380952381
c23_58,-12.7,33.5,Malawi,2020-11-30,2020-12-21,2021-02-28,0.41255998317885373,Yellow,1.0954509210970897,False,0,112,9,9,18.72142857142857,25.87142857142857,0,336,81.8,10,81.82738095238095,0.5261904761904762,212.51488095238096,2.849613095238095,0.3391755952380952
c23_59,-12.7,33.7,Malawi,2020-12-01,2020-12-21,2021-02-28,0.4473288721874838,Yellow,1.1547817987835725,False,0,121,10,10,18.992857142857144,26.62857142857143,1,333,58.50000000000001,9,80.9047619047619,0.5842857142857143,211.24404761904762,2.422380952380952,0.33041964285714287
c23_60,-12.7,33.9,Malawi,2020-12-01,2020-12-21,2021-02-28,0.5969831230449921,Orange,1.3527614566633561,False,0,146,11,11,20.65,28.15,2,316,58.3,10,82.78571428571429,0.5797321428571428,202.41071428571428,1.8883333333333334,0.3950476190476191
c23_61,-12.7,34.1,Malawi,2020-11-30,2020-12-21,2021-02-28,0.5430104665612947,Orange,1.3223416528819352,False,0,133,11,11,20.892857142857142,28.43571428571428,3,325,81.30000000000001,10,82.79464285714286,0.5756547619047618,207.51488095238096,1.6454166666666667,0.4035595238095238
c24_11,-12.9,24.1,Zambia,2020-11-30,2020-12-21,2021-02-28,0.5283536586131581,Orange,1.2916690983526318,False,0,143,11,11,17.557142857142857,27.21428571428572,0,331,89.3,10,81.12797619047619,0.5855952380952381,237.66964285714286,2.022797619047619,0.37554464285714284
c24_12,-12.9,24.3,Zambia,2020-11-30,2020-12-21,2021-02-28,0.5437327029841021,Orange,1.2792680365426397,False,0,147,11,11,17.657142857142855,27.34285714285715,0,330,76.8,11,81.16369047619048,0.5828869047619046,235.15178571428572,2.036577380952381,0.37308035714285714
c24_13,-12.9,24.5,Zambia,2020-11-30,2020-12-21,2021-02-28,0.5226404222466695,Orange,1.2477116348734751,False,0,149,11,11,17.599999999999998,27.071428571428577,0,329,101.19999999999999,10,82.41964285714286,0.5390178571428572,233.48214285714286,2.157946428571429,0.36824404761904767
c24_14,-12.9,24.7,Zambia,2020-11-27,2020-12-21,2021-02-28,0.5324815891121786,Orange,1.2904606485661685,False,0,161,11,11,17.849999999999998,27.314285714285713,1,330,104.8,11,83.29464285714286,0.5242261904761905,236.20238095238096,1.9230654761904762,0.36705059523809525
c24_15,-12.9,24.9,Zambia,2020-11-30,2020-12-21,2021-02-28,0.5904824379258112,Orange,1.2572299377590557,False,0,166,12,12,17.835714285714285,27.564285714285717,1,327,107.0,11,83.2827380952381,0.5372619047619047,238.6220238095238,1.7494940476190477,0.3967440476190476
c24_16,-12.9,25.1,Zambia,2020-11-23,2020-12-21,2021-02-28,0.5745228182555957,Orange,1.2279100043675333,False,0,148,11,11,18.00714285714286,27.385714285714283,1,326,94.4,11,82.0327380952381,0.567767857142857,237.86607142857142,1.841547619047619,0.39785416666666656
c24_17,-12.9,25.3,Zambia,2020-11-30,2020-12-21,2021-02-28,0.5241187579518596,Orange,1.2078617135722682,False,0,132,10,10,18.014285714285716,26.914285714285718,1,328,94.39999999999999,11,79.79464285714286,0.6210714285714285,234.7827380952381,2.0468154761904764,0.3996755952380952
c24_18,-12.9,25.5,Zambia,2020-11-30,2020-12-21,2021-02-28,0.5564325328963295,Orange,1.2596134365768004,False,0,138,11,11,17.707142857142852,26.77857142857143,0,330,74.4,11,80.28869047619048,0.597827380952381,229.73214285714286,2.1158035714285712,0.3982202380952381
c24_19,-12.9,25.7,Zambia,2020-11-30,2020-12-21,2021-02-28,0.5760122746185188,Orange,1.2952761579744436,False,0,154,11,11,17.09285714285714,26.678571428571427,0,321,95.7,11,82.11607142857143,0.5451190476190476,223.57142857142858,1.9699404761904762,0.39783333333333326
c24_20,-12.9,25.9,Zambia,2020-11-30,2020-12-21,2021-02-28,0.6030789377547802,Orange,1.3257753973643391,False,0,162,11,11,16.935714285714287,26.95,1,312,105.30000000000001,11,82.29761904761905,0.5447619047619048,224.24404761904762,1.921875,0.4038452380952381
c24_21,-12.9,26.1,Zambia,2020-11-13,2020-12-21,2021-02-28,0.5965729370727828,Orange,1.3018646478393943,False,0,163,11,11,16.885714285714286,26.442857142857147,1,313,109.5,11,82.47916666666667,0.5265178571428571,224.19345238095238,2.1471428571428572,0.3978154761904762
c24_22,-12.9,26.3,Zambia,2020-11-30,2020-12-21,2021-02-28,0.6023326848698694,Orange,1.313385164662217,False,0,158,11,11,17.000000000000004,26.785714285714285,2,312,90.0,11,82.01190476190476,0.5580654761904762,219.6547619047619,1.859017857142857,0.3970595238095238
c24_23,-12.9,26.5,Zambia,2020-11-29,2020-12-21,2021-02-28,0.5824387887990102,Orange,1.2705936352656884,False,0,163,11,11,17.221428571428568,26.957142857142856,2,317,87.1,11,82.125,0.5598214285714287,215.93154761904762,1.8477380952380953,0.39750892857142855
c24_24,-12.9,26.7,Zambia,2020-11-29,2020-12-21,2021-02-28,0.6037457411542592,Orange,1.2858885782018823,False,0,146,11,11,17.24285714285714,26.478571428571428,1,326,77.69999999999999,11,81.55357142857143,0.559047619047619,212.0,2.0478273809523806,0.46592857142857147
c24_25,-12.9,26.9,Zambia,2020-11-29,2020-12-21,2021-02-28,0.6378773662744789,Orange,1.2764600857856876,False,0,150,11,11,17.185714285714283,26.778571428571432,1,320,75.50000000000001,11,82.10714285714286,0.5481845238095238,212.97321428571428,1.8095535714285713,0.4694851190476191
c24_26,-12.9,27.1,Zambia,2020-11-29,2020-12-21,2021-02-28,0.5863193350327932,Orange,1.2949443435872392,False,0,142,10,10,17.307142857142857,26.450000000000006,1,328,74.9,11,81.73809523809524,0.5447619047619048,209.77083333333334,1.9683630952380953,0.47420535714285716
c24_27,-12.9,27.3,Zambia,2020-11-29,2020-12-21,2021-02-28,0.6022680527400683,Orange,1.251648097744097,False,0,153,11,11,17.464285714285715,26.842857142857145,1,327,78.6,11,82.1875,0.5461607142857142,207.71428571428572,1.8410714285714282,0.4699077380952381
c24_28,-12.9,27.5,Zambia,2020-11-13,2020-12-21,2021-02-28,0.6094598136794753,Orange,1.3189380766209653,False,0,140,11,11,17.285714285714285,26.571428571428566,0,328,70.6,11,82.64880952380952,0.5213690476190477,205.20535714285714,1.896607142857143,0.4757886904761905
c24_29,-12.9,27.7,Zambia,2020-11-11,2020-12-21,2021-02-28,0.5633053393386941,Orange,1.2454905758864785,False,0,122,10,10,17.53571428571429,26.342857142857145,1,331,59.300000000000004,11,80.21130952380952,0.5866071428571429,208.3720238095238,2.1096726190476187,0.467452380952381
c24_30,-12.9,27.9,Zambia,2020-11-10,2020-12-21,2021-02-28,0.6082396771062238,Orange,1.2526201675924618,False,0,136,11,11,17.435714285714287,25.714285714285715,0,331,79.8,11,81.97916666666667,0.5262797619047619,213.22321428571428,2.157470238095238,0.47560416666666666
c24_31,-12.9,28.1,Zambia,2020-11-29,2020-12-21,2021-02-28,0.6207080211194493,Orange,1.2107828912824408,False,0,132,11,11,17.942857142857143,26.092857142857145,0,332,63.2,11,80.66964285714286,0.5683928571428571,219.57142857142858,2.148988095238095,0.47404761904761894
c24_32,-12.9,28.3,Zambia,2020-11-30,2020-12-21,2021-02-28,0.600296477596216,Orange,1.252352327968624,False,0,147,11,11,17.885714285714286,26.092857142857145,0,332,90.80000000000001,11,82.33630952380952,0.5218452380952381,221.47321428571428,2.029017857142857,0.4561071428571429
c24_33,-12.9,28.5,Zambia,2020-11-29,2020-12-21,2021-02-28,0.6046454764966728,Orange,1.3962343106822872,False,0,139,11,11,17.514285714285712,25.457142857142856,0,336,87.99999999999999,11,82.01488095238095,0.5088690476190477,223.4375,2.3059523809523808,0.4756458333333334
c24_34,-12.9,28.7,Zambia,2020-11-30,2020-12-21,2021-02-28,0.6582989832989462,Orange,1.3017617095692697,False,0,154,12,12,17.557142857142857,25.62857142857143,0,335,72.1,11,82.77678571428571,0.49779761904761904,224.1577380952381,2.073095238095238,0.4752559523809523
c24_40,-12.9,29.9,Zambia,2020-11-10,2020-12-21,2021-02-28,0.5759838399089567,Orange,1.803133375043065,False,0,150,12,12,17.514285714285716,25.107142857142854,0,332,88.7,11,84.65178571428571,0.42627976190476186,204.52678571428572,1.982827380952381,0.3985059523809524
c24_41,-12.9,30.1,Zambia,2020-11-11,2020-12-21,2021-02-28,0.5999518522564282,Orange,1.8314832923732525,False,0,147,13,13,17.578571428571426,24.9,0,333,74.3,12,84.88988095238095,0.413125,197.70833333333334,1.9755654761904764,0.3971636904761905
c24_42,-12.9,30.3,Zambia,2020-11-11,2020-12-21,2021-02-28,0.6317698041128477,Orange,2.0570666685109478,False,0,151,13,13,17.11428571428571,23.978571428571428,0,326,68.70000000000002,11,85.70238095238095,0.37,188.30654761904762,2.100714285714286,0.39691369047619046
c24_43,-12.9,30.5,Zambia,2020-12-01,2020-12-21,2021-02-28,0.7848465557964598,Red,2.3553575037591075,False,0,193,13,12,16.371428571428574,23.735714285714288,0,283,85.8,12,87.91666666666667,0.30955357142857143,186.5297619047619,2.0608333333333335,0.40301488095238097
c24_44,-12.9,30.7,Zambia,2020-11-30,2020-12-21,2021-02-28,0.8211686942945401,Red,2.28902126678309,True,1,182,13,10,16.321428571428573,22.9,0,260,92.10000000000001,13,87.00892857142857,0.3159226190476191,191.54464285714286,2.783839285714286,0.38719345238095243
c24_45,-12.9,30.9,Zambia,2020-11-10,2020-12-21,2021-02-28,0.8483225985525626,Red,2.2779726448773197,True,1,180,14,12,16.235714285714284,23.21428571428572,0,254,84.39999999999999,13,86.08630952380952,0.3457142857142857,194.88988095238096,2.7007738095238096,0.38232738095238095
c24_46,-12.9,31.1,Zambia,2020-12-01,2020-12-21,2021-02-28,0.8684871557285414,Red,2.2802660917223734,True,1,183,14,10,15.985714285714286,23.421428571428574,0,243,58.9,11,86.38095238095238,0.34348214285714285,195.68154761904762,2.6514285714285712,0.3694047619047619
c24_47,-12.9,31.3,Zambia,2020-12-01,2020-12-21,2021-02-28,0.42296062551803365,Yellow,1.2350862183524225,False,0,142,8,8,18.464285714285715,25.914285714285718,0,334,113.7,12,82.82440476190476,0.4977976190476191,196.39583333333334,2.0111309523809524,0.39275892857142863
c24_48,-12.9,31.5,Zambia,2020-12-02,2020-12-21,2021-02-28,0.5208294925910376,Orange,1.3425107668459635,False,0,131,10,10,20.70714285714286,28.557142857142853,3,315,95.69999999999997,9,83.04761904761905,0.5773511904761905,202.60714285714286,1.363422619047619,0.3844315476190476
c24_49,-12.9,31.7,Zambia,2020-12-02,2020-12-21,2021-02-28,0.5909545110060093,Orange,1.4305390798937232,False,0,137,12,12,21.599999999999998,28.700000000000006,3,314,104.6,11,84.15178571428571,0.5486309523809525,212.53869047619048,1.6547321428571429,0.3880863095238095
c24_50,-12.9,31.9,Zambia,2020-12-02,2020-12-21,2021-02-28,0.5707690501563121,Orange,1.5739741543281944,False,0,127,11,11,22.071428571428566,29.135714285714283,4,308,91.4,11,83.2827380952381,0.5936904761904762,215.70833333333334,1.7086011904761902,0.35804166666666665
c24_51,-12.9,32.1,Zambia,2020-12-01,2020-12-21,2021-02-28,0.557673770907277,Orange,1.4462632575266396,False,0,129,11,11,21.75,28.692857142857143,3,311,88.70000000000002,11,83.33035714285714,0.5793154761904761,208.72916666666666,1.7810119047619046,0.35729761904761903
c24_52,-12.9,32.3,Zambia,2020-12-02,2020-12-21,2021-02-28,0.5408342944825503,Orange,1.394509260345988,False,0,126,10,10,21.25714285714286,27.83571428571429,3,320,95.4,13,84.44642857142857,0.5147619047619048,209.64285714285714,1.8074107142857145,0.3817886904761905
c24_53,-12.9,32.5,Zambia,2020-12-01,2020-12-21,2021-02-28,0.5338728365457791,Orange,1.3206820476283587,False,0,125,10,10,19.97857142857143,26.235714285714288,0,336,65.89999999999999,10,85.08630952380952,0.4522619047619047,210.77380952380952,2.1665773809523805,0.38341964285714286
c24_54,-12.9,32.7,Zambia,2020-11-30,2020-12-21,2021-02-28,0.5275425862128467,Orange,1.285560662518959,False,0,150,11,11,19.278571428571432,26.114285714285717,0,336,81.1,9,85.22619047619048,0.43943452380952375,209.23214285714286,2.213065476190476,0.3685386904761905
c24_55,-12.9,32.9,Zambia,2020-11-30,2020-12-21,2021-02-28,0.5471011112290072,Orange,1.2740893276808352,False,0,163,11,11,18.557142857142857,25.74285714285714,0,336,90.59999999999998,12,85.86904761904762,0.41348214285714285,209.6904761904762,2.277827380952381,0.38327083333333334
c24_56,-12.9,33.1,Malawi,2020-12-01,2020-12-21,2021-02-28,0.4599793894259769,Yellow,1.2041654497115364,False,0,132,11,11,18.97142857142857,26.50714285714286,0,336,90.00000000000001,10,82.75595238095238,0.5229464285714285,207.9672619047619,2.3085714285714283,0.35132142857142856
c24_57,-12.9,33.3,Malawi,2020-12-01,2020-12-21,2021-02-28,0.44628237775501844,Yellow,1.2140109929540088,False,0,131,11,11,19.114285714285717,26.849999999999998,0,334,94.1,10,82.25297619047619,0.5496130952380952,207.91071428571428,2.1359523809523813,0.33917857142857144
c24_58,-12.9,33.5,Malawi,2020-12-01,2020-12-21,2021-02-28,0.45699981779044596,Yellow,1.2371810266105785,False,0,133,11,11,19.292857142857144,27.199999999999996,1,330,72.4,9,81.57142857142857,0.5839285714285714,214.9345238095238,2.075297619047619,0.3047708333333333
c24_59,-12.9,33.7,Malawi,2020-12-01,2020-12-21,2021-02-28,0.4905792993314048,Yellow,1.219915204284265,False,0,142,11,11,18.985714285714288,26.907142857142855,0,333,54.8,10,81.50297619047619,0.5714285714285714,220.26190476190476,2.2511904761904757,0.3096964285714286
c24_60,-12.9,33.9,Malawi,2020-11-29,2020-12-21,2021-02-28,0.5331697495291141,Orange,1.172695040379936,False,0,142,11,11,19.135714285714283,26.135714285714283,0,334,77.69999999999999,10,83.29761904761905,0.49991071428571426,205.71130952380952,2.4049107142857142,0.39498809523809525
c24_61,-12.9,34.1,Malawi,2020-11-29,2020-12-21,2021-02-28,0.5231543668030947,Orange,1.3638232903797103,False,0,133,10,10,20.77142857142857,29.11428571428571,4,309,96.1,9,81.88690476190476,0.6444642857142856,203.88095238095238,1.7455654761904762,0.39297619047619053
c24_62,-12.9,34.3,Malawi,2020-11-29,2020-12-21,2021-02-28,0.44683778130965107,Yellow,1.5361705624328326,False,0,122,10,10,22.37142857142857,28.40714285714285,1,321,70.9,7,84.5297619047619,0.5321130952380952,216.1279761904762,2.0,0.2428065476190476
c25_1,-13.1,22.1,Zambia,2020-11-26,2020-12-21,2021-02-28,0.36271743596503137,Yellow,1.182829331011086,False,0,100,9,9,18.24285714285714,27.50714285714286,0,322,40.79999999999999,9,76.85416666666667,0.7198809523809524,251.48511904761904,2.590327380952381,0.16404464285714287
c25_2,-13.1,22.3,Zambia,2020-11-18,2020-12-21,2021-02-28,0.3456404279430768,Yellow,1.1542001996045166,False,0,105,9,9,18.271428571428572,27.435714285714283,1,323,55.4,8,77.11607142857143,0.7132440476190476,251.0654761904762,2.584375,0.16717559523809525
c25_3,-13.1,22.5,Zambia,2020-11-22,2020-12-21,2021-02-28,0.3346300537654968,Yellow,1.1427520988623616,False,0,101,8,8,18.35,27.321428571428577,0,327,39.1,8,77.30952380952381,0.7022916666666668,247.4345238095238,2.548869047619047,0.17154166666666668
c25_4,-13.1,22.7,Zambia,2020-11-24,2020-12-21,2021-02-28,0.38921361060502213,Yellow,1.1440009491236716,False,0,102,9,9,18.985714285714288,27.228571428571428,1,326,43.2,6,77.68154761904762,0.6961904761904762,239.09821428571428,2.403005952380952,0.23021428571428573
c25_5,-13.1,22.9,Zambia,2020-12-01,2020-12-21,2021-02-28,0.4058839383278889,Yellow,1.1687574206584352,False,0,102,7,7,18.449999999999996,27.321428571428573,1,329,46.2,7,78.86309523809524,0.6529761904761904,235.9404761904762,2.294077380952381,0.31241071428571426
c25_6,-13.1,23.1,Zambia,2020-11-25,2020-12-21,2021-02-28,0.5051847560590216,Orange,1.190528837798806,False,0,123,9,9,17.95,26.96428571428572,0,326,63.29999999999999,8,80.48214285714286,0.5948809523809524,235.32738095238096,2.1341666666666663,0.35441964285714284
c25_7,-13.1,23.3,Zambia,2020-11-30,2020-12-21,2021-02-28,0.53219927354091,Orange,1.2086748082291117,False,0,130,10,10,18.12142857142857,26.857142857142858,0,329,56.50000000000001,8,80.38392857142857,0.5990178571428573,234.16071428571428,2.1611607142857148,0.3635565476190476
c25_8,-13.1,23.5,Zambia,2020-11-10,2020-12-21,2021-02-28,0.5474550533079364,Orange,1.2491885246555339,False,0,140,11,11,17.914285714285715,27.071428571428573,0,329,77.6,9,81.25297619047619,0.5784523809523809,232.83928571428572,2.0807440476190475,0.38008035714285715
c25_9,-13.1,23.7,Zambia,2020-11-30,2020-12-21,2021-02-28,0.5526199340401972,Orange,1.2679675180614416,False,0,146,12,12,17.8,27.171428571428567,1,328,93.70000000000002,9,80.9375,0.5922619047619048,233.625,2.028988095238095,0.38533928571428566
c25_10,-13.1,23.9,Zambia,2020-12-24,2020-12-31,2021-03-10,0.5893736412102429,Orange,1.2587587211000366,False,0,150,13,11,17.52857142857143,26.192857142857143,0,323,101.60000000000001,10,82.18452380952381,0.5233333333333332,221.2470238095238,1.8242559523809525,0.3942678571428571
c25_11,-13.1,24.1,Zambia,2020-12-01,2020-12-21,2021-02-28,0.5337229089586675,Orange,1.2726715956079186,False,0,148,11,11,17.87142857142857,27.257142857142856,0,331,95.2,10,81.54464285714286,0.5755059523809524,240.76488095238096,2.027232142857143,0.3729196428571429
c25_12,-13.1,24.3,Zambia,2020-11-30,2020-12-21,2021-02-28,0.5517116848281486,Orange,1.2694565335603976,False,0,154,12,12,17.807142857142857,27.771428571428572,1,327,105.10000000000001,10,81.22916666666667,0.601279761904762,240.0952380952381,1.9327976190476188,0.3824345238095238
c25_13,-13.1,24.5,Zambia,2020-12-01,2020-12-21,2021-02-28,0.5936917808071883,Orange,1.2468793402159235,False,0,166,12,12,17.835714285714285,27.871428571428577,2,323,83.4,10,82.50297619047619,0.5713690476190477,239.07440476190476,1.8095833333333333,0.37169642857142854
c25_14,-13.1,24.7,Zambia,2020-11-23,2020-12-21,2021-02-28,0.5919831988258808,Orange,1.2571076222530866,False,0,167,12,12,17.935714285714287,27.57857142857143,1,326,92.8,11,82.91964285714286,0.5536011904761905,237.4702380952381,1.7625297619047617,0.3795029761904762
c25_15,-13.1,24.9,Zambia,2020-11-12,2020-12-21,2021-02-28,0.5826162450665181,Orange,1.272138147850032,False,0,159,12,12,17.735714285714288,27.214285714285715,1,329,85.80000000000001,11,82.66964285714286,0.5474404761904762,235.82142857142858,1.905208333333333,0.38103571428571426
c25_16,-13.1,25.1,Zambia,2020-12-01,2020-12-21,2021-02-28,0.5584395135619006,Orange,1.2734847741779198,False,0,144,11,11,17.75,27.071428571428573,1,327,84.4,11,81.44345238095238,0.5757440476190476,235.21428571428572,2.016547619047619,0.38336607142857143
c25_17,-13.1,25.3,Zambia,2020-11-30,2020-12-21,2021-02-28,0.48749793285270504,Yellow,1.1610241660429566,False,0,122,10,10,18.05714285714286,26.785714285714285,0,332,95.0,10,79.51190476190476,0.6180357142857142,234.27678571428572,2.3069940476190474,0.3868125
c25_18,-13.1,25.5,Zambia,2020-11-30,2020-12-21,2021-02-28,0.48618446691436157,Yellow,1.1588321907389665,False,0,131,10,10,17.97142857142857,26.85,0,332,104.8,11,79.30357142857143,0.6230654761904761,231.75595238095238,2.312529761904762,0.3991130952380952
c25_19,-13.1,25.7,Zambia,2020-11-12,2020-12-21,2021-02-28,0.5023972746769644,Orange,1.170994874800584,False,0,132,10,10,17.464285714285715,26.21428571428571,0,333,85.69999999999999,10,79.86607142857143,0.5831845238095238,226.85714285714286,2.474732142857143,0.3992886904761905
c25_20,-13.1,25.9,Zambia,2020-11-29,2020-12-21,2021-02-28,0.5412231250212943,Orange,1.2192548688611535,False,0,142,10,10,17.257142857142856,26.357142857142854,0,327,76.5,10,80.19642857142857,0.5790178571428571,227.05654761904762,2.4333333333333336,0.399014880952381
c25_21,-13.1,26.1,Zambia,2020-11-30,2020-12-21,2021-02-28,0.557064620376504,Orange,1.2450945363210422,False,0,146,10,10,16.92142857142857,26.164285714285715,0,320,93.0,11,81.5327380952381,0.5405654761904761,223.64880952380952,2.3647321428571426,0.3969851190476191
c25_22,-13.1,26.3,Zambia,2020-11-29,2020-12-21,2021-02-28,0.5703741678983779,Orange,1.235429883197953,False,0,153,11,11,17.2,26.264285714285712,0,322,83.7,11,81.27083333333333,0.5577678571428573,215.97321428571428,2.232083333333333,0.3983541666666667
c25_23,-13.1,26.5,Zambia,2020-11-29,2020-12-21,2021-02-28,0.540370602215621,Orange,1.2558603080750075,False,0,161,11,11,17.478571428571428,26.83571428571429,1,327,89.2,11,81.88095238095238,0.5595238095238095,213.3452380952381,1.9794642857142861,0.39858035714285717
c25_24,-13.1,26.7,Zambia,2020-11-29,2020-12-21,2021-02-28,0.6251536788725383,Orange,1.2656332497855438,False,0,158,11,11,17.392857142857142,26.771428571428572,1,325,76.1,11,81.86309523809524,0.559047619047619,211.29464285714286,2.0039285714285717,0.47992857142857137
c25_25,-13.1,26.9,Zambia,2020-12-01,2020-12-21,2021-02-28,0.5633487039164443,Orange,1.2515821631454314,False,0,149,11,11,17.46428571428571,26.9,1,323,71.10000000000001,10,81.625,0.5708928571428571,213.15178571428572,1.836577380952381,0.3948541666666666
c25_26,-13.1,27.1,Zambia,2020-11-10,2020-12-21,2021-02-28,0.604465803141214,Orange,1.289774485757987,False,0,146,10,10,17.42857142857143,26.550000000000004,1,327,64.8,10,82.04464285714286,0.5402678571428572,213.53571428571428,1.980625,0.4680059523809524
c25_27,-13.1,27.3,Zambia,2020-11-10,2020-12-21,2021-02-28,0.6305014220206817,Orange,1.2628082921473132,False,0,147,11,11,17.535714285714285,26.828571428571426,1,325,52.800000000000004,9,81.96130952380952,0.552142857142857,211.3779761904762,1.7942261904761905,0.4612886904761905
c25_28,-13.1,27.5,Zambia,2020-11-10,2020-12-21,2021-02-28,0.5466692670762701,Orange,1.2738544370117666,False,0,138,11,11,17.45714285714286,26.428571428571427,1,328,59.70000000000001,10,81.94047619047619,0.5387202380952381,212.52083333333334,2.0648214285714284,0.38264880952380953
c25_29,-13.1,27.7,Zambia,2020-11-10,2020-12-21,2021-02-28,0.5426722826256456,Orange,1.277538150963835,False,0,150,11,11,17.485714285714288,26.91428571428571,1,326,82.9,10,82.51488095238095,0.538125,214.91071428571428,1.9038392857142858,0.38942261904761905
c25_30,-13.1,27.9,Zambia,2020-11-10,2020-12-21,2021-02-28,0.5960578145737229,Orange,1.2817659315788292,False,0,143,11,11,17.52142857142857,26.37857142857143,1,330,96.00000000000001,12,82.41964285714286,0.5293452380952381,215.8779761904762,2.007529761904762,0.47666964285714286
c25_31,-13.1,28.1,Zambia,2020-11-10,2020-12-21,2021-02-28,0.6135031885749378,Orange,1.3031493386242776,False,0,157,11,11,17.65,26.41428571428571,1,331,94.2,11,82.69345238095238,0.5232142857142857,218.05654761904762,1.9153571428571428,0.48278869047619044
c25_32,-13.1,28.3,Zambia,2020-11-10,2020-12-21,2021-02-28,0.6007113601720696,Orange,1.2627885109474413,False,0,141,11,11,17.85,26.214285714285715,0,334,83.0,12,82.01785714285714,0.5334821428571429,224.44940476190476,2.053541666666667,0.4571369047619047
c25_33,-13.1,28.5,Zambia,2020-11-30,2020-12-21,2021-02-28,0.5799456534896321,Orange,1.257353663757882,False,0,128,10,10,17.835714285714285,25.642857142857142,0,336,92.7,11,82.52083333333333,0.4990178571428572,226.90178571428572,2.238809523809524,0.46887499999999993
c25_34,-13.1,28.7,Zambia,2020-11-29,2020-12-21,2021-02-28,0.5951159841844804,Orange,1.287164385096282,False,0,131,10,10,17.714285714285715,25.62142857142857,0,335,82.0,11,81.66666666666667,0.5251785714285715,224.91369047619048,2.1055654761904763,0.47540178571428576
c25_40,-13.1,29.9,Zambia,2020-11-29,2020-12-21,2021-02-28,0.6230763584958374,Orange,1.8125636393071654,False,0,166,13,13,17.32857142857143,25.21428571428571,0,327,83.3,12,84.61011904761905,0.4314880952380953,202.51785714285714,1.967886904761905,0.39836904761904757
c25_41,-13.1,30.1,Zambia,2020-11-30,2020-12-21,2021-02-28,0.6054335555651904,Orange,1.8392489408507584,False,0,161,13,13,17.21428571428571,24.45,0,328,84.80000000000001,10,85.23511904761905,0.3943452380952381,198.30357142857142,2.358392857142857,0.38863392857142853
c25_42,-13.1,30.3,Zambia,2020-11-11,2020-12-21,2021-02-28,0.6925999024467735,Orange,2.1713478214143183,True,1,165,13,12,16.842857142857145,23.607142857142854,0,309,67.5,13,85.87797619047619,0.357202380952381,192.4375,2.6945238095238095,0.3861428571428571
c25_43,-13.1,30.5,Zambia,2020-11-30,2020-12-21,2021-02-28,0.8244657359252384,Red,2.3167392127906647,True,1,185,14,11,16.392857142857142,22.857142857142858,0,269,71.00000000000001,12,87.3125,0.3087797619047619,190.10714285714286,3.062113095238095,0.3918988095238095
c25_44,-13.1,30.7,Zambia,2020-11-29,2020-12-21,2021-02-28,0.7516658707241746,Red,2.252442699277265,True,1,171,13,11,16.57857142857143,23.114285714285717,0,281,87.3,11,85.83928571428571,0.35130952380952385,191.69642857142858,3.0802083333333337,0.37983630952380953
c25_45,-13.1,30.9,Zambia,2020-11-30,2020-12-21,2021-02-28,0.7819553482754854,Red,1.9302980326360166,True,1,167,13,11,16.421428571428574,23.550000000000004,0,272,79.1,11,84.85119047619048,0.383452380952381,193.14583333333334,2.7057738095238095,0.38631249999999995
c25_46,-13.1,31.1,Zambia,2020-12-01,2020-12-21,2021-02-28,0.7553911839458758,Red,1.8698259616695103,True,1,163,12,9,16.450000000000003,23.12857142857143,0,269,109.79999999999998,12,84.72321428571429,0.37660714285714286,194.63392857142858,3.1284226190476194,0.398375
c25_47,-13.1,31.3,Zambia,2020-12-03,2020-12-21,2021-02-28,0.44137680674682345,Yellow,1.3247461831089757,True,1,101,7,7,21.192857142857143,28.114285714285717,2,316,121.1,11,82.5327380952381,0.5755059523809524,199.1904761904762,1.1077083333333335,0.3958660714285715
c25_48,-13.1,31.5,Zambia,2020-12-03,2020-12-21,2021-02-28,0.49907579088710147,Yellow,1.3658631152969627,False,0,130,11,11,21.428571428571423,28.628571428571423,3,318,120.19999999999999,10,83.47916666666667,0.56375,203.88690476190476,1.597232142857143,0.3731517857142857
c25_49,-13.1,31.7,Zambia,2020-12-02,2020-12-21,2021-02-28,0.5654739416340946,Orange,1.5318146137652342,False,0,128,11,11,22.00714285714286,29.12857142857143,3,311,86.89999999999999,10,83.1547619047619,0.5950000000000001,219.52678571428572,1.6257440476190477,0.3484642857142857
c25_50,-13.1,31.9,Zambia,2020-12-02,2020-12-21,2021-02-28,0.5695413937063858,Orange,1.5846929439995496,False,0,122,10,10,22.185714285714283,29.16428571428571,4,306,93.49999999999997,12,83.30357142857143,0.596875,219.32738095238096,1.6102976190476188,0.3618928571428571
c25_51,-13.1,32.1,Zambia,2020-12-01,2020-12-21,2021-02-28,0.5465586191118446,Orange,1.3632991679354,False,0,120,11,11,21.55,28.171428571428567,3,316,101.60000000000001,13,83.69940476190476,0.5487202380952381,213.21130952380952,1.869702380952381,0.36475892857142855
c25_52,-13.1,32.3,Zambia,2020-12-02,2020-12-21,2021-02-28,0.543693202618645,Orange,1.3846969971847638,False,0,122,10,10,20.992857142857144,27.36428571428571,0,326,77.99999999999999,12,84.34821428571429,0.502202380952381,213.10119047619048,1.9578869047619047,0.3704880952380952
c25_53,-13.1,32.5,Zambia,2020-12-01,2020-12-21,2021-02-28,0.5253515799421112,Orange,1.3524490705778605,False,0,122,10,10,20.264285714285712,26.764285714285712,0,332,84.30000000000001,12,84.60714285714286,0.476875,211.77083333333334,2.083065476190476,0.38462500000000005
c25_54,-13.1,32.7,Zambia,2020-12-01,2020-12-21,2021-02-28,0.5661567621614763,Orange,1.281129617671365,False,0,152,12,12,19.292857142857144,26.200000000000006,0,336,74.4,10,85.57440476190476,0.4355059523809524,211.875,2.1991071428571423,0.37230654761904763
c25_55,-13.1,32.9,Zambia,2020-12-01,2020-12-21,2021-02-28,0.5553860746712376,Orange,1.269366291734584,False,0,154,12,12,19.007142857142856,26.307142857142857,0,336,89.60000000000002,12,84.83333333333333,0.45997023809523807,213.9404761904762,2.11125,0.3793541666666667
c25_56,-13.1,33.1,Malawi,2020-11-30,2020-12-21,2021-02-28,0.5166828031911824,Orange,1.2538165389286282,False,0,138,11,11,19.028571428571432,26.400000000000002,0,336,85.19999999999999,12,83.66964285714286,0.4926190476190476,214.51488095238096,2.1916964285714284,0.37308928571428573
c25_57,-13.1,33.3,Malawi,2020-11-30,2020-12-21,2021-02-28,0.5841923256998743,Orange,1.229060959461185,False,0,144,12,12,18.928571428571427,26.321428571428566,0,336,103.00000000000001,9,83.69642857142857,0.49348214285714287,211.67559523809524,2.163154761904762,0.4633690476190476
c25_58,-13.1,33.5,Malawi,2020-11-30,2020-12-21,2021-02-28,0.44027512861359924,Yellow,1.2418848957380413,True,1,158,12,12,18.650000000000002,25.78571428571428,0,336,240.0,10,84.92559523809524,0.4461011904761905,209.19940476190476,2.3121130952380953,0.4569255952380952
c25_59,-13.1,33.7,Malawi,2020-12-01,2020-12-21,2021-02-28,0.5417793668590839,Orange,1.1504575895788545,False,0,146,11,11,18.757142857142856,26.028571428571432,0,336,116.89999999999999,10,83.68154761904762,0.48583333333333334,212.50892857142858,2.3971130952380952,0.4485922619047619
c25_60,-13.1,33.9,Malawi,2020-11-29,2020-12-21,2021-02-28,0.5167291197539171,Orange,1.770427380643826,False,0,148,11,11,17.478571428571428,25.064285714285713,0,330,86.5,12,83.9047619047619,0.4511607142857143,210.74107142857142,2.3119047619047617,0.3372589285714286
c25_61,-13.1,34.1,Malawi,2020-11-29,2020-12-21,2021-02-28,0.5566588420716753,Orange,1.424634155181233,False,0,144,11,11,20.864285714285717,29.164285714285715,4,307,95.89999999999999,10,82.5952380952381,0.6116071428571429,202.32142857142858,1.8576785714285713,0.38842261904761904
c25_62,-13.1,34.3,Malawi,2020-11-29,2020-12-21,2021-02-28,0.43134930945552885,Yellow,1.4587498416252895,False,0,142,10,10,21.75714285714286,28.671428571428574,1,316,125.10000000000001,11,85.2827380952381,0.5064583333333333,217.01190476190476,1.9101785714285713,0.2522886904761905
c26_1,-13.3,22.1,Zambia,2020-11-24,2020-12-21,2021-02-28,0.3557435834319917,Yellow,1.155906658476219,False,0,97,9,9,18.2,27.357142857142858,1,326,46.8,8,77.0922619047619,0.7070238095238095,251.82440476190476,2.5792261904761906,0.18515773809523808
c26_2,-13.3,22.3,Zambia,2020-11-22,2020-12-21,2021-02-28,0.30789060561423126,Yellow,1.1496737921650877,False,0,92,7,7,18.357142857142858,27.428571428571434,1,326,57.0,9,76.92857142857143,0.7144642857142858,252.1875,2.6594642857142854,0.18285714285714286
c26_3,-13.3,22.5,Zambia,2020-11-22,2020-12-21,2021-02-28,0.29984109340342757,Yellow,1.1308376045201178,False,0,93,8,8,18.364285714285717,27.41428571428571,0,329,67.4,8,77.29464285714286,0.7025297619047619,249.57440476190476,2.6505059523809527,0.17766071428571428
c26_4,-13.3,22.7,Zambia,2020-11-22,2020-12-21,2021-02-28,0.3293092674785521,Yellow,1.1183535701224696,False,0,102,9,9,18.349999999999998,27.349999999999998,0,329,54.5,8,77.95238095238095,0.6849107142857143,246.44345238095238,2.5932142857142857,0.17099107142857145
c26_5,-13.3,22.9,Zambia,2020-11-22,2020-12-21,2021-02-28,0.37772784232552836,Yellow,1.1522243130257381,False,0,100,8,8,18.57857142857143,27.178571428571427,0,328,42.99999999999999,8,78.30654761904762,0.6751785714285714,243.01488095238096,2.335029761904762,0.22766964285714286
c26_6,-13.3,23.1,Zambia,2020-12-01,2020-12-21,2021-02-28,0.5065336451496432,Orange,1.1680181664209044,False,0,119,9,9,18.071428571428573,27.135714285714283,0,330,43.199999999999996,9,79.83035714285714,0.620922619047619,240.83630952380952,2.1672619047619044,0.3448035714285715
c26_7,-13.3,23.3,Zambia,2020-11-30,2020-12-21,2021-02-28,0.5548920047024717,Orange,1.2663898402605338,False,0,123,10,10,18.049999999999994,26.792857142857144,0,330,36.800000000000004,8,80.67857142857143,0.5882738095238095,238.4404761904762,2.0962797619047615,0.3593363095238095
c26_8,-13.3,23.5,Zambia,2020-11-10,2020-12-21,2021-02-28,0.5873662470588518,Orange,1.2299343470580955,False,0,142,12,12,17.87857142857143,26.728571428571428,0,327,63.800000000000004,9,81.70833333333333,0.555297619047619,234.84821428571428,2.164017857142857,0.3618095238095238
c26_9,-13.3,23.7,Zambia,2020-12-23,2020-12-30,2021-03-09,0.49231368200239695,Yellow,1.2726208134216102,False,0,146,12,11,17.264285714285716,26.3,0,322,89.19999999999999,9,82.23809523809524,0.5236904761904763,227.47619047619048,1.7986607142857143,0.26851785714285714
c26_10,-13.3,23.9,Zambia,2020-12-25,2021-01-01,2021-03-11,0.5784825135413696,Orange,1.4006410487961438,False,0,176,13,12,16.96428571428571,26.00714285714286,0,312,85.7,10,84.47619047619048,0.46238095238095234,215.0952380952381,1.6977678571428574,0.2766726190476191
c26_11,-13.3,24.1,Zambia,2020-12-01,2020-12-21,2021-02-28,0.5698084734423239,Orange,1.2559103984020499,False,0,151,11,11,17.9,27.41428571428571,0,329,72.7,9,80.71130952380952,0.6105654761904761,242.05357142857142,2.0304761904761905,0.3843303571428571
c26_12,-13.3,24.3,Zambia,2020-12-01,2020-12-21,2021-02-28,0.46712321650990485,Yellow,1.293773256330099,False,0,147,11,11,17.78571428571429,27.78571428571428,2,324,67.89999999999999,10,80.43154761904762,0.6291666666666668,242.22321428571428,1.962172619047619,0.2548511904761905
c26_13,-13.3,24.5,Zambia,2020-12-01,2020-12-21,2021-02-28,0.49018316938344253,Yellow,1.2701769304363852,False,0,155,12,12,17.614285714285714,27.707142857142856,2,324,82.80000000000001,10,81.79761904761905,0.5847619047619048,240.58035714285714,1.8608928571428571,0.2644404761904762
c26_14,-13.3,24.7,Zambia,2020-12-01,2020-12-21,2021-02-28,0.5480071502178208,Orange,1.2666050227173822,False,0,141,11,11,17.785714285714285,26.86428571428572,1,330,79.9,10,80.96130952380952,0.5900595238095238,238.01785714285714,2.122380952380953,0.37941071428571427
c26_15,-13.3,24.9,Zambia,2020-12-01,2020-12-21,2021-02-28,0.5257613796420301,Orange,1.254458263371818,False,0,141,11,11,17.914285714285718,27.150000000000002,1,329,103.6,11,80.92261904761905,0.5978571428571429,235.50595238095238,2.0570833333333334,0.3874732142857143
c26_16,-13.3,25.1,Zambia,2020-11-12,2020-12-21,2021-02-28,0.5054229145340905,Orange,1.1884601949992568,False,0,131,11,11,18.257142857142856,27.3,1,327,105.1,10,79.36309523809524,0.6423214285714286,232.5029761904762,2.135089285714286,0.3856636904761905
c26_17,-13.3,25.3,Zambia,2020-12-01,2020-12-21,2021-02-28,0.49385248824104033,Yellow,1.1876571395813953,False,0,130,10,10,18.00714285714286,27.00714285714286,1,330,93.5,10,79.63988095238095,0.6237797619047618,232.67857142857142,2.135119047619048,0.38655059523809526
c26_18,-13.3,25.5,Zambia,2020-11-12,2020-12-21,2021-02-28,0.5057175636749203,Orange,1.2685567380272313,False,0,137,10,10,17.664285714285715,26.74285714285714,1,330,101.2,11,80.79761904761905,0.5878869047619047,230.02083333333334,2.092083333333333,0.3973630952380952
c26_19,-13.3,25.7,Zambia,2020-11-12,2020-12-21,2021-02-28,0.5049619919870819,Orange,1.2410249602174561,False,0,148,10,10,17.3,26.37857142857143,0,330,103.0,10,81.35416666666667,0.554404761904762,223.95238095238096,2.315,0.3981934523809524
c26_20,-13.3,25.9,Zambia,2020-11-29,2020-12-21,2021-02-28,0.5242968035307752,Orange,1.2685218866421926,False,0,146,10,10,17.22857142857143,26.485714285714284,0,326,95.69999999999999,9,81.27678571428571,0.5579761904761904,224.94940476190476,2.213482142857143,0.3955059523809523
c26_21,-13.3,26.1,Zambia,2020-11-30,2020-12-21,2021-02-28,0.5867962523069916,Orange,1.2827395080091664,False,0,146,11,11,17.0,26.464285714285715,0,321,79.69999999999999,11,80.93452380952381,0.5674404761904762,228.58928571428572,2.218035714285714,0.3942767857142857
c26_22,-13.3,26.3,Zambia,2020-12-01,2020-12-21,2021-02-28,0.5633021213585538,Orange,1.285713349285661,False,0,142,11,11,17.364285714285717,26.764285714285712,1,325,78.19999999999999,11,80.98511904761905,0.5811309523809524,224.85416666666666,2.0075,0.3968988095238095
c26_23,-13.3,26.5,Zambia,2020-12-01,2020-12-21,2021-02-28,0.5673723497590819,Orange,1.2705364069565315,False,0,153,11,11,17.507142857142856,26.907142857142862,1,324,82.19999999999999,11,81.60119047619048,0.5711607142857142,220.8452380952381,1.926517857142857,0.39854464285714286
c26_24,-13.3,26.7,Zambia,2020-11-30,2020-12-21,2021-02-28,0.6391134642930025,Orange,1.279912329570283,False,0,150,11,11,17.435714285714287,27.242857142857144,1,321,71.79999999999998,10,81.52083333333333,0.5763095238095238,216.83928571428572,1.8052976190476189,0.4772827380952381
c26_25,-13.3,26.9,Zambia,2020-11-11,2020-12-21,2021-02-28,0.582482313363775,Orange,1.2781576316184287,False,0,149,11,11,17.392857142857146,26.985714285714288,1,324,59.7,11,81.88392857142857,0.5579761904761905,215.77678571428572,1.898541666666667,0.39981249999999996
c26_26,-13.3,27.1,Zambia,2020-11-24,2020-12-21,2021-02-28,0.5689364959498735,Orange,1.2762992473682802,False,0,143,11,11,17.52857142857143,26.892857142857146,1,326,53.10000000000001,11,81.47321428571429,0.5672916666666667,218.0029761904762,1.9496726190476188,0.38405952380952385
c26_27,-13.3,27.3,Zambia,2020-11-10,2020-12-21,2021-02-28,0.5907916472189793,Orange,1.2801418585778248,False,0,148,11,11,17.607142857142858,27.014285714285712,1,325,55.9,10,82.98511904761905,0.524970238095238,220.8154761904762,1.7221726190476194,0.3861577380952382
c26_28,-13.3,27.5,Zambia,2020-11-11,2020-12-21,2021-02-28,0.5512081956587283,Orange,1.2880224617040366,False,0,139,11,11,17.607142857142858,26.914285714285715,1,326,71.3,9,81.85416666666667,0.5548511904761905,222.0625,1.9185714285714286,0.3822767857142857
c26_29,-13.3,27.7,Zambia,2020-11-22,2020-12-21,2021-02-28,0.5564178257135192,Orange,1.2599960570894966,False,0,141,11,11,17.77142857142857,26.957142857142856,1,327,72.3,10,82.1875,0.5536011904761905,221.3125,1.8315178571428574,0.38713095238095235
c26_30,-13.3,27.9,Zambia,2020-11-29,2020-12-21,2021-02-28,0.6141505237992052,Orange,1.2620589913294262,False,0,143,11,11,17.92142857142857,26.571428571428573,1,328,72.10000000000001,11,82.84821428571429,0.5245833333333333,221.23511904761904,1.789672619047619,0.43898809523809523
c26_31,-13.3,28.1,Zambia,2020-11-23,2020-12-21,2021-02-28,0.6128248300932798,Orange,1.3439856064135955,False,0,160,11,11,17.557142857142857,26.157142857142855,1,330,97.3,10,84.22321428571429,0.474077380952381,215.77380952380952,1.7286309523809524,0.46553273809523804
c26_32,-13.3,28.3,Zambia,2020-11-10,2020-12-21,2021-02-28,0.5984627176373218,Orange,1.2978976566806901,False,0,136,10,10,17.757142857142856,25.96428571428571,1,330,83.0,11,82.38988095238095,0.5163392857142858,217.66071428571428,1.9438690476190477,0.47267559523809527
c26_33,-13.3,28.5,Zambia,2020-11-23,2020-12-21,2021-02-28,0.5801992185615151,Orange,1.287886169974579,False,0,131,10,10,17.735714285714284,25.928571428571427,0,333,91.9,12,82.13392857142857,0.5175595238095237,223.29166666666666,2.0686904761904765,0.4646636904761905
c26_34,-13.3,28.7,Zambia,2020-11-30,2020-12-21,2021-02-28,0.59108625530048,Orange,1.2906089367390492,False,0,134,10,10,17.571428571428573,25.857142857142858,0,333,83.3,11,81.83928571428571,0.5230654761904762,222.33928571428572,2.0542261904761907,0.47106547619047623
c26_35,-13.3,28.9,Zambia,2020-11-30,2020-12-21,2021-02-28,0.6345585957324181,Orange,1.790411439147943,False,0,139,11,11,17.29285714285714,25.250000000000004,0,326,88.70000000000002,11,82.83928571428571,0.4793154761904762,210.98214285714286,1.997351190476191,0.47790773809523807
c26_38,-13.3,29.5,Zambia,2020-11-10,2020-12-21,2021-02-28,0.5927214806654578,Orange,1.7548481829661597,False,0,146,13,13,17.464285714285715,24.892857142857146,0,329,91.2,11,82.67559523809524,0.47113095238095243,207.20238095238096,2.2209226190476192,0.39889583333333334
c26_40,-13.3,29.9,Zambia,2020-11-30,2020-12-21,2021-02-28,0.663191540172957,Orange,1.8492159923259135,False,0,165,13,13,16.892857142857146,24.300000000000004,0,314,85.6,12,84.35119047619048,0.42083333333333334,198.96130952380952,2.4265476190476187,0.3965089285714286
c26_41,-13.3,30.1,Zambia,2020-11-30,2020-12-21,2021-02-28,0.6266528046821912,Orange,1.8646688378403085,False,0,169,13,13,17.021428571428572,24.342857142857145,0,320,96.89999999999999,13,84.83035714285714,0.40874999999999995,198.05654761904762,2.4926190476190477,0.3872261904761905
c26_42,-13.3,30.3,Zambia,2020-11-30,2020-12-21,2021-02-28,0.5738628978419689,Orange,1.7708158692890859,False,0,160,14,14,17.321428571428573,24.478571428571424,0,330,111.8,12,84.3422619047619,0.4195238095238095,198.24404761904762,2.8320535714285713,0.3874791666666667
c26_43,-13.3,30.5,Zambia,2020-12-01,2020-12-21,2021-02-28,0.4985911645016779,Yellow,1.7678176750703907,False,0,142,11,11,17.814285714285713,24.735714285714288,0,334,98.69999999999999,11,83.25297619047619,0.4544345238095238,199.05357142857142,2.7645833333333334,0.38631845238095236
c26_44,-13.3,30.7,Zambia,2020-12-01,2020-12-21,2021-02-28,0.4662488109636188,Yellow,1.7354572747994834,False,0,141,11,11,18.064285714285713,24.771428571428572,0,336,117.2,12,83.46130952380952,0.4469047619047619,196.88690476190476,2.8289583333333335,0.38287202380952384
c26_45,-13.3,30.9,Zambia,2020-11-11,2020-12-21,2021-02-28,0.4253166958339892,Yellow,1.6991693380309996,False,0,112,9,9,18.071428571428577,24.828571428571426,0,334,110.39999999999999,12,82.23809523809524,0.4836309523809524,195.42261904761904,2.7427083333333333,0.39309523809523805
c26_46,-13.3,31.1,Zambia,2020-12-02,2020-12-21,2021-02-28,0.3955884429902741,Yellow,1.7219111941962175,False,0,102,7,7,18.321428571428573,24.54285714285714,0,334,108.9,12,81.60416666666667,0.4999702380952381,194.56845238095238,2.2832738095238096,0.39311011904761906
c26_47,-13.3,31.3,Zambia,2020-12-02,2020-12-21,2021-02-28,0.5679049380151809,Orange,1.4930864504504242,True,1,130,12,12,21.849999999999998,29.071428571428573,2,311,108.3,12,83.2172619047619,0.5867559523809524,202.8452380952381,1.3257142857142858,0.3766785714285715
c26_48,-13.3,31.5,Zambia,2020-12-03,2020-12-21,2021-02-28,0.5587597680029001,Orange,1.5614426422123542,False,0,139,11,11,22.185714285714287,29.04285714285714,3,312,124.2,11,83.99702380952381,0.568154761904762,209.66369047619048,1.5269345238095238,0.3930416666666667
c26_49,-13.3,31.7,Zambia,2020-12-01,2020-12-21,2021-02-28,0.5565612116299959,Orange,1.3815407240723598,False,0,137,12,12,21.3,27.735714285714288,2,324,113.29999999999998,12,84.58630952380952,0.5096428571428572,213.27083333333334,1.5401785714285714,0.37179761904761904
c26_50,-13.3,31.9,Zambia,2020-12-01,2020-12-21,2021-02-28,0.600831799001709,Orange,1.4437699606332721,False,0,139,13,13,21.735714285714284,28.721428571428568,3,314,84.60000000000001,11,83.76785714285714,0.5623511904761904,211.94345238095238,1.4466666666666668,0.3484464285714286
c26_51,-13.3,32.1,Zambia,2020-12-04,2020-12-21,2021-02-28,0.5718705411161182,Orange,1.4027206877876839,False,0,132,11,11,21.578571428571426,28.321428571428577,2,317,92.49999999999999,11,84.12797619047619,0.5380357142857143,214.88690476190476,1.5714285714285714,0.36815476190476193
c26_52,-13.3,32.3,Zambia,2020-11-29,2020-12-21,2021-02-28,0.5441670670164915,Orange,1.3867173522721752,False,0,131,11,11,21.00714285714286,27.764285714285712,2,322,98.19999999999999,11,84.31845238095238,0.515625,215.32142857142858,1.6605059523809527,0.3610089285714286
c26_53,-13.3,32.5,Zambia,2020-12-02,2020-12-21,2021-02-28,0.5442611749381387,Orange,1.3831250145189258,False,0,136,11,11,20.235714285714288,27.02142857142857,0,331,92.10000000000001,10,84.73214285714286,0.4786309523809524,218.35119047619048,1.8457738095238096,0.3713690476190476
c26_54,-13.3,32.7,Zambia,2020-11-30,2020-12-21,2021-02-28,0.6373391703182049,Orange,1.3730468321302125,False,0,138,12,12,19.47142857142857,26.492857142857144,0,336,75.1,9,84.82738095238095,0.4597916666666667,222.85714285714286,2.099494047619048,0.4557767857142856
c26_55,-13.3,32.9,Zambia,2020-12-01,2020-12-21,2021-02-28,0.5438294820086742,Orange,1.267843621516981,False,0,141,12,12,19.107142857142858,26.11428571428571,0,336,82.4,10,84.36011904761905,0.46523809523809523,222.01488095238096,2.3142261904761905,0.35490773809523807
c26_56,-13.3,33.1,Malawi,2020-11-30,2020-12-21,2021-02-28,0.6110937028633452,Orange,1.2798088273204846,False,0,151,11,11,18.892857142857142,26.264285714285716,0,336,84.10000000000001,11,84.49107142857143,0.4679761904761905,220.93154761904762,2.215595238095238,0.45517857142857143
c26_57,-13.3,33.3,Malawi,2020-12-01,2020-12-21,2021-02-28,0.6081150184461286,Orange,1.2951106409105455,False,0,150,11,11,18.864285714285717,26.27142857142857,0,336,89.8,11,84.94047619047619,0.45616071428571425,217.8779761904762,2.134910714285714,0.4618869047619048
c26_58,-13.3,33.5,Malawi,2020-12-01,2020-12-21,2021-02-28,0.616367950353372,Orange,1.2918647895197686,False,0,150,13,13,18.721428571428568,26.049999999999994,0,336,94.8,11,84.23214285714286,0.469077380952381,208.63392857142858,2.0908035714285713,0.45653869047619056
c26_59,-13.3,33.7,Malawi,2020-12-01,2020-12-21,2021-02-28,0.6007497151761532,Orange,1.3257395066800672,False,0,142,12,12,18.307142857142857,25.521428571428572,0,336,85.29999999999998,12,84.05952380952381,0.4579166666666667,204.50595238095238,2.024226190476191,0.45110119047619046
c26_60,-13.3,33.9,Malawi,2020-11-29,2020-12-21,2021-02-28,0.6952759915774505,Orange,1.8395981276354616,False,0,153,14,14,17.764285714285716,24.050000000000004,0,335,64.6,12,85.58928571428571,0.3827380952380953,202.64285714285714,2.7436011904761903,0.4685148809523809
c26_61,-13.3,34.1,Malawi,2020-12-01,2020-12-21,2021-02-28,0.5177788682561958,Orange,1.3257293978976528,False,0,119,9,9,21.14285714285714,28.357142857142858,3,318,123.0,11,81.88690476190476,0.602827380952381,203.41666666666666,1.8487202380952379,0.46443749999999995
c26_62,-13.3,34.3,Malawi,2020-11-29,2020-12-21,2021-02-28,0.4420549550290083,Yellow,1.5532814515891324,False,0,128,10,10,22.178571428571427,28.88571428571428,3,314,92.9,10,83.56845238095238,0.5694345238095238,218.13690476190476,2.023244047619048,0.24823809523809523
c27_1,-13.5,22.1,Zambia,2020-11-26,2020-12-21,2021-02-28,0.3215064280651353,Yellow,1.1344174044701754,False,0,86,7,7,18.32857142857143,27.178571428571427,1,328,44.00000000000001,8,77.26785714285714,0.6973214285714285,248.16964285714286,2.5947619047619046,0.19886309523809523
c27_2,-13.5,22.3,Zambia,2020-11-28,2020-12-21,2021-02-28,0.30811102308137356,Yellow,1.1344476531141643,False,0,93,6,6,18.29285714285714,27.271428571428576,1,326,57.1,9,77.27380952380952,0.7003869047619048,251.86607142857142,2.599464285714286,0.19795535714285717
c27_3,-13.5,22.5,Zambia,2020-11-24,2020-12-21,2021-02-28,0.29330961691224433,Yellow,1.131559555812759,False,0,86,7,7,18.392857142857142,27.442857142857143,1,328,62.1,8,77.16369047619048,0.7081547619047619,249.7202380952381,2.6453869047619047,0.18908035714285715
c27_4,-13.5,22.7,Zambia,2020-11-22,2020-12-21,2021-02-28,0.3247700333405673,Yellow,1.1297801310847693,False,0,91,8,8,18.478571428571428,27.6,2,328,49.7,8,76.91666666666667,0.7192559523809523,247.86904761904762,2.5737202380952384,0.20125892857142855
c27_5,-13.5,22.9,Zambia,2020-11-22,2020-12-21,2021-02-28,0.3617330839833631,Yellow,1.119179463649441,False,0,106,9,9,18.314285714285713,27.04285714285714,0,328,48.00000000000001,7,78.66369047619048,0.6576190476190477,240.5595238095238,2.5893452380952384,0.19917857142857145
c27_6,-13.5,23.1,Zambia,2020-12-01,2020-12-21,2021-02-28,0.38655465494832053,Yellow,1.1655162576605276,False,0,124,10,10,18.37857142857143,27.114285714285717,0,330,59.3,8,79.79761904761905,0.6254166666666666,237.3422619047619,2.320595238095238,0.20963988095238092
c27_7,-13.5,23.3,Zambia,2020-11-30,2020-12-21,2021-02-28,0.5383172776025386,Orange,1.2353809852709612,False,0,127,10,10,18.071428571428577,26.7,0,333,40.400000000000006,9,80.87202380952381,0.5833333333333334,237.53869047619048,2.2289583333333334,0.3547559523809524
c27_8,-13.5,23.5,Zambia,2020-11-10,2020-12-21,2021-02-28,0.4800313236618054,Yellow,1.1415839681559898,False,0,108,9,9,18.428571428571427,26.85714285714286,0,331,48.0,8,79.24404761904762,0.6344345238095238,237.99404761904762,2.3197321428571427,0.3391577380952381
c27_9,-13.5,23.7,Zambia,2020-11-10,2020-12-21,2021-02-28,0.533226641572299,Orange,1.1735962820679975,False,0,122,10,10,18.17142857142857,27.028571428571432,0,329,60.90000000000001,10,79.67857142857143,0.6261309523809524,237.47321428571428,2.1926488095238095,0.37408035714285715
c27_10,-13.5,23.9,Zambia,2020-11-10,2020-12-21,2021-02-28,0.5716847257944004,Orange,1.2532165237333017,False,0,144,11,11,17.964285714285715,27.22142857142858,0,327,72.39999999999999,9,80.7202380952381,0.6048511904761904,242.375,2.106220238095238,0.37708035714285715
c27_11,-13.5,24.1,Zambia,2020-12-25,2021-01-01,2021-03-11,0.6223545582521858,Orange,1.3304840920649519,False,0,173,13,12,17.328571428571426,26.078571428571422,0,323,78.1,9,83.67261904761905,0.49360119047619055,209.72619047619048,1.6757142857142857,0.39155059523809527
c27_12,-13.5,24.3,Zambia,2020-11-30,2020-12-21,2021-02-28,0.47433981272659465,Yellow,1.3037661421825208,False,0,145,11,11,17.74285714285714,27.65714285714285,1,323,76.6,9,80.78571428571429,0.6144047619047619,242.4702380952381,1.9777380952380952,0.2641071428571429
c27_13,-13.5,24.5,Zambia,2020-11-10,2020-12-21,2021-02-28,0.5283781785563904,Orange,1.2244445502788739,False,0,125,10,10,18.228571428571428,27.549999999999994,1,329,68.3,10,79.07738095238095,0.6572619047619048,245.58630952380952,2.093988095238095,0.37733333333333335
c27_14,-13.5,24.7,Zambia,2020-12-01,2020-12-21,2021-02-28,0.5479166288194678,Orange,1.2897171296161585,False,0,144,11,11,17.735714285714284,27.099999999999998,1,332,78.30000000000001,10,80.61904761904762,0.6026785714285714,241.77083333333334,2.109196428571429,0.3845654761904762
c27_15,-13.5,24.9,Zambia,2020-12-01,2020-12-21,2021-02-28,0.528886832144192,Orange,1.2722997788186463,False,0,142,11,11,17.771428571428576,27.321428571428573,1,326,100.5,10,80.4047619047619,0.6180952380952381,235.9672619047619,2.067529761904762,0.38434226190476184
c27_16,-13.5,25.1,Zambia,2020-12-01,2020-12-21,2021-02-28,0.5350705190003611,Orange,1.2722966680192733,False,0,150,11,11,17.67142857142857,27.278571428571432,2,326,101.3,11,81.37202380952381,0.587202380952381,232.58630952380952,2.0389880952380954,0.3877291666666666
c27_17,-13.5,25.3,Zambia,2020-11-12,2020-12-21,2021-02-28,0.5043431198960523,Orange,1.1681479768285754,False,0,128,11,11,18.092857142857145,27.07857142857143,1,325,112.50000000000001,11,78.72619047619048,0.6492261904761906,233.1577380952381,2.3441666666666667,0.38903869047619044
c27_18,-13.5,25.5,Zambia,2020-11-10,2020-12-21,2021-02-28,0.4793580495802548,Yellow,1.1519227388514952,False,0,126,10,10,18.0,26.71428571428572,1,331,101.60000000000001,11,78.94642857142857,0.6338988095238095,228.8125,2.36922619047619,0.3977470238095237
c27_19,-13.5,25.7,Zambia,2020-11-12,2020-12-21,2021-02-28,0.499040483846373,Yellow,1.2045831398241509,False,0,137,10,10,17.914285714285715,26.900000000000002,0,330,95.3,10,79.4672619047619,0.6253273809523808,227.39285714285714,2.258392857142857,0.3999464285714286
c27_20,-13.5,25.9,Zambia,2020-11-12,2020-12-21,2021-02-28,0.5429650232112447,Orange,1.2801984917113394,False,0,159,11,11,17.314285714285713,26.664285714285707,0,330,95.8,10,81.80654761904762,0.5544940476190476,227.63988095238096,2.106517857142857,0.39395833333333335
c27_21,-13.5,26.1,Zambia,2020-11-30,2020-12-21,2021-02-28,0.5347574921663846,Orange,1.2050395798016118,False,0,144,10,10,17.19285714285714,25.978571428571428,0,328,89.79999999999998,9,81.06547619047619,0.5523511904761904,231.4047619047619,2.439345238095238,0.3916071428571428
c27_22,-13.5,26.3,Zambia,2020-12-01,2020-12-21,2021-02-28,0.559956951779295,Orange,1.2272049680007782,False,0,142,11,11,17.77857142857143,26.97142857142857,1,327,69.7,10,79.98511904761905,0.6158035714285715,228.88988095238096,2.126577380952381,0.3949404761904762
c27_23,-13.5,26.5,Zambia,2020-11-29,2020-12-21,2021-02-28,0.5992727573637255,Orange,1.274843739019015,False,0,153,12,12,17.635714285714286,27.08571428571429,1,321,74.40000000000002,10,81.02083333333333,0.5930357142857143,222.38690476190476,1.8765178571428571,0.39560714285714277
c27_24,-13.5,26.7,Zambia,2020-12-01,2020-12-21,2021-02-28,0.5626899879739998,Orange,1.273247510367485,False,0,144,11,11,17.257142857142856,26.29285714285714,1,324,71.2,10,81.17857142857143,0.5610416666666668,215.83333333333334,2.020059523809524,0.3915416666666666
c27_25,-13.5,26.9,Zambia,2020-11-29,2020-12-21,2021-02-28,0.5627778460240732,Orange,1.2747958346046042,False,0,147,11,11,17.378571428571426,26.44285714285714,1,327,66.9,10,81.43154761904762,0.5542261904761905,218.11904761904762,2.0956249999999996,0.39401488095238096
c27_26,-13.5,27.1,Zambia,2020-11-24,2020-12-21,2021-02-28,0.6133024680273831,Orange,1.2638034761652808,False,0,149,12,12,17.57857142857143,27.028571428571432,1,321,60.099999999999994,10,82.375,0.5439285714285714,217.58035714285714,1.830297619047619,0.39309226190476193
c27_27,-13.5,27.3,Zambia,2020-11-11,2020-12-21,2021-02-28,0.592592239950295,Orange,1.27318777886143,False,0,152,11,11,17.728571428571424,27.12857142857143,1,323,58.8,10,82.88095238095238,0.5276785714285714,216.02380952380952,1.820922619047619,0.3942589285714286
c27_28,-13.5,27.5,Zambia,2020-11-29,2020-12-21,2021-02-28,0.5524555740106201,Orange,1.2729674855976527,False,0,156,11,11,17.707142857142856,26.907142857142862,1,328,78.19999999999999,10,82.69047619047619,0.530625,220.3125,1.9072916666666668,0.38291369047619045
c27_29,-13.5,27.7,Zambia,2020-11-23,2020-12-21,2021-02-28,0.5579447379955561,Orange,1.2682339975017105,False,0,147,11,11,17.71428571428571,27.02142857142857,1,327,67.4,9,82.86011904761905,0.5286011904761905,218.74107142857142,1.7998214285714287,0.3815089285714286
c27_30,-13.5,27.9,Zambia,2020-11-23,2020-12-21,2021-02-28,0.5792085105641764,Orange,1.3030296640245564,False,0,159,11,11,17.535714285714285,26.521428571428572,1,328,72.4,10,83.54166666666667,0.501547619047619,222.86607142857142,1.8397619047619047,0.38417559523809525
c27_31,-13.5,28.1,Zambia,2020-11-30,2020-12-21,2021-02-28,0.5788631273441487,Orange,1.3346654815202779,False,0,155,11,11,17.549999999999997,25.86428571428571,1,327,69.30000000000001,10,83.98214285714286,0.4750000000000001,220.44345238095238,1.9441964285714286,0.36619940476190477
c27_32,-13.5,28.3,Zambia,2020-11-30,2020-12-21,2021-02-28,0.6103663177213933,Orange,1.4471867784280537,False,0,149,12,12,17.400000000000002,25.478571428571424,0,327,71.5,12,83.94047619047619,0.4613690476190476,216.98809523809524,2.085267857142857,0.38306547619047615
c27_33,-13.5,28.5,Zambia,2020-11-29,2020-12-21,2021-02-28,0.6523626866158834,Orange,1.36409817994001,False,0,163,12,11,17.285714285714285,25.642857142857142,0,328,95.00000000000001,12,84.38988095238095,0.45145833333333335,216.39285714285714,2.0175,0.47252976190476187
c27_34,-13.5,28.7,Zambia,2020-11-30,2020-12-21,2021-02-28,0.6110607752422715,Orange,1.794869481115295,False,0,166,13,13,17.221428571428568,25.142857142857142,0,329,92.6,10,84.91369047619048,0.42193452380952373,216.48809523809524,2.253095238095238,0.38398511904761906
c27_35,-13.5,28.9,Zambia,2020-11-10,2020-12-21,2021-02-28,0.5615617615931905,Orange,1.7629423385844882,False,0,144,11,11,17.27857142857143,25.235714285714288,0,329,88.6,12,83.44047619047619,0.46190476190476193,210.57142857142858,2.2983035714285713,0.4003154761904761
c27_36,-13.5,29.1,Zambia,2020-11-30,2020-12-21,2021-02-28,0.5144059224698943,Orange,1.742214593015135,False,0,139,11,11,17.65,25.05,0,331,112.3,12,83.5922619047619,0.4524404761904761,207.74404761904762,2.4475000000000002,0.3890178571428571
c27_37,-13.5,29.3,Zambia,2020-11-30,2020-12-21,2021-02-28,0.533634464211877,Orange,1.7705290898835322,False,0,156,11,11,17.471428571428568,25.235714285714288,0,335,87.4,11,83.6875,0.4638988095238095,204.1845238095238,2.0157738095238096,0.39253571428571427
c27_38,-13.5,29.5,Zambia,2020-11-29,2020-12-21,2021-02-28,0.5838165842689217,Orange,1.7954833948595768,False,0,146,12,12,17.242857142857144,24.7,0,328,82.8,12,82.95238095238095,0.4646130952380953,203.33630952380952,2.3338095238095242,0.399452380952381
c27_39,-13.5,29.7,Zambia,2020-11-29,2020-12-21,2021-02-28,0.6440802929905294,Orange,1.8362506556212204,False,0,153,11,10,16.8,23.8,0,302,106.9,12,83.73214285714286,0.4223809523809524,205.31845238095238,2.7911309523809527,0.39367857142857143
c27_40,-13.5,29.9,Zambia,2020-11-29,2020-12-21,2021-02-28,0.5929465936120725,Orange,1.8040187668472238,False,0,151,12,12,17.17142857142857,24.435714285714283,0,325,68.30000000000001,11,83.2172619047619,0.44901785714285714,201.67857142857142,2.64235119047619,0.37873511904761914
c27_41,-13.5,30.1,Zambia,2020-11-30,2020-12-21,2021-02-28,0.6240258069934839,Orange,1.8285588267911377,False,0,154,13,12,17.05,24.07857142857143,0,315,97.80000000000001,12,84.17857142857143,0.417202380952381,195.5297619047619,2.746785714285714,0.39374404761904763
c27_42,-13.5,30.3,Zambia,2020-12-01,2020-12-21,2021-02-28,0.6421857707135965,Orange,1.8556440591010246,False,0,154,12,11,16.864285714285714,24.442857142857143,0,304,92.60000000000001,11,83.66666666666667,0.43919642857142854,197.67559523809524,2.5925,0.3889315476190476
c27_43,-13.5,30.5,Zambia,2020-12-01,2020-12-21,2021-02-28,0.4293141398960201,Yellow,1.1760527058719314,False,0,119,9,9,19.728571428571428,26.67857142857142,1,327,117.60000000000001,12,81.24404761904762,0.5708333333333334,201.2470238095238,2.4314880952380955,0.3858095238095238
c27_44,-13.5,30.7,Zambia,2020-12-01,2020-12-21,2021-02-28,0.5085998152980467,Orange,1.32431506702582,False,0,119,10,10,20.62142857142857,28.22857142857143,3,313,98.2,12,81.12797619047619,0.6269940476190475,203.51190476190476,1.4228571428571428,0.3733571428571429
c27_45,-13.5,30.9,Zambia,2020-11-11,2020-12-21,2021-02-28,0.49524654273010327,Yellow,1.250028230377949,False,0,124,10,10,19.66428571428571,26.97142857142857,1,331,74.8,10,81.80654761904762,0.5576488095238096,203.5952380952381,1.8253571428571427,0.3877142857142857
c27_46,-13.5,31.1,Zambia,2020-12-01,2020-12-21,2021-02-28,0.5530453010247613,Orange,1.3606099448663722,True,1,135,11,11,21.064285714285717,27.992857142857144,2,320,87.09999999999998,12,83.02083333333333,0.5717261904761904,196.1577380952381,1.0872619047619048,0.3876428571428571
c27_47,-13.5,31.3,Zambia,2020-12-01,2020-12-21,2021-02-28,0.6295155134537203,Orange,1.5635731743810288,True,1,152,14,14,22.235714285714288,29.014285714285712,3,311,101.69999999999999,10,84.19047619047619,0.5644642857142858,201.05059523809524,1.3480654761904762,0.38349404761904765
c27_48,-13.5,31.5,Zambia,2020-12-01,2020-12-21,2021-02-28,0.5325385608915937,Orange,1.5059433797208568,False,0,122,11,11,22.207142857142856,28.74285714285714,2,317,84.30000000000001,12,82.64583333333333,0.6017857142857143,205.1279761904762,1.447857142857143,0.34925595238095236
c27_49,-13.5,31.7,Zambia,2020-12-01,2020-12-21,2021-02-28,0.5855535426722809,Orange,1.3722527453039695,False,0,156,13,13,20.814285714285717,26.828571428571426,0,330,121.4,12,86.04464285714286,0.43988095238095243,206.17559523809524,1.5608333333333335,0.38929166666666665
c27_50,-13.5,31.9,Zambia,2020-12-02,2020-12-21,2021-02-28,0.6334116937173662,Orange,1.3846410920885681,False,0,152,14,14,21.38571428571429,28.22857142857143,2,319,68.9,12,84.98809523809524,0.5093749999999999,205.9077380952381,1.4532440476190476,0.3483630952380953
c27_51,-13.5,32.1,Zambia,2020-12-02,2020-12-21,2021-02-28,0.627240201392705,Orange,1.388395259763928,False,0,121,11,11,21.021428571428572,27.492857142857144,0,326,86.1,12,84.7202380952381,0.492797619047619,210.0029761904762,1.6352083333333336,0.4592559523809524
c27_52,-13.5,32.3,Zambia,2020-11-30,2020-12-21,2021-02-28,0.5402749884735024,Orange,1.4005906586541061,False,0,145,12,12,20.0,26.457142857142856,0,336,90.30000000000001,11,85.77083333333333,0.4346130952380952,210.21428571428572,1.9450297619047618,0.3583660714285714
c27_53,-13.5,32.5,Zambia,2020-11-30,2020-12-21,2021-02-28,0.6291131644470795,Orange,1.3938781084463356,False,0,150,12,12,19.657142857142855,26.49285714285714,0,336,89.39999999999998,11,85.16964285714286,0.4514880952380952,215.61607142857142,1.8777083333333333,0.45666964285714284
c27_54,-13.5,32.7,Zambia,2020-12-01,2020-12-21,2021-02-28,0.6626471633381443,Orange,1.7889710328171575,False,0,159,13,13,18.549999999999994,24.87857142857143,0,336,103.60000000000002,11,85.86309523809524,0.3910119047619047,216.25,2.1070238095238096,0.4643422619047619
c27_55,-13.5,32.9,Malawi,2020-12-01,2020-12-21,2021-02-28,0.6809094184505919,Orange,1.778635819774342,False,0,167,13,13,18.50714285714286,25.25,0,336,74.69999999999999,12,85.36309523809524,0.418452380952381,219.8125,2.3645238095238095,0.45322023809523815
c27_56,-13.5,33.1,Malawi,2020-12-01,2020-12-21,2021-02-28,0.6742060219547101,Orange,1.2842816167842201,False,0,161,13,13,18.82857142857143,26.107142857142858,0,336,63.8,10,84.66071428571429,0.46255952380952386,221.5,2.190803571428571,0.45388095238095233
c27_57,-13.5,33.3,Malawi,2020-12-01,2020-12-21,2021-02-28,0.6536234530068988,Orange,1.2845737513582294,False,0,161,13,13,18.678571428571427,26.08571428571429,0,336,79.60000000000001,9,84.99107142857143,0.45014880952380953,217.89285714285714,2.2401785714285714,0.4586547619047619
c27_58,-13.5,33.5,Malawi,2020-12-01,2020-12-21,2021-02-28,0.6518010589070632,Orange,1.301331166189771,False,0,156,13,13,18.564285714285717,25.871428571428574,0,336,78.4,10,84.62202380952381,0.45342261904761905,214.29166666666666,2.0628869047619043,0.4586428571428571
c27_59,-13.5,33.7,Malawi,2020-12-01,2020-12-21,2021-02-28,0.6863209019817066,Orange,1.8142277008035474,False,0,162,14,14,17.85,24.74285714285714,0,336,86.6,12,85.2797619047619,0.40687500000000004,213.68154761904762,2.300059523809524,0.4675297619047619
c27_60,-13.5,33.9,Malawi,2020-11-30,2020-12-21,2021-02-28,0.7741275434656892,Red,2.3299285376263947,True,1,185,14,14,17.07857142857143,23.49285714285714,0,319,76.3,13,87.4047619047619,0.32767857142857143,204.94940476190476,2.8914880952380955,0.48214880952380956
c27_61,-13.5,34.1,Malawi,2020-12-01,2020-12-21,2021-02-28,0.49675740034783017,Yellow,1.2633230671119389,False,0,117,10,10,20.67142857142857,27.821428571428566,3,321,111.0,12,82.25595238095238,0.5763392857142856,206.51190476190476,1.7063392857142854,0.3951577380952381
c27_62,-13.5,34.3,Malawi,2020-11-29,2020-12-21,2021-02-28,0.5793886499185283,Orange,1.4698746589285898,False,0,148,11,11,21.714285714285715,29.207142857142856,3,311,122.7,10,84.88690476190476,0.5283630952380951,222.0625,1.7389880952380952,0.3851041666666667
c28_1,-13.7,22.1,Zambia,2020-11-24,2020-12-21,2021-02-28,0.3260643732048317,Yellow,1.112798097843977,False,0,97,7,7,18.185714285714287,27.11428571428572,1,328,60.900000000000006,9,77.94345238095238,0.6735416666666667,249.97916666666666,2.479136904761905,0.20503571428571427
c28_2,-13.7,22.3,Zambia,2020-11-27,2020-12-21,2021-02-28,0.335717037024175,Yellow,1.1109045193990275,False,0,87,7,7,18.22857142857143,27.114285714285717,1,327,56.2,10,77.66964285714286,0.6820535714285715,248.65178571428572,2.5054166666666666,0.21642857142857141
c28_3,-13.7,22.5,Zambia,2020-11-23,2020-12-21,2021-02-28,0.359956357195247,Yellow,1.11560350439449,False,0,95,8,8,18.342857142857145,27.20714285714286,0,327,47.5,9,77.82142857142857,0.6855059523809524,246.3154761904762,2.503660714285714,0.21166071428571426
c28_4,-13.7,22.7,Zambia,2020-11-12,2020-12-21,2021-02-28,0.3224840750158701,Yellow,1.1257622649771117,False,0,89,8,8,18.264285714285712,27.45714285714286,1,327,52.99999999999999,7,77.78571428571429,0.6884821428571428,244.30059523809524,2.543422619047619,0.19690773809523807
c28_5,-13.7,22.9,Zambia,2020-12-01,2020-12-21,2021-02-28,0.3588043837437192,Yellow,1.131389461088411,False,0,102,9,9,18.400000000000002,27.178571428571427,0,329,44.6,7,78.2202380952381,0.6719047619047619,239.07142857142858,2.5516964285714288,0.2063660714285714
c28_6,-13.7,23.1,Zambia,2020-12-01,2020-12-21,2021-02-28,0.3781960019385194,Yellow,1.1351641204872138,False,0,114,9,9,18.792857142857144,27.178571428571434,1,328,59.699999999999996,8,78.24702380952381,0.6784821428571428,234.79761904761904,2.369672619047619,0.24
c28_7,-13.7,23.3,Zambia,2020-11-30,2020-12-21,2021-02-28,0.4931108712229418,Yellow,1.1586799355554482,False,0,114,9,9,18.471428571428568,27.107142857142858,1,331,40.2,8,78.5327380952381,0.6647916666666667,234.3422619047619,2.3167559523809524,0.36364285714285716
c28_8,-13.7,23.5,Zambia,2020-11-10,2020-12-21,2021-02-28,0.46893680833843704,Yellow,1.1328960872282494,False,0,110,9,9,18.349999999999998,27.11428571428571,1,331,55.29999999999999,9,78.80059523809524,0.655625,238.07440476190476,2.317559523809524,0.347375
c28_9,-13.7,23.7,Zambia,2020-11-10,2020-12-21,2021-02-28,0.5367851835742794,Orange,1.1914136231981998,False,0,124,11,11,18.11428571428571,27.2,1,329,56.8,9,79.4702380952381,0.6388392857142857,240.75595238095238,2.228928571428572,0.3570922619047619
c28_10,-13.7,23.9,Zambia,2020-11-10,2020-12-21,2021-02-28,0.5200034306608282,Orange,1.2239949906757186,False,0,134,11,11,18.05,27.092857142857138,1,332,71.2,10,80.87202380952381,0.5929166666666666,239.10119047619048,2.216458333333333,0.3512113095238095
c28_11,-13.7,24.1,Zambia,2020-11-10,2020-12-21,2021-02-28,0.5733359692806825,Orange,1.2566221592979545,False,0,149,12,12,17.9,27.550000000000004,1,327,73.29999999999998,9,81.0922619047619,0.6011011904761905,241.10416666666666,2.0206250000000003,0.3658005952380952
c28_12,-13.7,24.3,Zambia,2020-11-10,2020-12-21,2021-02-28,0.5449079571289219,Orange,1.2567642251390658,False,0,146,11,11,17.857142857142854,27.485714285714288,1,329,72.70000000000002,8,80.73809523809524,0.6098809523809523,240.59821428571428,2.170059523809524,0.37401190476190477
c28_13,-13.7,24.5,Zambia,2020-11-10,2020-12-21,2021-02-28,0.546542648540049,Orange,1.225806509577886,False,0,130,10,10,17.77857142857143,27.357142857142854,1,326,69.8,10,79.80654761904762,0.629345238095238,247.80357142857142,2.169166666666667,0.37492559523809527
c28_14,-13.7,24.7,Zambia,2020-12-01,2020-12-21,2021-02-28,0.5440329681052375,Orange,1.2429188134424278,False,0,138,11,11,17.79285714285714,27.314285714285713,1,330,75.60000000000001,10,79.88392857142857,0.630327380952381,244.36309523809524,2.2045833333333333,0.3782351190476191
c28_15,-13.7,24.9,Zambia,2020-11-10,2020-12-21,2021-02-28,0.4624104871714587,Yellow,1.185215551696625,False,0,125,10,10,18.03571428571429,27.557142857142857,1,325,119.39999999999999,10,78.58333333333333,0.6742559523809524,233.61011904761904,2.1439583333333334,0.38534226190476195
c28_16,-13.7,25.1,Zambia,2020-12-01,2020-12-21,2021-02-28,0.49937237807223794,Yellow,1.200918071872014,False,0,127,11,11,17.964285714285715,27.385714285714283,1,323,111.5,10,78.95833333333333,0.6586011904761906,230.47916666666666,2.1670238095238097,0.3861428571428571
c28_17,-13.7,25.3,Zambia,2020-11-11,2020-12-21,2021-02-28,0.46128836375149895,Yellow,1.1447010784693612,False,0,114,9,9,18.235714285714284,27.25714285714286,1,324,103.89999999999998,10,77.80357142857143,0.6870535714285715,231.77083333333334,2.147291666666667,0.38831250000000006
c28_18,-13.7,25.5,Zambia,2020-11-12,2020-12-21,2021-02-28,0.4885382078357776,Yellow,1.1960868070125894,False,0,128,10,10,18.164285714285715,27.257142857142856,1,327,96.89999999999999,10,78.27083333333333,0.6681845238095238,232.70833333333334,2.210297619047619,0.3886994047619048
c28_19,-13.7,25.7,Zambia,2020-11-10,2020-12-21,2021-02-28,0.511848539153153,Orange,1.1863092934277506,False,0,137,10,10,18.164285714285718,27.128571428571426,1,327,90.60000000000001,10,78.70833333333333,0.6578869047619048,231.11011904761904,2.192589285714286,0.39800297619047614
c28_20,-13.7,25.9,Zambia,2020-11-12,2020-12-21,2021-02-28,0.5228837675156844,Orange,1.263117180494592,False,0,145,10,10,17.585714285714285,26.614285714285717,0,333,73.1,10,80.42857142857143,0.5906845238095239,227.9375,2.274345238095238,0.39511607142857147
c28_21,-13.7,26.1,Zambia,2020-12-01,2020-12-21,2021-02-28,0.5071438211985733,Orange,1.1879549541426182,False,0,131,10,10,17.964285714285715,26.85,0,330,77.6,9,79.00892857142857,0.6338392857142858,227.5654761904762,2.280327380952381,0.3939315476190476
c28_22,-13.7,26.3,Zambia,2020-12-01,2020-12-21,2021-02-28,0.5119329541954918,Orange,1.2179145622207517,False,0,123,10,10,18.364285714285717,27.199999999999996,2,325,74.5,11,77.69642857142857,0.6913988095238095,225.7529761904762,2.0453869047619047,0.39485119047619044
c28_23,-13.7,26.5,Zambia,2020-12-01,2020-12-21,2021-02-28,0.5846830180026676,Orange,1.2698903481289527,False,0,154,11,11,17.571428571428573,26.9,1,323,64.5,11,81.22916666666667,0.5843154761904762,222.54464285714286,1.898422619047619,0.3877589285714286
c28_24,-13.7,26.7,Zambia,2020-12-01,2020-12-21,2021-02-28,0.5598643642060209,Orange,1.2510924483279509,False,0,146,11,11,17.235714285714288,25.985714285714288,0,329,67.60000000000001,10,81.30952380952381,0.5511011904761904,218.73511904761904,2.1901488095238095,0.39056547619047627
c28_25,-13.7,26.9,Zambia,2020-11-10,2020-12-21,2021-02-28,0.5725621762143762,Orange,1.272363698467499,False,0,149,11,11,17.32857142857143,26.264285714285712,1,328,69.30000000000001,10,82.05059523809524,0.5368452380952381,223.80357142857142,2.0523809523809526,0.3905892857142857
c28_26,-13.7,27.1,Zambia,2020-11-29,2020-12-21,2021-02-28,0.6041073335881183,Orange,1.2740443593549646,False,0,157,12,12,17.62142857142857,26.857142857142858,1,326,58.60000000000001,10,81.94940476190476,0.5487202380952381,220.7529761904762,1.9252678571428572,0.3911607142857143
c28_27,-13.7,27.3,Zambia,2020-11-10,2020-12-21,2021-02-28,0.5843151391970984,Orange,1.268039299319157,False,0,156,12,12,17.785714285714285,27.021428571428572,1,324,76.99999999999999,10,83.05654761904762,0.5226190476190476,215.56845238095238,1.8400892857142856,0.38591964285714286
c28_28,-13.7,27.5,Zambia,2020-11-10,2020-12-21,2021-02-28,0.5883824311537051,Orange,1.2730402251228297,False,0,157,12,12,17.757142857142856,27.03571428571428,1,328,60.0,10,82.99404761904762,0.5255059523809523,215.17559523809524,1.8748511904761906,0.3890357142857143
c28_29,-13.7,27.7,Zambia,2020-11-29,2020-12-21,2021-02-28,0.5684540777031641,Orange,1.2956019204867566,False,0,148,11,11,17.87857142857143,26.76428571428571,1,329,63.8,10,82.88392857142857,0.5193749999999999,219.34821428571428,1.9417559523809527,0.38809821428571434
c28_30,-13.7,27.9,Zambia,2020-11-29,2020-12-21,2021-02-28,0.5483157964568948,Orange,1.3108754448082163,False,0,141,10,10,17.621428571428574,25.978571428571428,1,331,55.7,10,83.09821428571429,0.48764880952380957,221.44345238095238,2.0858035714285714,0.3704315476190476
c28_31,-13.7,28.1,Zambia,2020-11-29,2020-12-21,2021-02-28,0.5962071511037383,Orange,1.3206285470582502,False,0,153,11,11,17.357142857142854,25.957142857142856,1,327,59.10000000000001,10,83.78571428571429,0.4725,221.48809523809524,2.069732142857143,0.3802589285714286
c28_32,-13.7,28.3,Zambia,2020-11-29,2020-12-21,2021-02-28,0.6099882712948694,Orange,1.3439216738411128,False,0,157,12,11,17.221428571428568,25.528571428571432,0,327,70.5,12,83.9047619047619,0.4602380952380953,219.55059523809524,2.2230654761904765,0.38582142857142854
c28_33,-13.7,28.5,Zambia,2020-11-29,2020-12-21,2021-02-28,0.6370152062454615,Orange,1.7506829906766346,False,0,160,13,12,17.22142857142857,25.321428571428566,0,326,72.39999999999999,12,83.88988095238095,0.457470238095238,217.24107142857142,2.2855654761904765,0.3950029761904762
c28_34,-13.7,28.7,Zambia,2020-11-30,2020-12-21,2021-02-28,0.5762666341700408,Orange,1.2550134805644146,False,0,140,11,11,17.721428571428568,25.821428571428573,1,328,56.4,11,82.07142857142857,0.5166071428571428,213.72916666666666,2.294642857142857,0.3918184523809524
c28_35,-13.7,28.9,Zambia,2020-11-30,2020-12-21,2021-02-28,0.5634267661739478,Orange,1.2778396246324906,False,0,159,11,11,17.7,26.092857142857138,0,328,86.5,12,83.50892857142857,0.4845238095238096,212.86904761904762,2.0828869047619043,0.38904464285714285
c28_36,-13.7,29.1,Zambia,2020-12-01,2020-12-21,2021-02-28,0.5350769716078675,Orange,1.2208923872992372,False,0,144,11,11,18.042857142857144,25.985714285714284,0,332,84.0,12,82.89583333333333,0.4955357142857143,209.70535714285714,2.131904761904762,0.3873690476190476
c28_37,-13.7,29.3,Zambia,2020-11-30,2020-12-21,2021-02-28,0.5729532671100036,Orange,1.7516120213844133,False,0,157,13,13,17.82857142857143,25.114285714285717,0,336,90.1,12,83.90178571428571,0.4527380952380953,206.14583333333334,2.2525595238095235,0.39138690476190474
c28_38,-13.7,29.5,Zambia,2020-11-11,2020-12-21,2021-02-28,0.5685170150643573,Orange,1.7935448535381908,False,0,151,11,11,17.299999999999997,24.57857142857143,0,329,82.20000000000002,12,84.08630952380952,0.4320535714285715,205.47916666666666,2.532410714285714,0.39076488095238093
c28_39,-13.7,29.7,Zambia,2020-11-11,2020-12-21,2021-02-28,0.5672231907586763,Orange,1.807005768107807,False,0,145,11,11,17.207142857142852,24.58571428571429,0,321,103.1,12,83.08630952380952,0.45678571428571424,205.57440476190476,2.6369940476190474,0.3950892857142857
c28_40,-13.7,29.9,Zambia,2020-11-30,2020-12-21,2021-02-28,0.49337177088487644,Yellow,1.5876451361814612,False,0,140,11,11,17.749999999999996,25.4,0,333,106.4,12,81.61607142857143,0.5191369047619048,202.4345238095238,2.345684523809524,0.39796726190476184
c28_41,-13.7,30.1,Zambia,2020-12-01,2020-12-21,2021-02-28,0.5235392612817019,Orange,1.7294359091847558,False,0,147,12,12,17.964285714285715,24.89285714285714,0,331,103.60000000000001,12,83.86309523809524,0.44422619047619044,195.375,2.729047619047619,0.3842886904761904
c28_42,-13.7,30.3,Zambia,2020-12-01,2020-12-21,2021-02-28,0.47712278430870214,Yellow,1.3384334361716321,False,0,154,11,11,18.521428571428572,25.464285714285715,0,335,129.20000000000002,12,84.13690476190476,0.45678571428571424,198.16666666666666,2.357172619047619,0.39068452380952373
c28_43,-13.7,30.5,Zambia,2020-11-11,2020-12-21,2021-02-28,0.5146406473312015,Orange,1.3441980251693524,False,0,115,10,10,21.342857142857138,28.66428571428571,2,314,109.89999999999999,11,81.49107142857143,0.64,206.31845238095238,1.4116071428571428,0.3949107142857143
c28_44,-13.7,30.7,Zambia,2020-11-11,2020-12-21,2021-02-28,0.4954738246856686,Yellow,1.3379596399374667,False,0,107,9,9,21.442857142857143,28.871428571428574,3,313,64.19999999999999,11,79.95535714285714,0.6872916666666666,209.38392857142858,1.3611309523809525,0.34630357142857143
c28_45,-13.7,30.9,Zambia,2020-12-01,2020-12-21,2021-02-28,0.46537545678468445,Yellow,1.2558161631533038,False,0,121,8,8,20.357142857142858,27.085714285714285,1,327,97.70000000000002,11,82.19940476190476,0.5552380952380952,209.98214285714286,1.9101785714285713,0.38691369047619045
c28_46,-13.7,31.1,Zambia,2020-12-01,2020-12-21,2021-02-28,0.5809000111325172,Orange,1.5870631286572248,False,0,128,13,13,22.514285714285712,29.32857142857143,3,310,74.5,10,82.16071428571429,0.6490773809523809,198.82440476190476,1.3901785714285715,0.35073511904761906
c28_47,-13.7,31.3,Zambia,2020-12-01,2020-12-21,2021-02-28,0.5241690995282027,Orange,1.5648611240652794,False,0,124,11,11,22.157142857142855,29.114285714285717,3,311,86.10000000000001,10,82.23511904761905,0.630297619047619,200.48511904761904,1.4602380952380951,0.34643154761904765
c28_48,-13.7,31.5,Zambia,2020-11-30,2020-12-21,2021-02-28,0.5676406821598362,Orange,1.3366357568524851,False,0,138,13,13,21.014285714285712,27.72857142857143,1,326,75.39999999999999,11,83.88095238095238,0.5302083333333333,203.57142857142858,1.4214583333333333,0.34708333333333335
c28_49,-13.7,31.7,Zambia,2020-12-01,2020-12-21,2021-02-28,0.6030362898893269,Orange,1.3905744445472807,False,0,159,13,13,20.607142857142854,26.957142857142863,0,331,86.5,12,85.99107142857143,0.44529761904761905,200.33630952380952,1.5269345238095238,0.3844434523809524
c28_50,-13.7,31.9,Zambia,2020-11-30,2020-12-21,2021-02-28,0.5946689592719341,Orange,1.3937633111622478,False,0,164,14,14,20.857142857142858,27.842857142857145,2,325,95.89999999999999,11,85.99404761904762,0.46419642857142857,201.71428571428572,1.5549404761904764,0.360014880952381
c28_51,-13.7,32.1,Zambia,2020-12-02,2020-12-21,2021-02-28,0.5144540035434502,Orange,1.3723759118347512,False,0,145,11,11,19.99285714285714,26.24285714285714,0,336,106.30000000000001,12,86.04761904761905,0.41800595238095234,201.70833333333334,2.041160714285714,0.3822083333333333
c28_52,-13.7,32.3,Zambia,2020-11-29,2020-12-21,2021-02-28,0.6634824632769226,Orange,1.3497365691087038,False,0,165,14,14,19.62142857142857,26.3,0,336,76.69999999999999,10,86.14880952380952,0.41946428571428573,206.20238095238096,2.0311011904761904,0.4437648809523809
c28_53,-13.7,32.5,Zambia,2020-12-01,2020-12-21,2021-02-28,0.6334382238149996,Orange,1.2989807220870124,False,0,144,12,12,19.321428571428566,25.95714285714286,0,336,70.69999999999999,11,85.02083333333333,0.44086309523809525,209.42261904761904,2.268779761904762,0.45642261904761905
c28_54,-13.7,32.7,Zambia,2020-12-01,2020-12-21,2021-02-28,0.6199224074783847,Orange,1.7897006089681293,False,0,153,12,12,18.25714285714286,24.52857142857143,0,335,121.4,12,85.86904761904762,0.38116071428571424,212.6845238095238,2.434285714285714,0.4638809523809524
c28_55,-13.7,32.9,Malawi,2020-12-01,2020-12-21,2021-02-28,0.6682320131151686,Orange,1.7546644617075116,False,0,160,12,12,18.135714285714286,25.235714285714284,0,333,88.89999999999999,12,85.42559523809524,0.40994047619047624,219.1875,2.301220238095238,0.47154761904761905
c28_56,-13.7,33.1,Malawi,2020-12-01,2020-12-21,2021-02-28,0.663684719205166,Orange,1.2635690980364715,False,0,164,13,13,18.592857142857138,26.064285714285713,0,335,71.8,10,85.32738095238095,0.43854166666666666,219.90178571428572,2.371309523809524,0.4479434523809524
c28_57,-13.7,33.3,Malawi,2020-12-01,2020-12-21,2021-02-28,0.679629279743007,Orange,1.3052378307343333,False,0,163,13,13,18.571428571428573,26.128571428571426,0,336,65.60000000000001,10,85.14583333333333,0.44583333333333336,218.28571428571428,2.1358035714285712,0.4675357142857142
c28_58,-13.7,33.5,Malawi,2020-11-30,2020-12-21,2021-02-28,0.7029811057689773,Orange,1.3124486152437238,False,0,158,14,14,18.257142857142856,25.521428571428576,0,336,73.2,10,85.01488095238095,0.430625,222.23809523809524,2.3321726190476193,0.47722916666666665
c28_59,-13.7,33.7,Malawi,2020-12-01,2020-12-21,2021-02-28,0.7297919331672387,Orange,1.8822757251900304,False,0,172,14,14,17.79285714285714,24.77857142857143,0,334,79.2,12,85.25892857142857,0.4048511904761905,223.75595238095238,2.632232142857143,0.4887113095238095
c28_60,-13.7,33.9,Malawi,2020-11-30,2020-12-21,2021-02-28,0.6356939599688322,Orange,1.7804957012663873,False,0,141,11,11,17.985714285714288,24.321428571428577,0,336,82.5,12,84.48214285714286,0.42014880952380956,212.71428571428572,2.841398809523809,0.4859315476190476
c28_61,-13.7,34.1,Malawi,2020-12-01,2020-12-21,2021-02-28,0.5796624341793486,Orange,1.2156117948832852,False,0,115,10,10,20.107142857142858,26.735714285714284,0,328,100.3,12,81.73511904761905,0.5629166666666666,212.19940476190476,2.1151785714285714,0.4810446428571429
c28_62,-13.7,34.3,Malawi,2020-11-29,2020-12-21,2021-02-28,0.5139523885334661,Orange,1.3418609318583683,False,0,113,9,9,21.52857142857143,28.707142857142856,4,315,106.20000000000002,10,83.24107142857143,0.566577380952381,222.05059523809524,1.8589583333333333,0.3852559523809524
c28_63,-13.7,34.5,Malawi,2020-11-29,2020-12-21,2021-02-28,0.5193081534949952,Orange,1.4695502388750339,False,0,125,10,10,22.807142857142857,28.414285714285707,0,320,134.8,8,84.14583333333333,0.5480654761904762,228.20535714285714,2.512529761904762,0.3821845238095238
c28_65,-13.7,34.9,Malawi,2020-11-29,2020-12-21,2021-02-28,0.5194226814424927,Orange,1.52349818332661,False,0,69,7,7,22.95,28.578571428571426,4,308,99.7,9,80.20833333333333,0.6876190476190477,228.9375,2.4322916666666665,0.43265476190476193
c29_1,-13.9,22.1,Zambia,2020-11-12,2020-12-21,2021-02-28,0.33577684654062623,Yellow,1.1114552986293758,False,0,90,8,8,18.107142857142858,27.1,1,328,65.6,10,77.77083333333333,0.6777380952380953,248.70535714285714,2.466488095238095,0.20927083333333332
c29_2,-13.9,22.3,Zambia,2020-11-12,2020-12-21,2021-02-28,0.35658101744177034,Yellow,1.1153127319418998,False,0,93,9,9,18.121428571428574,27.02857142857143,1,325,71.10000000000001,8,78.05654761904762,0.6696428571428571,245.38690476190476,2.426636904761905,0.21293154761904762
c29_3,-13.9,22.5,Zambia,2020-11-12,2020-12-21,2021-02-28,0.3792110734227849,Yellow,1.1115112108050829,False,0,94,9,9,18.407142857142862,27.192857142857143,0,328,51.3,10,78.21130952380952,0.669404761904762,243.75892857142858,2.4316964285714286,0.22075
c29_4,-13.9,22.7,Zambia,2020-11-12,2020-12-21,2021-02-28,0.37168446724928084,Yellow,1.0986938646905902,False,0,98,9,9,18.17142857142857,27.107142857142854,0,328,54.800000000000004,9,78.41369047619048,0.6605952380952382,243.10416666666666,2.5316369047619047,0.2190357142857143
c29_5,-13.9,22.9,Zambia,2020-11-10,2020-12-21,2021-02-28,0.36953987220822027,Yellow,1.1078546426434068,False,0,106,10,10,18.25714285714286,26.95714285714286,0,332,63.00000000000001,10,79.125,0.6413095238095238,238.75892857142858,2.4877380952380954,0.21480059523809525
c29_6,-13.9,23.1,Zambia,2020-11-10,2020-12-21,2021-02-28,0.381596634723164,Yellow,1.1070064972956868,False,0,110,10,10,18.32857142857143,26.821428571428566,0,333,60.699999999999996,9,79.47321428571429,0.6255059523809523,236.6577380952381,2.4279464285714285,0.22694940476190475
c29_7,-13.9,23.3,Zambia,2020-12-02,2020-12-21,2021-02-28,0.5206083171230256,Orange,1.1740149151203598,False,0,123,10,10,18.4,26.89285714285714,0,331,57.400000000000006,9,79.82440476190476,0.6203571428571427,233.56845238095238,2.2191071428571427,0.36792559523809526
c29_8,-13.9,23.5,Zambia,2020-11-10,2020-12-21,2021-02-28,0.508689977915272,Orange,1.2185055203569706,False,0,134,10,10,18.135714285714283,27.042857142857144,2,331,54.6,9,80.5327380952381,0.6056250000000001,238.66369047619048,2.25,0.3425595238095238
c29_9,-13.9,23.7,Zambia,2020-11-10,2020-12-21,2021-02-28,0.5201438004751163,Orange,1.2186898422729073,False,0,135,10,10,18.114285714285714,27.092857142857145,1,332,60.89999999999999,10,80.41369047619048,0.6075,242.43154761904762,2.2494345238095237,0.3550059523809524
c29_10,-13.9,23.9,Zambia,2020-11-10,2020-12-21,2021-02-28,0.45897573397699387,Yellow,1.238175701422673,False,0,147,12,12,17.77857142857143,27.121428571428574,1,328,72.80000000000001,9,81.74404761904762,0.5680952380952381,237.86011904761904,2.161964285714286,0.2339285714285714
c29_11,-13.9,24.1,Zambia,2020-11-30,2020-12-21,2021-02-28,0.5249960003115962,Orange,1.2173652205596723,False,0,141,12,12,18.164285714285715,27.42142857142857,1,332,91.39999999999999,9,80.20833333333333,0.6227083333333334,237.88988095238096,2.1619047619047613,0.3735089285714286
c29_12,-13.9,24.3,Zambia,2020-11-10,2020-12-21,2021-02-28,0.5450159744821487,Orange,1.2674832679556838,False,0,150,12,12,17.835714285714285,27.4,1,332,90.19999999999999,9,81.27678571428571,0.5920535714285714,241.63392857142858,2.0991071428571426,0.37447916666666664
c29_13,-13.9,24.5,Zambia,2020-11-10,2020-12-21,2021-02-28,0.5782014100107942,Orange,1.2552546376660254,False,0,141,12,12,17.864285714285714,27.500000000000004,1,326,69.7,9,80.13095238095238,0.6286309523809523,242.98214285714286,2.1090178571428573,0.3728392857142857
c29_14,-13.9,24.7,Zambia,2020-12-19,2020-12-26,2021-03-05,0.6093518803750753,Orange,1.3763675792495826,False,0,178,14,12,17.65,26.485714285714284,0,326,110.99999999999999,11,84.2202380952381,0.47994047619047614,219.39880952380952,1.87985119047619,0.3960297619047619
c29_15,-13.9,24.9,Zambia,2020-11-12,2020-12-21,2021-02-28,0.5492647772117276,Orange,1.2808338781505562,False,0,146,12,12,17.728571428571428,27.61428571428571,1,323,104.79999999999998,10,80.6547619047619,0.6175595238095238,232.36309523809524,1.9942559523809524,0.38691964285714286
c29_16,-13.9,25.1,Zambia,2020-11-12,2020-12-21,2021-02-28,0.5326234488237666,Orange,1.2767828407638793,False,0,145,12,12,17.678571428571427,27.207142857142856,1,324,110.80000000000001,10,80.58928571428571,0.6136309523809524,227.58928571428572,2.0245238095238096,0.38418154761904755
c29_17,-13.9,25.3,Zambia,2020-11-10,2020-12-21,2021-02-28,0.48737809470911325,Yellow,1.1590443921575515,False,0,117,10,10,18.014285714285716,26.878571428571426,1,328,85.09999999999998,10,78.20833333333333,0.6664880952380953,228.57142857142858,2.232797619047619,0.38793749999999994
c29_18,-13.9,25.5,Zambia,2020-11-10,2020-12-21,2021-02-28,0.5321513182920754,Orange,1.1676160912538016,False,0,120,11,11,18.27857142857143,27.092857142857138,1,328,63.4,9,77.69642857142857,0.6862202380952381,232.59821428571428,2.270684523809524,0.38703273809523814
c29_19,-13.9,25.7,Zambia,2020-11-12,2020-12-21,2021-02-28,0.5432372851294056,Orange,1.1780687797495057,False,0,119,11,11,18.45,27.264285714285712,1,327,62.499999999999986,9,77.42559523809524,0.699077380952381,233.11904761904762,2.153065476190476,0.39501190476190473
c29_20,-13.9,25.9,Zambia,2020-11-12,2020-12-21,2021-02-28,0.5072280597350233,Orange,1.1574330153549308,False,0,112,10,10,18.464285714285715,26.928571428571427,1,329,67.19999999999999,9,77.66964285714286,0.6819940476190476,228.02380952380952,2.2117559523809525,0.397782738095238
c29_21,-13.9,26.1,Zambia,2020-12-03,2020-12-21,2021-02-28,0.5227827080977163,Orange,1.181472545908291,False,0,118,11,11,18.257142857142856,26.63571428571429,0,332,62.7,9,78.0297619047619,0.6605952380952381,224.0654761904762,2.252857142857143,0.3953690476190476
c29_22,-13.9,26.3,Zambia,2020-11-10,2020-12-21,2021-02-28,0.5488028035644338,Orange,1.2137876468358297,False,0,118,12,12,18.157142857142855,27.164285714285715,1,328,57.00000000000001,10,78.00297619047619,0.6790773809523809,223.84821428571428,1.9891666666666667,0.388610119047619
c29_23,-13.9,26.5,Zambia,2020-12-01,2020-12-21,2021-02-28,0.524068095637922,Orange,1.1891605997288983,False,0,120,11,11,18.1,26.864285714285717,1,329,66.3,10,78.5625,0.6478869047619048,223.88690476190476,2.1046428571428573,0.38789285714285715
c29_24,-13.9,26.7,Zambia,2020-11-29,2020-12-21,2021-02-28,0.5076728856944576,Orange,1.205523654977205,False,0,125,10,10,17.87857142857143,26.400000000000002,1,331,68.4,10,78.80059523809524,0.6317261904761905,225.79761904761904,2.1558928571428573,0.3864583333333333
c29_25,-13.9,26.9,Zambia,2020-11-12,2020-12-21,2021-02-28,0.5776844654383511,Orange,1.2586943020614851,False,0,138,11,11,17.607142857142858,26.16428571428571,0,326,67.9,10,80.68452380952381,0.5686904761904762,226.80059523809524,2.2290178571428574,0.3903898809523809
c29_26,-13.9,27.1,Zambia,2020-11-29,2020-12-21,2021-02-28,0.612007604891673,Orange,1.2490547304603474,False,0,159,12,12,17.428571428571427,26.357142857142854,0,327,65.6,10,82.38988095238095,0.526875,224.52380952380952,2.1221130952380953,0.39264880952380954
c29_27,-13.9,27.3,Zambia,2020-11-10,2020-12-21,2021-02-28,0.5585745567840764,Orange,1.2453237497119212,False,0,147,12,12,17.87857142857143,26.857142857142858,1,326,87.4,10,81.91964285714286,0.5527678571428571,217.8779761904762,1.8985714285714284,0.3857440476190477
c29_28,-13.9,27.5,Zambia,2020-11-29,2020-12-21,2021-02-28,0.5449903568735794,Orange,1.2419119112350425,False,0,136,11,11,18.071428571428573,26.75,1,326,71.80000000000001,11,81.98511904761905,0.5415476190476189,218.98214285714286,1.9880952380952381,0.3688571428571429
c29_29,-13.9,27.7,Zambia,2020-11-29,2020-12-21,2021-02-28,0.5430916603615485,Orange,1.229250545388314,False,0,130,10,10,18.150000000000002,26.664285714285715,1,328,65.7,11,81.34821428571429,0.5645833333333334,223.36011904761904,2.051220238095238,0.38867857142857143
c29_30,-13.9,27.9,Zambia,2020-11-30,2020-12-21,2021-02-28,0.573928942746746,Orange,1.2912180443652517,False,0,145,12,12,17.892857142857146,26.471428571428568,1,331,86.19999999999999,11,82.99702380952381,0.5080357142857144,224.1577380952381,2.0351785714285713,0.3951369047619047
c29_31,-13.9,28.1,Zambia,2020-11-30,2020-12-21,2021-02-28,0.5463310174477859,Orange,1.3323347174382068,False,0,154,11,11,17.77142857142857,26.578571428571426,1,332,86.7,11,83.4375,0.4955357142857143,222.61607142857142,1.9599107142857142,0.3853928571428572
c29_32,-13.9,28.3,Zambia,2020-11-29,2020-12-21,2021-02-28,0.5323940288460483,Orange,1.250146483670761,False,0,134,10,10,17.8,26.42142857142857,1,330,74.5,11,81.38392857142857,0.553154761904762,225.03869047619048,2.1366964285714287,0.39088095238095244
c29_33,-13.9,28.5,Zambia,2020-11-29,2020-12-21,2021-02-28,0.524648140198267,Orange,1.1871945947509386,False,0,126,11,11,18.17142857142857,26.464285714285715,1,330,83.2,12,80.28869047619048,0.5794345238095238,221.39583333333334,2.207351190476191,0.38852083333333337
c29_34,-13.9,28.7,Zambia,2020-11-29,2020-12-21,2021-02-28,0.5762141720875359,Orange,1.2223906998807466,False,0,145,12,12,17.835714285714285,25.728571428571428,0,333,58.8,11,82.07738095238095,0.514375,215.26190476190476,2.3063988095238095,0.3818035714285714
c29_35,-13.9,28.9,Zambia,2020-11-30,2020-12-21,2021-02-28,0.5425214669593993,Orange,1.182612097517546,False,0,142,12,12,17.95714285714286,26.199999999999996,1,332,81.4,11,81.54166666666667,0.5431845238095238,211.89583333333334,2.2033928571428567,0.3938214285714286
c29_36,-13.9,29.1,Zambia,2020-12-01,2020-12-21,2021-02-28,0.5111322773539799,Orange,1.1916387764332395,False,0,145,11,11,18.135714285714283,26.17142857142857,1,333,93.0,12,82.38095238095238,0.5176785714285714,209.68154761904762,2.1398809523809526,0.3880803571428571
c29_37,-13.9,29.3,Zambia,2020-11-30,2020-12-21,2021-02-28,0.5784621075675571,Orange,1.7255192790240421,False,0,152,12,12,17.885714285714286,25.17142857142857,0,335,78.4,12,83.95833333333333,0.4476190476190475,212.51785714285714,2.516309523809524,0.39430952380952383
c29_38,-13.9,29.5,Zambia,2020-11-30,2020-12-21,2021-02-28,0.5566917104697018,Orange,1.7788926473345228,False,0,153,11,11,17.72142857142857,24.671428571428574,0,335,76.4,12,84.02083333333333,0.43723214285714285,209.08630952380952,2.7660416666666667,0.39043154761904764
c29_39,-13.9,29.7,Zambia,2020-11-30,2020-12-21,2021-02-28,0.48348823516816863,Yellow,1.785283728940839,False,0,143,11,11,17.70714285714286,24.74285714285714,0,335,122.10000000000002,11,83.94642857142857,0.4423214285714286,201.08928571428572,2.5955952380952376,0.39301190476190484
c29_40,-13.9,29.9,Zambia,2020-11-30,2020-12-21,2021-02-28,0.42276024153654956,Yellow,1.7405053618628596,False,0,143,10,10,17.92142857142857,25.192857142857143,0,336,138.8,10,83.57440476190476,0.45952380952380956,198.46428571428572,2.359613095238095,0.3842053571428572
c29_41,-13.9,30.1,Zambia,2020-11-10,2020-12-21,2021-02-28,0.5097804432475002,Orange,1.2740735452669856,False,0,158,11,11,19.107142857142858,26.12857142857143,2,326,133.10000000000002,12,84.21130952380952,0.47949404761904757,198.30654761904762,2.0404166666666663,0.3984434523809523
c29_42,-13.9,30.3,Zambia,2020-11-30,2020-12-21,2021-02-28,0.5236825200220884,Orange,1.3423160942750756,True,1,121,10,10,21.264285714285712,28.150000000000002,2,319,94.30000000000001,12,81.62202380952381,0.6244940476190476,202.8095238095238,1.3485714285714285,0.39506547619047616
c29_43,-13.9,30.5,Zambia,2020-11-11,2020-12-21,2021-02-28,0.5231790004946768,Orange,1.5826044380639575,True,1,113,10,10,22.178571428571427,29.621428571428574,4,306,72.70000000000002,9,80.31845238095238,0.7093750000000001,206.30357142857142,1.3266964285714287,0.35353571428571434
c29_44,-13.9,30.7,Zambia,2020-11-11,2020-12-21,2021-02-28,0.5804547800861154,Orange,1.3360022057620553,True,1,140,11,11,20.928571428571427,28.207142857142856,2,320,82.49999999999999,11,82.49404761904762,0.5896428571428571,211.39285714285714,1.3110416666666667,0.39531547619047624
c29_45,-13.9,30.9,Zambia,2020-11-11,2020-12-21,2021-02-28,0.5553100162665834,Orange,1.6077013066315418,True,1,127,11,11,22.057142857142853,29.321428571428566,3,305,88.89999999999999,11,81.20238095238095,0.675,213.0297619047619,1.2345833333333336,0.33669642857142856
c29_46,-13.9,31.1,Zambia,2020-12-01,2020-12-21,2021-02-28,0.5884126164222383,Orange,1.5988386838715076,True,1,121,11,11,22.535714285714285,29.842857142857145,3,297,83.6,10,80.25297619047619,0.7288095238095238,209.1875,1.320297619047619,0.3639970238095238
c29_47,-13.9,31.3,Zambia,2020-11-30,2020-12-21,2021-02-28,0.6076187142076722,Orange,1.3776977161769346,False,0,148,12,12,20.54285714285714,27.36428571428571,1,324,70.5,12,84.57440476190476,0.5003571428571428,201.6279761904762,1.5255357142857144,0.3894464285714285
c29_48,-13.9,31.5,Zambia,2020-11-30,2020-12-21,2021-02-28,0.593929124734012,Orange,1.384114437070609,False,0,152,13,13,20.27857142857143,27.014285714285716,1,331,60.39999999999999,10,85.11309523809524,0.4693154761904762,201.48214285714286,1.7175892857142858,0.36749702380952376
c29_49,-13.9,31.7,Zambia,2020-11-30,2020-12-21,2021-02-28,0.6494897626234424,Orange,1.3866235634147885,False,0,160,14,14,20.29285714285714,27.0,0,334,81.60000000000001,11,85.5922619047619,0.4544345238095238,199.0029761904762,1.7891666666666666,0.4467023809523809
c29_50,-13.9,31.9,Zambia,2020-12-01,2020-12-21,2021-02-28,0.6576860219064078,Orange,1.4070751943368347,False,0,160,13,13,20.492857142857144,26.892857142857142,0,332,81.0,12,85.81547619047619,0.4423511904761905,198.77678571428572,1.784077380952381,0.4589732142857142
c29_51,-13.9,32.1,Zambia,2020-12-02,2020-12-21,2021-02-28,0.6807962976623025,Orange,1.971172286810389,False,0,163,13,13,19.264285714285712,25.071428571428573,0,336,78.80000000000001,12,86.875,0.36976190476190474,200.8452380952381,2.346279761904762,0.4759136904761904
c29_52,-13.9,32.3,Zambia,2020-12-01,2020-12-21,2021-02-28,0.6945067606026906,Orange,1.373765197228169,False,0,178,14,14,18.99285714285714,25.7,0,336,72.2,9,87.02678571428571,0.38026785714285716,205.93154761904762,2.368839285714286,0.46771428571428575
c29_53,-13.9,32.5,Zambia,2020-11-30,2020-12-21,2021-02-28,0.6577419703908453,Orange,1.3029975280328532,False,0,170,12,12,18.87142857142857,25.7,0,336,66.30000000000001,10,86.74404761904762,0.385952380952381,209.45535714285714,2.526011904761905,0.45720238095238086
c29_54,-13.9,32.7,Zambia,2020-11-29,2020-12-21,2021-02-28,0.5923101310904662,Orange,1.2891333823411135,False,0,138,11,11,20.207142857142856,26.635714285714283,0,336,88.3,11,85.44940476190476,0.44553571428571426,212.75892857142858,2.6731547619047618,0.45870535714285715
c29_55,-13.9,32.9,Zambia,2020-12-01,2020-12-21,2021-02-28,0.4568357891008111,Yellow,1.304183272579685,False,0,129,10,10,19.492857142857144,26.392857142857142,0,336,104.5,11,83.64880952380952,0.49854166666666666,214.95238095238096,2.0152380952380953,0.34985714285714287
c29_56,-13.9,33.1,Malawi,2020-12-01,2020-12-21,2021-02-28,0.6573717036764134,Orange,1.2889697009733896,False,0,165,12,12,18.642857142857142,26.150000000000002,0,335,80.7,10,85.38095238095238,0.4350297619047619,222.1279761904762,2.2985119047619045,0.4666547619047619
c29_57,-13.9,33.3,Malawi,2020-12-01,2020-12-21,2021-02-28,0.6945403593620034,Orange,1.3054821157852117,False,0,165,13,13,18.521428571428572,25.89285714285714,0,335,59.7,11,85.0327380952381,0.4401785714285714,220.72321428571428,2.2434821428571428,0.46349404761904756
c29_58,-13.9,33.5,Malawi,2020-11-30,2020-12-21,2021-02-28,0.6973940282501968,Orange,1.2663662659035058,False,0,165,14,14,18.264285714285716,25.571428571428577,0,336,84.10000000000001,12,85.67559523809524,0.416547619047619,226.60416666666666,2.496517857142857,0.46430357142857154
c29_59,-13.9,33.7,Malawi,2020-12-01,2020-12-21,2021-02-28,0.6302019018458667,Orange,1.230802930383872,False,0,144,11,11,18.59285714285715,25.97142857142857,0,336,98.09999999999998,12,84.84821428571429,0.4450297619047619,231.06845238095238,2.541130952380952,0.4784494047619048
c29_60,-13.9,33.9,Malawi,2020-11-30,2020-12-21,2021-02-28,0.5951625297283738,Orange,1.2526365166726106,False,0,136,10,10,18.914285714285715,26.471428571428568,0,336,86.7,12,83.36011904761905,0.5016964285714286,232.95238095238096,2.2806845238095237,0.4576190476190476
c29_61,-13.9,34.1,Malawi,2020-11-30,2020-12-21,2021-02-28,0.6031063340405096,Orange,1.3853274604899999,False,0,167,13,13,18.699999999999996,26.35714285714286,0,336,87.19999999999999,11,85.41666666666667,0.44389880952380945,224.13690476190476,1.9573809523809522,0.37903571428571425
c29_62,-13.9,34.3,Malawi,2020-11-29,2020-12-21,2021-02-28,0.49755795576203554,Yellow,1.251629234838191,False,0,100,9,9,20.357142857142858,27.821428571428573,2,329,87.19999999999999,13,82.53869047619048,0.5555952380952381,222.57142857142858,1.741845238095238,0.39439583333333333
c29_63,-13.9,34.5,Malawi,2020-11-29,2020-12-21,2021-02-28,0.6361341665420825,Orange,1.5775581734892736,False,0,129,11,11,22.592857142857145,28.949999999999996,3,302,104.8,11,83.67261904761905,0.573125,231.02380952380952,2.223660714285714,0.3838541666666667
c30_1,-14.1,22.1,Zambia,2020-11-28,2020-12-21,2021-02-28,0.3824933839924976,Yellow,1.1093447162612855,False,0,98,9,9,18.028571428571432,27.107142857142858,1,325,61.699999999999996,10,78.60416666666667,0.65125,247.2172619047619,2.4605654761904763,0.21852678571428572
c30_2,-14.1,22.3,Zambia,2020-11-23,2020-12-21,2021-02-28,0.3754677288449453,Yellow,1.1137266844300513,False,0,89,9,9,18.192857142857143,27.05714285714286,1,324,67.39999999999999,9,78.33630952380952,0.6592559523809524,243.63988095238096,2.38625,0.22704464285714288
c30_3,-14.1,22.5,Zambia,2020-11-12,2020-12-21,2021-02-28,0.3760760068947993,Yellow,1.0910808485527919,False,0,96,9,9,18.22142857142857,26.864285714285717,1,328,66.20000000000002,10,79.26785714285714,0.6275,242.75595238095238,2.447142857142857,0.22812500000000002
c30_4,-14.1,22.7,Zambia,2020-11-12,2020-12-21,2021-02-28,0.39657246419105774,Yellow,1.105399031257208,False,0,97,10,10,18.342857142857138,26.957142857142856,0,327,69.4,9,79.1577380952381,0.6338095238095238,243.33928571428572,2.458630952380952,0.22902380952380952
c30_5,-14.1,22.9,Zambia,2020-11-10,2020-12-21,2021-02-28,0.38503612019199307,Yellow,1.0986015899789188,False,0,107,9,9,18.63571428571429,26.864285714285717,0,332,57.8,9,79.32738095238095,0.6331845238095238,241.57142857142858,2.4346726190476193,0.2341696428571429
c30_6,-14.1,23.1,Zambia,2020-11-12,2020-12-21,2021-02-28,0.3659895563159847,Yellow,1.0973110547331246,False,0,112,9,9,18.528571428571432,27.085714285714285,0,329,65.39999999999999,10,79.36904761904762,0.6316666666666667,239.16666666666666,2.4367559523809526,0.21151785714285712
c30_7,-14.1,23.3,Zambia,2020-11-10,2020-12-21,2021-02-28,0.46072302581875924,Yellow,1.1882640623109215,False,0,124,11,11,18.22142857142857,27.199999999999996,0,325,65.5,9,80.03869047619048,0.6202083333333333,245.1904761904762,2.23,0.24105059523809522
c30_8,-14.1,23.5,Zambia,2020-11-10,2020-12-21,2021-02-28,0.48374263530119593,Yellow,1.2728091506663808,False,0,136,12,12,17.778571428571432,27.22857142857143,0,327,66.4,9,80.47619047619048,0.6071428571428571,250.73511904761904,2.206309523809524,0.2383184523809524
c30_9,-14.1,23.7,Zambia,2020-11-10,2020-12-21,2021-02-28,0.44616966226566995,Yellow,1.2648612486786732,False,0,138,11,11,17.92857142857143,27.342857142857145,1,331,65.4,10,80.54761904761905,0.6082440476190477,250.9345238095238,2.206785714285714,0.23395238095238097
c30_10,-14.1,23.9,Zambia,2020-11-10,2020-12-21,2021-02-28,0.4359546976357716,Yellow,1.1808338677291672,False,0,126,11,11,18.25714285714286,27.2,1,331,70.00000000000001,10,79.35119047619048,0.6400892857142857,244.93154761904762,2.3496130952380954,0.2551220238095238
c30_11,-14.1,24.1,Zambia,2020-11-30,2020-12-21,2021-02-28,0.5304827060333278,Orange,1.1765716725179018,False,0,123,11,11,18.235714285714288,27.050000000000004,1,332,70.39999999999999,10,79.11309523809524,0.6413690476190477,242.91071428571428,2.381279761904762,0.3760803571428571
c30_12,-14.1,24.3,Zambia,2020-12-01,2020-12-21,2021-02-28,0.5147377314324886,Orange,1.2110882864237442,False,0,132,10,10,17.857142857142858,26.83571428571429,0,333,74.7,9,80.00297619047619,0.6110416666666667,242.53869047619048,2.2901785714285716,0.3734077380952381
c30_13,-14.1,24.5,Zambia,2020-12-01,2020-12-21,2021-02-28,0.5477898862191617,Orange,1.2671056186533505,False,0,144,10,10,17.614285714285717,26.928571428571427,0,333,58.7,8,81.03869047619048,0.5813095238095238,242.3779761904762,2.191875,0.3793511904761905
c30_14,-14.1,24.7,Zambia,2020-12-01,2020-12-21,2021-02-28,0.5544518389178503,Orange,1.2934731643462078,False,0,144,11,11,17.764285714285712,27.299999999999994,1,330,72.60000000000001,9,80.92857142857143,0.5940178571428572,238.63095238095238,2.034940476190476,0.38427678571428575
c30_15,-14.1,24.9,Zambia,2020-11-30,2020-12-21,2021-02-28,0.4821037598735373,Yellow,1.1565645564503313,False,0,119,10,10,18.107142857142858,27.092857142857138,1,331,89.39999999999998,10,78.90178571428571,0.6462797619047619,234.04761904761904,2.212142857142857,0.38531845238095236
c30_16,-14.1,25.1,Zambia,2020-11-25,2020-12-21,2021-02-28,0.46217325635845674,Yellow,1.1477543531907326,False,0,114,11,11,18.021428571428572,27.10714285714286,1,330,117.30000000000003,10,78.72916666666667,0.6534821428571428,231.17261904761904,2.210238095238095,0.38623809523809527
c30_17,-14.1,25.3,Zambia,2020-11-10,2020-12-21,2021-02-28,0.47330546395948325,Yellow,1.196429846670792,False,0,126,11,11,17.86428571428571,26.86428571428571,0,331,113.60000000000001,10,79.82738095238095,0.6135714285714287,227.57142857142858,2.238928571428571,0.38155357142857144
c30_18,-14.1,25.5,Zambia,2020-11-10,2020-12-21,2021-02-28,0.5101441036447485,Orange,1.228897647769542,False,0,133,11,11,17.878571428571426,27.178571428571434,0,331,91.7,10,80.41071428571429,0.6081845238095238,229.32738095238096,2.1282738095238094,0.38655357142857144
c30_19,-14.1,25.7,Zambia,2020-11-12,2020-12-21,2021-02-28,0.4131900289017273,Yellow,1.2156882680269496,False,0,125,11,11,18.007142857142856,27.292857142857144,1,329,77.7,9,79.50595238095238,0.6392559523809523,230.05654761904762,2.049702380952381,0.26290178571428574
c30_20,-14.1,25.9,Zambia,2020-11-12,2020-12-21,2021-02-28,0.4255721916487857,Yellow,1.2185121490947963,False,0,124,11,11,17.900000000000002,27.25714285714286,1,328,67.8,9,79.54464285714286,0.6350892857142857,226.67559523809524,2.0680654761904758,0.2681845238095238
c30_21,-14.1,26.1,Zambia,2020-12-01,2020-12-21,2021-02-28,0.5136401135895472,Orange,1.161606312037115,False,0,113,11,11,18.357142857142858,27.13571428571429,1,329,69.4,9,78.10416666666667,0.6680654761904762,223.46428571428572,2.2083035714285715,0.39770833333333333
c30_22,-14.1,26.3,Zambia,2020-11-22,2020-12-21,2021-02-28,0.5062972039510446,Orange,1.1802731637014217,False,0,106,11,11,18.435714285714287,27.150000000000006,1,329,70.8,9,77.44345238095238,0.688720238095238,226.63690476190476,2.113690476190476,0.39173511904761904
c30_23,-14.1,26.5,Zambia,2020-11-10,2020-12-21,2021-02-28,0.4953374639591623,Yellow,1.1651290861997847,False,0,107,11,11,18.17142857142857,26.66428571428571,0,331,73.5,9,78.17261904761905,0.6506845238095238,223.58035714285714,2.204702380952381,0.3810535714285714
c30_24,-14.1,26.7,Zambia,2020-12-01,2020-12-21,2021-02-28,0.4871507447360044,Yellow,1.1150949034591013,False,0,112,10,10,17.935714285714287,26.157142857142855,0,335,59.00000000000001,9,78.48809523809524,0.6228869047619048,222.39880952380952,2.4693750000000003,0.38533928571428566
c30_25,-14.1,26.9,Zambia,2020-11-10,2020-12-21,2021-02-28,0.5083275703110322,Orange,1.125358135737637,False,0,120,10,10,17.914285714285715,25.978571428571428,0,334,57.0,10,78.93452380952381,0.6061904761904762,221.06845238095238,2.512261904761905,0.3904732142857143
c30_26,-14.1,27.1,Zambia,2020-11-29,2020-12-21,2021-02-28,0.5552680920797205,Orange,1.244807964942216,False,0,147,11,11,17.778571428571432,26.407142857142862,1,330,61.20000000000001,10,81.10119047619048,0.5669940476190476,216.19345238095238,2.133809523809524,0.3936904761904762
c30_27,-14.1,27.3,Zambia,2020-11-29,2020-12-21,2021-02-28,0.5199584679846705,Orange,1.2184849721343562,False,0,128,11,11,18.242857142857144,26.864285714285717,1,328,81.89999999999999,10,80.64880952380952,0.5816369047619048,216.24404761904762,2.0220833333333337,0.38897321428571424
c30_28,-14.1,27.5,Zambia,2020-11-29,2020-12-21,2021-02-28,0.5340817083683422,Orange,1.2197020017244404,False,0,128,11,11,18.285714285714285,26.72142857142858,1,332,63.0,11,80.94940476190476,0.5704761904761905,220.36011904761904,2.094880952380952,0.3824553571428571
c30_29,-14.1,27.7,Zambia,2020-11-24,2020-12-21,2021-02-28,0.5424453703919013,Orange,1.2248870277460415,False,0,128,11,11,18.285714285714285,26.492857142857144,1,331,71.2,11,81.88690476190476,0.535297619047619,223.48511904761904,2.0733630952380953,0.3777202380952381
c30_30,-14.1,27.9,Zambia,2020-11-30,2020-12-21,2021-02-28,0.5435087097389,Orange,1.2369455782473862,False,0,130,11,11,18.214285714285715,26.442857142857147,1,333,77.6,11,82.10416666666667,0.5274404761904762,224.61904761904762,2.1032440476190475,0.39171130952380956
c30_31,-14.1,28.1,Zambia,2020-11-30,2020-12-21,2021-02-28,0.5612166591665149,Orange,1.2844742334441064,False,0,150,12,12,17.950000000000003,26.078571428571426,0,332,101.5,11,84.01785714285714,0.46904761904761905,220.94940476190476,2.1093154761904764,0.3876696428571429
c30_32,-14.1,28.3,Zambia,2020-11-30,2020-12-21,2021-02-28,0.575051471493349,Orange,1.25072528517809,False,0,145,12,12,17.878571428571426,25.864285714285717,0,334,70.39999999999999,12,83.4077380952381,0.4795833333333333,217.92857142857142,2.317053571428571,0.38445238095238093
c30_33,-14.1,28.5,Zambia,2020-11-30,2020-12-21,2021-02-28,0.5565476328325614,Orange,1.1825067563516585,False,0,132,12,12,18.15714285714286,25.971428571428568,0,334,63.0,11,81.95535714285714,0.5207440476190476,217.63988095238096,2.332142857142857,0.3756904761904762
c30_34,-14.1,28.7,Zambia,2020-11-29,2020-12-21,2021-02-28,0.5518091893999938,Orange,1.1685725968580736,False,0,136,11,11,18.135714285714286,25.97142857142857,0,332,61.10000000000001,12,81.47619047619048,0.534375,213.6875,2.357797619047619,0.38786309523809526
c30_35,-14.1,28.9,Zambia,2020-11-30,2020-12-21,2021-02-28,0.5573651950977344,Orange,1.167894036809999,False,0,150,12,12,18.07857142857143,26.185714285714283,1,330,71.4,12,81.87202380952381,0.5311904761904762,205.94940476190476,2.190654761904762,0.3877946428571429
c30_36,-14.1,29.1,Zambia,2020-11-30,2020-12-21,2021-02-28,0.5284243542645024,Orange,1.2488481635579367,False,0,139,11,11,18.77142857142857,26.36428571428571,1,332,78.10000000000001,12,82.02380952380952,0.5384226190476191,203.00892857142858,1.9868452380952382,0.3985595238095238
c30_37,-14.1,29.3,Zambia,2020-11-30,2020-12-21,2021-02-28,0.5452324130740458,Orange,1.2900838675821484,False,0,146,12,12,18.09285714285714,25.442857142857143,0,334,86.0,12,82.91964285714286,0.4848809523809524,205.45238095238096,2.4936309523809523,0.3922589285714286
c30_38,-14.1,29.5,Zambia,2020-11-11,2020-12-21,2021-02-28,0.5891774027485404,Orange,1.8314481324748764,False,0,149,12,10,16.91428571428571,24.371428571428574,0,316,92.5,12,83.2202380952381,0.4457142857142857,201.4047619047619,2.38514880952381,0.37827976190476187
c30_39,-14.1,29.7,Zambia,2020-11-10,2020-12-21,2021-02-28,0.5086447303629275,Orange,1.2276323669041285,False,0,144,11,11,18.37142857142857,25.55,0,333,68.60000000000001,11,83.3422619047619,0.4842261904761904,202.70535714285714,2.415714285714286,0.3482797619047619
c30_40,-14.1,29.9,Zambia,2020-11-10,2020-12-21,2021-02-28,0.486995898105493,Yellow,1.2961646726570772,False,0,143,10,10,19.62857142857143,26.67142857142857,1,328,85.4,10,83.27678571428571,0.5216071428571428,200.6875,2.189047619047619,0.36257738095238096
c30_41,-14.1,30.1,Zambia,2020-11-10,2020-12-21,2021-02-28,0.5718157329615343,Orange,1.4178845308632335,True,1,119,11,11,21.764285714285716,28.857142857142858,2,311,77.8,11,82.04761904761905,0.6349107142857143,204.5654761904762,1.1683630952380952,0.37331547619047617
c30_42,-14.1,30.3,Zambia,2020-12-01,2020-12-21,2021-02-28,0.5245392102880458,Orange,1.5741331870390547,True,1,124,10,10,22.07857142857143,29.328571428571433,4,309,71.3,11,81.42559523809524,0.6689285714285714,207.01785714285714,1.180982142857143,0.3344702380952381
c30_43,-14.1,30.5,Zambia,2020-11-10,2020-12-21,2021-02-28,0.5207511940617706,Orange,1.2629728818535528,True,1,132,11,11,20.1,26.814285714285717,2,325,109.8,11,83.07738095238095,0.52625,204.36904761904762,1.264017857142857,0.3770892857142857
c30_44,-14.1,30.7,Zambia,2020-11-30,2020-12-21,2021-02-28,0.5569543001818432,Orange,1.5947731809716499,True,1,124,11,11,22.47857142857143,29.378571428571426,3,306,104.99999999999999,11,81.63690476190476,0.6666369047619047,210.82738095238096,1.1774107142857144,0.3632083333333333
c30_45,-14.1,30.9,Zambia,2020-12-01,2020-12-21,2021-02-28,0.5870463840762024,Orange,1.5245171693017157,True,1,133,12,12,21.978571428571424,29.128571428571426,3,310,92.3,10,81.76785714285714,0.6526488095238095,211.9702380952381,1.2925,0.37427083333333333
c30_46,-14.1,31.1,Zambia,2020-12-01,2020-12-21,2021-02-28,0.6630489699138963,Orange,1.3621935730187633,False,0,149,13,13,21.25,27.928571428571427,2,323,94.0,12,84.05952380952381,0.5356250000000001,206.9970238095238,1.4214880952380953,0.46254166666666663
c30_47,-14.1,31.3,Zambia,2020-12-01,2020-12-21,2021-02-28,0.6874035364406004,Orange,1.3734420233212903,False,0,163,14,14,19.95714285714286,27.014285714285712,0,329,78.10000000000001,12,85.10714285714286,0.4692857142857143,199.95833333333334,1.7310119047619048,0.46872619047619046
c30_48,-14.1,31.5,Zambia,2020-11-30,2020-12-21,2021-02-28,0.6664113388299013,Orange,1.422357757096788,False,0,161,14,14,19.835714285714285,26.47142857142857,0,334,76.8,12,85.62797619047619,0.4427380952380952,191.97916666666666,1.860952380952381,0.4693214285714286
c30_49,-14.1,31.7,Zambia,2020-12-02,2020-12-21,2021-02-28,0.6855991473444267,Orange,1.3787235295968228,False,0,178,14,14,19.407142857142855,25.835714285714285,0,336,66.8,13,86.50892857142857,0.4001190476190476,192.78571428571428,2.2151785714285714,0.46533630952380955
c30_50,-14.1,31.9,Zambia,2020-12-02,2020-12-21,2021-02-28,0.692076861852092,Orange,1.3466197137237532,False,0,178,14,14,19.32857142857143,26.02142857142857,0,336,67.09999999999998,11,87.03869047619048,0.3859226190476191,199.9970238095238,2.4224107142857143,0.4694017857142857
c30_51,-14.1,32.1,Zambia,2020-12-02,2020-12-21,2021-02-28,0.6392967553989046,Orange,1.2860468552109525,False,0,166,13,13,19.12142857142857,25.492857142857137,0,336,104.80000000000001,11,86.66964285714286,0.38264880952380953,203.7529761904762,2.586577380952381,0.47012499999999996
c30_52,-14.1,32.3,Zambia,2020-12-02,2020-12-21,2021-02-28,0.6438355111395863,Orange,1.2309797913902985,False,0,164,12,12,19.192857142857143,26.228571428571424,0,336,75.0,10,85.91071428571429,0.4239880952380953,210.9970238095238,2.4266666666666663,0.46505357142857146
c30_53,-14.1,32.5,Zambia,2020-12-03,2020-12-21,2021-02-28,0.644787755904859,Orange,1.2117537721561407,False,0,162,12,12,19.17142857142857,26.00714285714286,0,336,77.5,9,86.12202380952381,0.41407738095238095,214.61607142857142,2.590089285714286,0.4629196428571428
c30_54,-14.1,32.7,Zambia,2020-11-30,2020-12-21,2021-02-28,0.49878186278467296,Yellow,1.3484483206143214,False,0,133,10,10,20.599999999999998,27.850000000000005,1,324,79.10000000000001,11,84.1547619047619,0.5188988095238095,210.04464285714286,1.878988095238095,0.33297023809523807
c30_55,-14.1,32.9,Zambia,2020-12-03,2020-12-21,2021-02-28,0.4586779953244339,Yellow,1.2775436644088312,False,0,127,10,10,20.07857142857143,27.407142857142862,0,328,91.8,12,82.92857142857143,0.5430357142857143,208.75892857142858,1.8579464285714284,0.32819642857142856
c30_57,-14.1,33.3,Malawi,2020-12-02,2020-12-21,2021-02-28,0.6101021557844721,Orange,1.2973553971671095,False,0,160,14,14,18.435714285714283,25.757142857142856,0,335,92.4,13,84.83630952380952,0.4371130952380953,218.6845238095238,2.105922619047619,0.3758511904761905
c30_58,-14.1,33.5,Malawi,2020-12-01,2020-12-21,2021-02-28,0.7222079022473573,Orange,1.7843229243526633,False,0,172,14,14,18.00714285714286,25.342857142857135,0,335,68.3,13,85.82440476190476,0.401577380952381,218.48511904761904,2.4333035714285716,0.47814285714285715
c30_59,-14.1,33.7,Malawi,2020-11-30,2020-12-21,2021-02-28,0.6898865713509308,Orange,1.3374563789000322,False,0,166,13,13,18.50714285714286,25.807142857142857,0,336,89.5,12,85.50297619047619,0.42124999999999996,225.07440476190476,2.0998214285714285,0.4796398809523809
c30_60,-14.1,33.9,Malawi,2020-11-30,2020-12-21,2021-02-28,0.6942497889604476,Orange,1.328647773556447,False,0,162,14,14,18.314285714285713,25.978571428571428,0,336,96.4,11,85.46428571428571,0.42434523809523805,227.8452380952381,2.0179464285714284,0.47737202380952376
c30_61,-14.1,34.1,Malawi,2020-11-30,2020-12-21,2021-02-28,0.7093974316044325,Orange,1.8483586833832764,False,0,141,14,14,17.671428571428567,25.078571428571426,0,330,93.09999999999998,13,84.5922619047619,0.42443452380952384,224.7470238095238,2.020029761904762,0.47605059523809534
c30_62,-14.1,34.3,Malawi,2020-11-29,2020-12-21,2021-02-28,0.8279726620917309,Red,2.2168448736017767,True,1,161,13,10,16.62142857142857,23.042857142857144,0,270,95.50000000000001,14,86.5,0.3335119047619048,220.75595238095238,2.453125,0.39644047619047623
c30_63,-14.1,34.5,Malawi,2020-12-01,2020-12-21,2021-02-28,0.4789352018581013,Yellow,1.4831164094209597,False,0,60,4,4,23.25714285714286,28.592857142857145,2,316,95.39999999999999,10,81.35119047619048,0.6421428571428571,224.02083333333334,2.0597321428571425,0.46540476190476193
c30_65,-14.1,34.9,Malawi,2020-11-29,2020-12-21,2021-02-28,0.5281693941306818,Orange,1.4046901136056016,False,0,69,5,5,23.942857142857143,28.057142857142857,0,329,78.0,9,83.05357142857143,0.5846428571428571,244.4345238095238,2.7597321428571426,0.4615148809523809
c30_67,-14.1,35.3,Malawi,2020-11-29,2020-12-21,2021-02-28,0.5853249098300155,Orange,1.3469893583398402,False,0,109,9,9,19.292857142857144,25.442857142857147,0,336,78.0,9,82.16666666666667,0.510625,234.03571428571428,2.042648809523809,0.4550386904761904
c31_1,-14.3,22.1,Zambia,2020-12-12,2020-12-21,2021-02-28,0.3582472427596592,Yellow,1.1487206678732074,False,0,102,8,8,18.142857142857142,27.571428571428566,1,320,79.5,9,77.80654761904762,0.6868452380952382,240.0,2.328095238095238,0.23943452380952382
c31_2,-14.3,22.3,Zambia,2020-11-12,2020-12-21,2021-02-28,0.3914384108025465,Yellow,1.1063994682426057,False,0,103,9,9,18.121428571428574,27.107142857142858,1,324,67.3,11,79.51785714285714,0.6214285714285714,240.74107142857142,2.4561607142857143,0.2311041666666667
c31_3,-14.3,22.5,Zambia,2020-11-12,2020-12-21,2021-02-28,0.36819360500917986,Yellow,1.0936032043299588,False,0,98,9,9,18.2,27.150000000000002,1,327,72.8,11,79.3452380952381,0.6274107142857143,239.38095238095238,2.451220238095238,0.2318720238095238
c31_4,-14.3,22.7,Zambia,2020-11-12,2020-12-21,2021-02-28,0.39144397746255,Yellow,1.1013992128433348,False,0,116,9,9,18.27857142857143,27.071428571428573,0,327,77.0,10,79.76488095238095,0.6161607142857142,239.67261904761904,2.422113095238095,0.24409226190476185
c31_5,-14.3,22.9,Zambia,2020-11-12,2020-12-21,2021-02-28,0.39141741821177095,Yellow,1.1032492837191386,False,0,108,9,9,18.33571428571429,27.107142857142854,1,325,68.6,10,79.44345238095238,0.6274404761904762,240.04464285714286,2.3986011904761906,0.2350029761904762
c31_6,-14.3,23.1,Zambia,2020-11-12,2020-12-21,2021-02-28,0.4246134734628474,Yellow,1.1172920289208406,False,0,113,10,10,18.442857142857143,27.107142857142858,0,328,46.400000000000006,10,79.94345238095238,0.6142857142857142,242.00892857142858,2.4774404761904765,0.2214315476190476
c31_7,-14.3,23.3,Zambia,2020-11-12,2020-12-21,2021-02-28,0.42247906416561454,Yellow,1.114937231443588,False,0,111,10,10,18.49285714285714,26.878571428571426,0,332,62.8,9,79.55059523809524,0.6208928571428571,248.7172619047619,2.3945833333333333,0.2443154761904762
c31_8,-14.3,23.5,Zambia,2020-11-16,2020-12-21,2021-02-28,0.5077415194290337,Orange,1.1471420869592,False,0,101,10,10,18.550000000000004,27.107142857142854,1,332,62.199999999999996,10,78.25892857142857,0.668452380952381,250.79464285714286,2.448005952380952,0.3645297619047619
c31_9,-14.3,23.7,Zambia,2020-11-10,2020-12-21,2021-02-28,0.3937082199632952,Yellow,1.1422505167024093,False,0,113,10,10,18.464285714285715,27.285714285714285,1,330,81.2,8,78.24404761904762,0.6771130952380953,250.3779761904762,2.42547619047619,0.24973214285714285
c31_10,-14.3,23.9,Zambia,2020-11-10,2020-12-21,2021-02-28,0.391064029119693,Yellow,1.1297421157482586,False,0,114,10,10,18.485714285714288,27.37142857142857,1,330,89.69999999999999,10,78.08035714285714,0.6786607142857143,246.47619047619048,2.399434523809524,0.262360119047619
c31_11,-14.3,24.1,Zambia,2020-11-10,2020-12-21,2021-02-28,0.5256411394583909,Orange,1.1324852743451648,False,0,116,11,11,18.307142857142857,27.085714285714285,1,330,71.6,10,78.43154761904762,0.6622916666666667,242.5,2.3859523809523813,0.3741309523809524
c31_12,-14.3,24.3,Zambia,2020-12-01,2020-12-21,2021-02-28,0.5205109091407597,Orange,1.148447349220015,False,0,123,11,11,18.042857142857144,26.864285714285717,0,333,75.0,10,79.08035714285714,0.6338690476190477,240.875,2.440297619047619,0.37467261904761906
c31_13,-14.3,24.5,Zambia,2020-11-10,2020-12-21,2021-02-28,0.5645775732501204,Orange,1.2516704282196338,False,0,141,11,11,17.607142857142858,26.842857142857145,0,329,70.9,11,80.41071428571429,0.5947916666666666,241.06845238095238,2.3100892857142856,0.37745833333333334
c31_14,-14.3,24.7,Zambia,2020-12-01,2020-12-21,2021-02-28,0.5601300176598544,Orange,1.2372650883503609,False,0,147,11,11,17.45,26.735714285714288,0,329,80.69999999999999,11,81.16071428571429,0.5667857142857142,238.25595238095238,2.3036309523809524,0.38013690476190476
c31_15,-14.3,24.9,Zambia,2020-12-01,2020-12-21,2021-02-28,0.5260514327879087,Orange,1.1263887362257679,False,0,120,11,11,18.02857142857143,26.807142857142853,1,333,67.9,11,78.75595238095238,0.63625,235.96428571428572,2.3844642857142855,0.3857559523809524
c31_16,-14.3,25.1,Zambia,2020-12-01,2020-12-21,2021-02-28,0.48541944261925213,Yellow,1.176553642656199,False,0,123,11,11,18.057142857142857,27.178571428571423,1,330,108.89999999999999,10,78.95535714285714,0.6452678571428572,234.38095238095238,2.1854761904761904,0.38679166666666664
c31_17,-14.3,25.3,Zambia,2020-11-10,2020-12-21,2021-02-28,0.4818106505579036,Yellow,1.1430276121354879,False,0,113,11,11,18.221428571428575,26.992857142857144,1,331,98.10000000000001,10,77.88988095238095,0.6699107142857144,233.04166666666666,2.3529761904761903,0.38844345238095235
c31_18,-14.3,25.5,Zambia,2020-11-23,2020-12-21,2021-02-28,0.5339349244389355,Orange,1.1727237299425015,False,0,121,11,11,17.935714285714287,27.0,0,327,81.5,11,78.98511904761905,0.6387202380952381,232.58928571428572,2.1633630952380956,0.3868154761904762
c31_19,-14.3,25.7,Zambia,2020-11-12,2020-12-21,2021-02-28,0.44386025748302765,Yellow,1.1906831231055717,False,0,125,11,11,17.992857142857144,27.092857142857145,1,327,65.4,10,79.0952380952381,0.6456845238095239,231.71130952380952,2.1354464285714285,0.26753571428571427
c31_20,-14.3,25.9,Zambia,2020-12-01,2020-12-21,2021-02-28,0.4391031165355288,Yellow,1.1589733243464313,False,0,113,11,11,18.24285714285714,27.092857142857145,1,328,60.900000000000006,10,78.48214285714286,0.6640476190476191,232.86309523809524,2.1873511904761904,0.26951785714285714
c31_21,-14.3,26.1,Zambia,2020-11-29,2020-12-21,2021-02-28,0.5485535886735635,Orange,1.1976808278467257,False,0,125,11,11,18.12142857142857,26.928571428571434,0,327,70.19999999999999,9,80.40178571428571,0.5935119047619047,232.36309523809524,2.162172619047619,0.37547619047619046
c31_22,-14.3,26.3,Zambia,2020-11-29,2020-12-21,2021-02-28,0.5085417021467574,Orange,1.1302827047479231,False,0,106,9,9,18.2,26.664285714285718,0,329,67.3,10,79.70535714285714,0.6023511904761905,233.05059523809524,2.2036011904761907,0.3860119047619047
c31_23,-14.3,26.5,Zambia,2020-11-23,2020-12-21,2021-02-28,0.4803494397029874,Yellow,1.1433307621118616,False,0,100,9,9,18.20714285714286,26.750000000000004,0,332,67.70000000000002,10,78.41369047619048,0.6448809523809524,227.75595238095238,2.2009821428571428,0.3967589285714285
c31_24,-14.3,26.7,Zambia,2020-11-22,2020-12-21,2021-02-28,0.47643909717053284,Yellow,1.1380741255196831,False,0,120,9,9,18.17142857142857,26.47857142857143,0,335,66.0,11,79.22619047619048,0.6136607142857142,218.84821428571428,2.225059523809524,0.3944702380952381
c31_25,-14.3,26.9,Zambia,2020-11-10,2020-12-21,2021-02-28,0.4634536699325359,Yellow,1.1083678207233165,False,0,117,9,9,18.22857142857143,26.235714285714288,0,336,74.1,11,79.98809523809524,0.5817559523809525,218.6279761904762,2.3224702380952382,0.38651785714285714
c31_26,-14.3,27.1,Zambia,2020-11-10,2020-12-21,2021-02-28,0.5193852160903587,Orange,1.2490671798830428,False,0,141,11,11,18.057142857142857,26.22142857142857,0,331,98.3,10,82.93154761904762,0.5049404761904762,214.73214285714286,2.0184523809523807,0.38322916666666673
c31_27,-14.3,27.3,Zambia,2020-11-29,2020-12-21,2021-02-28,0.526128296703757,Orange,1.208520674806616,False,0,137,11,11,18.364285714285717,26.307142857142857,0,332,94.6,11,82.35714285714286,0.5213690476190477,219.9970238095238,2.122797619047619,0.3840416666666667
c31_28,-14.3,27.5,Zambia,2020-11-29,2020-12-21,2021-02-28,0.5354205995751136,Orange,1.2319902939065204,False,0,133,11,11,18.435714285714287,26.428571428571427,0,333,81.20000000000002,11,82.41964285714286,0.5228571428571429,224.6279761904762,2.1464583333333334,0.3762351190476191
c31_29,-14.3,27.7,Zambia,2020-11-10,2020-12-21,2021-02-28,0.5088477640999904,Orange,1.2471812747188902,False,0,133,10,10,18.57857142857143,26.5,0,333,78.69999999999999,10,82.60119047619048,0.5172916666666667,216.73214285714286,2.099940476190476,0.3807797619047619
c31_30,-14.3,27.9,Zambia,2020-11-10,2020-12-21,2021-02-28,0.4873757841612539,Yellow,1.159234149296696,False,0,120,10,10,18.550000000000004,26.350000000000005,0,333,81.4,11,81.67559523809524,0.5405952380952381,215.65178571428572,2.15797619047619,0.374235119047619
c31_31,-14.3,28.1,Zambia,2020-11-29,2020-12-21,2021-02-28,0.5160921306007292,Orange,1.1815947310800856,False,0,127,11,11,18.27857142857143,25.87142857142857,0,335,77.80000000000001,12,82.74107142857143,0.49229166666666674,216.54166666666666,2.3431547619047617,0.36770238095238095
c31_32,-14.3,28.3,Zambia,2020-11-29,2020-12-21,2021-02-28,0.5453035688955011,Orange,1.1964281900860783,False,0,134,12,12,18.09285714285714,25.549999999999994,0,332,78.99999999999999,12,83.01785714285714,0.48071428571428565,215.91071428571428,2.488422619047619,0.360202380952381
c31_33,-14.3,28.5,Zambia,2020-11-30,2020-12-21,2021-02-28,0.5575491084528631,Orange,1.2153199728458433,False,0,140,12,12,18.235714285714288,25.942857142857147,0,333,71.30000000000001,12,82.96428571428571,0.4942261904761905,216.08333333333334,2.2555654761904758,0.3671517857142857
c31_34,-14.3,28.7,Zambia,2020-11-30,2020-12-21,2021-02-28,0.5101328826284744,Orange,1.1507152326190841,False,0,135,11,11,18.457142857142856,25.77857142857142,0,336,74.9,12,82.81845238095238,0.49214285714285716,214.2797619047619,2.455357142857143,0.3586964285714285
c31_35,-14.3,28.9,Zambia,2020-11-29,2020-12-21,2021-02-28,0.5052082807107761,Orange,1.2226961742363232,False,0,139,11,11,18.32857142857143,25.485714285714277,0,336,81.60000000000001,12,83.125,0.4802380952380953,206.38095238095238,2.5252380952380955,0.37091071428571426
c31_36,-14.3,29.1,Zambia,2020-11-29,2020-12-21,2021-02-28,0.5083393915649229,Orange,1.2441181425455219,False,0,138,11,11,18.87857142857143,25.900000000000002,0,334,80.89999999999999,12,82.97321428571429,0.4998511904761904,200.35119047619048,2.1645833333333333,0.37433630952380953
c31_37,-14.3,29.3,Zambia,2020-11-30,2020-12-21,2021-02-28,0.5582933439733669,Orange,1.246090605203835,False,0,146,12,12,18.407142857142862,25.61428571428572,0,333,72.3,12,83.26785714285714,0.48247023809523815,202.8779761904762,2.266279761904762,0.38238690476190473
c31_38,-14.3,29.5,Zambia,2020-11-29,2020-12-21,2021-02-28,0.5264374659800617,Orange,1.7071511014195757,False,0,145,11,11,18.24285714285714,25.114285714285717,0,333,84.00000000000001,12,83.44940476190476,0.4635119047619048,200.25,2.4246428571428575,0.3813660714285715
c31_39,-14.3,29.7,Zambia,2020-11-10,2020-12-21,2021-02-28,0.5115992295970668,Orange,1.7612043606810515,False,0,153,11,11,17.921428571428567,24.814285714285717,0,332,108.9,12,84.51785714285714,0.4275595238095238,199.7797619047619,2.5779761904761904,0.38054464285714285
c31_40,-14.3,29.9,Zambia,2020-11-30,2020-12-21,2021-02-28,0.46276345769970795,Yellow,1.2540030358736343,False,0,129,9,9,19.657142857142855,26.11428571428571,1,330,82.1,11,82.40178571428571,0.5329166666666667,202.08333333333334,2.0227678571428576,0.35495238095238096
c31_41,-14.3,30.1,Zambia,2020-11-10,2020-12-21,2021-02-28,0.531825737345493,Orange,1.5618491777623584,True,1,131,11,11,22.057142857142857,28.935714285714283,3,313,57.50000000000001,8,81.7797619047619,0.6487202380952382,205.80654761904762,1.289702380952381,0.31292559523809527
c31_42,-14.3,30.3,Zambia,2020-11-10,2020-12-21,2021-02-28,0.5643028330551865,Orange,1.3312459140931558,False,0,143,12,12,21.035714285714285,27.42142857142857,2,325,104.89999999999998,11,83.78869047619048,0.5298809523809525,207.36011904761904,1.438065476190476,0.38646726190476194
c31_43,-14.3,30.5,Zambia,2020-11-10,2020-12-21,2021-02-28,0.5280249240215195,Orange,1.5762546652989733,True,1,101,11,11,22.378571428571426,29.685714285714283,5,299,79.1,11,80.0327380952381,0.7347321428571428,212.6875,1.1423511904761905,0.30576785714285715
c31_44,-14.3,30.7,Zambia,2020-11-10,2020-12-21,2021-02-28,0.5684658148948072,Orange,1.4052707076075668,False,0,143,12,12,21.7,28.085714285714285,2,320,109.7,12,83.90178571428571,0.5472321428571428,215.95238095238096,1.580922619047619,0.3626011904761905
c31_45,-14.3,30.9,Zambia,2020-11-30,2020-12-21,2021-02-28,0.6552801830547956,Orange,1.387271929436158,False,0,148,13,13,21.085714285714285,27.714285714285715,1,324,108.9,11,85.02083333333333,0.49467261904761906,209.16964285714286,1.4846726190476192,0.46106845238095234
c31_46,-14.3,31.1,Zambia,2020-11-30,2020-12-21,2021-02-28,0.6403182474280743,Orange,1.4220644225061285,False,0,140,12,12,20.95714285714286,27.307142857142857,0,326,85.3,12,84.79761904761905,0.4875892857142857,202.45833333333334,1.8573214285714288,0.456764880952381
c31_47,-14.3,31.3,Zambia,2020-12-01,2020-12-21,2021-02-28,0.6505302327239761,Orange,1.417476296710348,False,0,172,14,14,19.664285714285715,26.271428571428572,0,336,100.5,14,86.44047619047619,0.41276785714285713,195.98809523809524,2.0620535714285713,0.46349702380952384
c31_48,-14.3,31.5,Zambia,2020-12-01,2020-12-21,2021-02-28,0.6640090130590212,Orange,1.486114548490792,False,0,175,14,14,19.35,25.478571428571428,0,336,93.0,13,86.81845238095238,0.3834226190476191,192.97619047619048,2.4197023809523808,0.4682946428571428
c31_49,-14.3,31.7,Zambia,2020-12-02,2020-12-21,2021-02-28,0.6493514322976787,Orange,2.079139911776543,False,0,183,14,14,18.792857142857144,25.235714285714288,0,335,99.3,11,87.30654761904762,0.3626785714285714,191.32142857142858,2.6863392857142863,0.460172619047619
c31_50,-14.3,31.9,Zambia,2020-12-02,2020-12-21,2021-02-28,0.648029632457683,Orange,1.3216601911152892,False,0,177,14,14,19.05,25.878571428571426,0,336,93.1,10,86.83928571428571,0.38604166666666667,199.66964285714286,2.628333333333333,0.4570476190476191
c31_51,-14.3,32.1,Zambia,2020-11-30,2020-12-21,2021-02-28,0.5886259669940518,Orange,1.2742222694666936,False,0,147,11,11,19.678571428571423,26.828571428571426,0,336,73.0,10,85.19047619047619,0.4569047619047619,209.48511904761904,2.4833035714285714,0.44656547619047615
c31_52,-14.3,32.3,Zambia,2020-11-30,2020-12-21,2021-02-28,0.5840914581424799,Orange,1.2831074055025968,False,0,144,10,10,19.692857142857147,26.492857142857144,0,336,84.3,10,85.55654761904762,0.44410714285714287,213.60119047619048,2.7050892857142856,0.46586607142857145
c31_58,-14.3,33.5,Malawi,2020-11-30,2020-12-21,2021-02-28,0.6793860659349812,Orange,1.9465702468365673,False,0,175,14,14,17.835714285714285,25.26428571428571,0,335,103.60000000000001,13,86.53571428571429,0.3764285714285714,205.88988095238096,1.9498214285714288,0.4752589285714286
c31_59,-14.3,33.7,Malawi,2020-12-01,2020-12-21,2021-02-28,0.7108603060573124,Orange,1.7146066927588541,False,0,174,14,14,17.864285714285714,25.38571428571429,0,335,71.5,11,85.80654761904762,0.4053571428571428,214.625,2.150982142857143,0.47555654761904764
c31_60,-14.3,33.9,Malawi,2020-11-30,2020-12-21,2021-02-28,0.7182991488820247,Orange,1.8635113602523814,False,0,172,14,14,17.92142857142857,25.171428571428574,0,336,75.79999999999998,13,85.86607142857143,0.4001785714285714,218.54166666666666,2.2043154761904766,0.47920833333333335
c31_61,-14.3,34.1,Malawi,2020-11-29,2020-12-21,2021-02-28,0.7202732990123688,Orange,1.8457530375680151,False,0,152,14,14,17.178571428571423,24.47142857142857,0,326,80.6,11,84.83928571428571,0.40288690476190475,215.08035714285714,2.1930654761904758,0.46860714285714283
c31_62,-14.3,34.3,Malawi,2020-11-29,2020-12-21,2021-02-28,0.9074944128075811,Red,2.2720638065959107,True,1,178,14,7,15.864285714285714,22.178571428571427,0,243,74.5,12,86.82142857142857,0.3126785714285714,207.2202380952381,3.0004761904761907,0.48645238095238097
c31_63,-14.3,34.5,Malawi,2020-11-30,2020-12-21,2021-02-28,0.3741951870557175,Yellow,1.331686471035812,False,0,82,6,6,21.721428571428568,27.828571428571426,1,328,146.8,11,82.57440476190476,0.567797619047619,219.35416666666666,1.3912797619047619,0.3849345238095238
c31_64,-14.3,34.7,Malawi,2020-11-30,2020-12-21,2021-02-28,0.6077035723223442,Orange,1.4483636556291348,False,0,110,9,9,23.392857142857142,28.449999999999996,0,323,75.8,9,83.50892857142857,0.5709821428571429,221.03571428571428,2.392738095238095,0.462889880952381
c31_65,-14.3,34.9,Malawi,2020-11-30,2020-12-21,2021-02-28,0.6039289283990116,Orange,1.5617645595749021,False,0,146,12,12,22.13571428571429,28.321428571428573,0,325,116.19999999999999,12,85.58630952380952,0.49142857142857144,227.3720238095238,1.984047619047619,0.3946696428571428
c31_66,-14.3,35.1,Malawi,2020-11-29,2020-12-21,2021-02-28,0.5107856541517038,Orange,1.3946810526698703,False,0,61,6,6,23.957142857142856,28.321428571428573,0,323,117.7,12,82.38690476190476,0.61125,229.97321428571428,2.927172619047619,0.4899375
c31_67,-14.3,35.3,Malawi,2020-11-29,2020-12-21,2021-02-28,0.5249693161344572,Orange,1.4683507140888972,False,0,77,7,7,23.092857142857145,28.12857142857143,1,325,83.7,9,82.04761904761905,0.6120535714285714,230.1845238095238,2.2470535714285713,0.44239880952380956
c31_68,-14.3,35.5,Malawi,2020-11-29,2020-12-21,2021-02-28,0.6405761795626116,Orange,1.2879642684668209,False,0,136,10,10,19.62857142857143,25.64285714285714,0,336,72.9,11,85.10416666666667,0.43616071428571435,233.17261904761904,2.754613095238095,0.46471726190476187
c32_1,-14.5,22.1,Zambia,2020-11-10,2020-12-21,2021-02-28,0.3697575049697623,Yellow,1.1131537137406564,False,0,105,9,9,18.185714285714287,27.214285714285715,1,320,100.19999999999999,10,78.98809523809524,0.6393154761904762,239.97321428571428,2.521279761904762,0.24022916666666672
c32_2,-14.5,22.3,Zambia,2020-11-12,2020-12-21,2021-02-28,0.3867085340839209,Yellow,1.1183277415094353,False,0,108,10,10,18.228571428571428,27.12857142857143,1,324,87.1,10,79.49404761904762,0.624375,242.0029761904762,2.584761904761905,0.22888095238095238
c32_3,-14.5,22.5,Zambia,2020-11-12,2020-12-21,2021-02-28,0.4093470249554133,Yellow,1.1023361595810897,False,0,108,9,9,18.278571428571432,27.064285714285713,0,324,61.10000000000001,10,79.55952380952381,0.6224404761904762,245.39285714285714,2.5646428571428572,0.22813095238095238
c32_4,-14.5,22.7,Zambia,2020-11-12,2020-12-21,2021-02-28,0.3819245793905215,Yellow,1.0954622669400205,False,0,109,9,9,18.157142857142855,26.992857142857144,0,326,72.1,10,80.02380952380952,0.6038988095238095,238.2202380952381,2.530595238095238,0.22914583333333333
c32_5,-14.5,22.9,Zambia,2020-11-10,2020-12-21,2021-02-28,0.38356663862936485,Yellow,1.1305185326608753,False,0,113,10,10,18.3,27.3,1,326,82.6,10,79.4672619047619,0.6305654761904762,236.03869047619048,2.371488095238095,0.2366190476190476
c32_6,-14.5,23.1,Zambia,2020-11-12,2020-12-21,2021-02-28,0.40596741480394055,Yellow,1.1258294278797216,False,0,120,10,10,18.864285714285717,27.207142857142856,0,332,65.6,10,79.71428571428571,0.6230952380952381,239.6904761904762,2.4839583333333333,0.24258035714285717
c32_7,-14.5,23.3,Zambia,2020-11-10,2020-12-21,2021-02-28,0.40309747108776034,Yellow,1.135669439725367,False,0,109,10,10,18.6,27.349999999999998,1,329,66.10000000000001,10,78.11011904761905,0.6738095238095239,246.01488095238096,2.416607142857143,0.24267261904761908
c32_8,-14.5,23.5,Zambia,2020-11-10,2020-12-21,2021-02-28,0.5042610816758047,Orange,1.1333117175869454,False,0,119,10,10,18.37142857142857,27.057142857142857,0,330,64.2,10,79.63988095238095,0.6232142857142856,249.42857142857142,2.4773214285714285,0.32955357142857145
c32_9,-14.5,23.7,Zambia,2020-11-10,2020-12-21,2021-02-28,0.3840785391612397,Yellow,1.150150960328049,False,0,112,10,10,18.50714285714286,27.385714285714283,1,332,70.2,10,78.8125,0.658779761904762,244.76488095238096,2.3507142857142855,0.2353660714285714
c32_10,-14.5,23.9,Zambia,2020-11-10,2020-12-21,2021-02-28,0.39106003509694753,Yellow,1.169726658508789,False,0,119,10,10,18.228571428571424,27.514285714285712,1,333,74.60000000000001,9,79.33928571428571,0.6422023809523809,240.93154761904762,2.283988095238095,0.2610684523809524
c32_11,-14.5,24.1,Zambia,2020-11-10,2020-12-21,2021-02-28,0.5001453083570104,Orange,1.1611676476973363,False,0,114,11,11,18.39285714285714,27.342857142857145,1,331,78.79999999999998,9,78.27678571428571,0.6680654761904762,241.55357142857142,2.3391369047619044,0.36963988095238093
c32_12,-14.5,24.3,Zambia,2020-11-11,2020-12-21,2021-02-28,0.5110993452976615,Orange,1.1788260261556653,False,0,121,11,11,18.257142857142856,27.142857142857142,1,331,85.8,10,78.72321428571429,0.6538690476190476,241.78869047619048,2.331815476190476,0.3773184523809524
c32_13,-14.5,24.5,Zambia,2020-11-10,2020-12-21,2021-02-28,0.5461492083793427,Orange,1.193642100767721,False,0,128,11,11,17.878571428571426,26.764285714285712,1,328,78.30000000000001,10,79.53571428571429,0.625,241.55654761904762,2.341636904761905,0.3795595238095238
c32_14,-14.5,24.7,Zambia,2020-11-10,2020-12-21,2021-02-28,0.5295034208508592,Orange,1.2506271784552465,False,0,141,11,11,17.664285714285715,26.821428571428573,1,333,76.19999999999999,10,80.31547619047619,0.5983333333333333,237.29761904761904,2.3763988095238098,0.3789672619047619
c32_15,-14.5,24.9,Zambia,2020-12-01,2020-12-21,2021-02-28,0.5099940568290223,Orange,1.1426773666212675,False,0,125,11,11,17.957142857142856,27.057142857142857,1,332,79.9,11,79.19047619047619,0.628125,233.70535714285714,2.433154761904762,0.38430357142857147
c32_16,-14.5,25.1,Zambia,2020-11-30,2020-12-21,2021-02-28,0.520665635838629,Orange,1.2634633510620796,False,0,138,11,11,17.578571428571426,27.049999999999994,1,330,91.19999999999999,10,80.53869047619048,0.5937797619047619,231.80357142857142,2.262113095238095,0.39076190476190475
c32_17,-14.5,25.3,Zambia,2020-11-23,2020-12-21,2021-02-28,0.5277882047156545,Orange,1.2141361529424932,False,0,131,11,11,17.585714285714285,26.964285714285715,1,327,88.4,10,79.86309523809524,0.6099107142857142,231.71428571428572,2.3132440476190474,0.3906547619047619
c32_18,-14.5,25.5,Zambia,2020-11-12,2020-12-21,2021-02-28,0.5278570607358859,Orange,1.2040341269292196,False,0,126,11,11,17.578571428571426,26.650000000000002,1,329,84.1,11,79.9077380952381,0.6053273809523809,229.97619047619048,2.326488095238095,0.3922321428571428
c32_19,-14.5,25.7,Zambia,2020-11-12,2020-12-21,2021-02-28,0.5281329637763597,Orange,1.165306262892733,False,0,117,11,11,18.20714285714286,26.88571428571428,1,328,64.1,10,78.48214285714286,0.6580357142857142,225.76785714285714,2.292648809523809,0.38795238095238094
c32_20,-14.5,25.9,Zambia,2020-11-12,2020-12-21,2021-02-28,0.5020791060232749,Orange,1.1547196390841359,False,0,114,10,10,18.442857142857147,26.935714285714283,1,329,68.1,10,78.58333333333333,0.6533035714285714,227.80059523809524,2.2136309523809525,0.3822291666666667
c32_21,-14.5,26.1,Zambia,2020-11-10,2020-12-21,2021-02-28,0.5055310202227343,Orange,1.1633186153678232,False,0,110,10,10,18.22142857142857,26.550000000000008,0,330,69.9,10,80.43452380952381,0.5864880952380952,229.22916666666666,2.2691071428571425,0.36813690476190475
c32_22,-14.5,26.3,Zambia,2020-11-12,2020-12-21,2021-02-28,0.5376346158064028,Orange,1.1498158918818056,False,0,116,11,11,18.107142857142858,26.335714285714293,0,327,74.7,9,81.00892857142857,0.5622321428571428,228.6904761904762,2.349464285714286,0.3687321428571429
c32_23,-14.5,26.5,Zambia,2020-11-10,2020-12-21,2021-02-28,0.523817126777338,Orange,1.1890176103237498,False,0,123,11,11,18.25,26.400000000000002,0,332,81.10000000000001,11,80.49107142857143,0.5783630952380951,226.30059523809524,2.2925892857142856,0.3822410714285714
c32_24,-14.5,26.7,Zambia,2020-11-22,2020-12-21,2021-02-28,0.5529644694205482,Orange,1.2457965271623148,False,0,135,12,12,18.064285714285713,26.321428571428573,0,332,80.4,10,83.17559523809524,0.4947619047619048,221.42559523809524,2.1906547619047623,0.3742946428571428
c32_25,-14.5,26.9,Zambia,2020-11-10,2020-12-21,2021-02-28,0.5442001347807783,Orange,1.2374912320684144,False,0,143,11,11,18.071428571428573,26.04285714285714,0,332,84.50000000000001,11,83.36904761904762,0.48499999999999993,219.17857142857142,2.157767857142857,0.3791428571428571
c32_26,-14.5,27.1,Zambia,2020-11-10,2020-12-21,2021-02-28,0.532574628152965,Orange,1.234251440925168,False,0,148,12,12,17.95714285714286,25.871428571428574,0,335,109.70000000000002,11,83.67857142857143,0.4747321428571428,218.1904761904762,2.1532738095238093,0.38564880952380964
c32_27,-14.5,27.3,Zambia,2020-11-10,2020-12-21,2021-02-28,0.555004624058012,Orange,1.227902108765429,False,0,141,13,13,18.178571428571427,25.949999999999996,0,334,98.29999999999998,12,83.34821428571429,0.4847321428571429,217.0952380952381,2.1822916666666665,0.3768422619047619
c32_28,-14.5,27.5,Zambia,2020-11-10,2020-12-21,2021-02-28,0.532423834545925,Orange,1.200809733126323,False,0,138,11,11,18.449999999999996,26.007142857142856,0,335,75.8,11,82.72916666666667,0.5038690476190476,214.98214285714286,2.213005952380952,0.38127678571428564
c32_29,-14.5,27.7,Zambia,2020-11-10,2020-12-21,2021-02-28,0.5152829205439546,Orange,1.2079778435356816,False,0,132,11,11,18.728571428571428,26.521428571428572,0,334,75.69999999999999,11,81.89285714285714,0.5398511904761905,214.86607142857142,2.1275,0.37438095238095237
c32_30,-14.5,27.9,Zambia,2020-11-10,2020-12-21,2021-02-28,0.5472760299211933,Orange,1.2022231587447747,False,0,129,12,12,18.77857142857143,26.642857142857142,0,333,73.5,13,81.58035714285714,0.5486309523809523,214.58333333333334,2.174166666666667,0.38508630952380957
c32_31,-14.5,28.1,Zambia,2020-11-30,2020-12-21,2021-02-28,0.5436605049566674,Orange,1.1946489333486865,False,0,134,12,12,18.478571428571428,25.935714285714283,0,336,69.8,12,83.05059523809524,0.4861607142857143,212.48809523809524,2.3268154761904762,0.37196130952380946
c32_32,-14.5,28.3,Zambia,2020-11-30,2020-12-21,2021-02-28,0.6436311425344833,Orange,1.3878701383287202,False,0,141,12,12,18.32857142857143,25.414285714285715,0,335,63.300000000000004,12,83.98809523809524,0.45074404761904757,211.92559523809524,2.4263392857142856,0.46005952380952375
c32_33,-14.5,28.5,Zambia,2020-11-30,2020-12-21,2021-02-28,0.578246003546305,Orange,1.699416258791133,False,0,138,12,12,18.4,25.207142857142856,0,332,72.5,12,83.89880952380952,0.4513988095238095,215.88392857142858,2.5463988095238097,0.3698005952380952
c32_34,-14.5,28.7,Zambia,2020-11-30,2020-12-21,2021-02-28,0.5646011866140802,Orange,1.2043443183673999,False,0,151,12,12,18.692857142857143,26.114285714285717,0,333,83.9,12,83.38095238095238,0.49020833333333325,214.75892857142858,2.1427083333333337,0.37988690476190473
c32_35,-14.5,28.9,Zambia,2020-11-30,2020-12-21,2021-02-28,0.5539755439145251,Orange,1.2427809896464035,False,0,149,12,12,18.657142857142855,25.62857142857143,0,335,92.5,12,83.80654761904762,0.4673214285714285,208.4047619047619,2.2745238095238096,0.3923690476190477
c32_36,-14.5,29.1,Zambia,2020-11-30,2020-12-21,2021-02-28,0.49711172294356515,Yellow,1.2386691676687291,False,0,149,11,11,18.89285714285714,25.99285714285714,0,333,111.70000000000002,12,83.83630952380952,0.47675595238095236,202.0922619047619,2.2061309523809522,0.382264880952381
c32_37,-14.5,29.3,Zambia,2020-11-30,2020-12-21,2021-02-28,0.5105446624890265,Orange,1.7340716131929035,False,0,142,11,11,18.407142857142855,25.135714285714283,0,336,93.5,11,84.24107142857143,0.44357142857142856,197.52083333333334,2.476011904761905,0.3940208333333334
c32_38,-14.5,29.5,Zambia,2020-11-30,2020-12-21,2021-02-28,0.5058367207498783,Orange,1.714662164180742,False,0,158,11,11,18.65,25.085714285714285,0,335,98.6,11,84.49702380952381,0.44032738095238094,194.1875,2.583244047619048,0.38315476190476194
c32_39,-14.5,29.7,Zambia,2020-11-30,2020-12-21,2021-02-28,0.5756627781351006,Orange,1.8484623838600105,True,1,152,10,9,17.12857142857143,23.599999999999998,0,316,97.4,12,83.31845238095238,0.4275595238095238,192.78571428571428,2.1075892857142855,0.39166964285714284
c32_40,-14.5,29.9,Zambia,2020-11-30,2020-12-21,2021-02-28,0.49141099938918276,Yellow,1.4059058944527036,True,1,140,12,12,21.107142857142858,27.06428571428571,2,323,175.29999999999998,12,84.19642857142857,0.5087202380952383,193.45535714285714,1.0849999999999997,0.39600297619047614
c32_41,-14.5,30.1,Zambia,2020-11-30,2020-12-21,2021-02-28,0.5336156995492743,Orange,1.3660936141208326,True,1,132,12,12,20.95,26.914285714285707,2,325,97.10000000000001,12,83.58333333333333,0.5200297619047619,195.95535714285714,1.3558630952380955,0.3587261904761905
c32_42,-14.5,30.3,Zambia,2020-11-10,2020-12-21,2021-02-28,0.506885471969878,Orange,1.248185648174903,True,1,148,12,12,19.335714285714285,25.67857142857142,1,331,130.6,12,82.85416666666667,0.5075000000000001,194.55059523809524,1.2278571428571428,0.3829315476190477
c32_43,-14.5,30.5,Zambia,2020-11-10,2020-12-21,2021-02-28,0.5586957371572647,Orange,1.6135319682830982,True,1,132,12,12,22.592857142857145,29.585714285714285,4,302,81.10000000000001,10,82.22619047619048,0.6498214285714287,195.41071428571428,1.335922619047619,0.3293928571428571
c32_44,-14.5,30.7,Zambia,2020-11-30,2020-12-21,2021-02-28,0.6018741927525798,Orange,1.4050552189538081,False,0,144,12,12,21.2,27.835714285714285,2,324,118.5,11,84.74107142857143,0.5071428571428571,203.0922619047619,1.5379761904761904,0.45515476190476195
c32_45,-14.5,30.9,Zambia,2020-11-30,2020-12-21,2021-02-28,0.5167735340048951,Orange,1.3818625746191475,False,0,142,12,12,20.735714285714288,27.271428571428576,1,327,115.09999999999998,11,85.02380952380952,0.4783928571428572,199.48809523809524,1.8223214285714284,0.36536607142857147
c32_46,-14.5,31.1,Zambia,2020-11-30,2020-12-21,2021-02-28,0.6442194927126873,Orange,1.4229952064383893,False,0,164,13,13,19.428571428571427,25.66428571428571,0,336,96.5,12,87.125,0.3755654761904762,199.3779761904762,2.400744047619048,0.46587500000000004
c32_47,-14.5,31.3,Zambia,2020-11-30,2020-12-21,2021-02-28,0.6796933382990007,Orange,1.6800980807722399,False,0,186,14,14,19.2,25.7,0,335,97.50000000000001,12,87.4047619047619,0.3687797619047619,199.35714285714286,2.4023214285714287,0.47273214285714293
c32_48,-14.5,31.5,Zambia,2020-11-30,2020-12-21,2021-02-28,0.6528854926146442,Orange,1.339690742276734,False,0,173,14,14,19.20714285714286,25.66428571428571,0,336,92.60000000000001,12,86.86309523809524,0.3847321428571429,195.77380952380952,2.545297619047619,0.4599940476190476
c32_49,-14.5,31.7,Zambia,2020-12-01,2020-12-21,2021-02-28,0.5738733111094567,Orange,1.2918726495512396,False,0,154,12,12,19.564285714285717,26.12142857142857,0,336,98.89999999999999,12,85.32738095238095,0.44014880952380947,190.02678571428572,2.4986309523809522,0.45903571428571427
c32_59,-14.5,33.7,Malawi,2020-12-01,2020-12-21,2021-02-28,0.7578560193846228,Red,2.0899005630409864,False,0,181,14,14,17.42142857142857,24.707142857142863,0,317,80.60000000000001,13,86.29464285714286,0.3736011904761905,203.8452380952381,2.4491071428571423,0.47879464285714296
c32_63,-14.5,34.5,Malawi,2020-11-29,2020-12-21,2021-02-28,0.6322259759874899,Orange,1.8338610004811806,False,0,117,9,9,17.750000000000004,24.300000000000004,0,321,96.9,12,83.43154761904762,0.4368452380952381,213.17857142857142,2.074434523809524,0.4819434523809524
c32_64,-14.5,34.7,Malawi,2020-11-29,2020-12-21,2021-02-28,0.6596748361579723,Orange,1.4125720109713362,False,0,140,13,13,21.314285714285717,28.585714285714285,2,325,101.00000000000001,10,84.54464285714286,0.5228869047619048,222.03869047619048,1.6779464285714285,0.4704940476190477
c32_65,-14.5,34.9,Malawi,2020-11-30,2020-12-21,2021-02-28,0.5243848444334779,Orange,1.349045764509758,False,0,116,11,11,21.62857142857143,27.514285714285712,0,335,103.9,13,84.3125,0.5041369047619048,219.9672619047619,2.299315476190476,0.3927142857142857
c32_66,-14.5,35.1,Malawi,2020-11-29,2020-12-21,2021-02-28,0.43899631904187714,Yellow,1.4152195657580293,False,0,125,9,9,22.042857142857144,27.757142857142863,0,333,122.69999999999999,10,83.27380952380952,0.5519047619047619,231.88988095238096,2.7141369047619044,0.3476458333333333
c32_67,-14.5,35.3,Malawi,2020-11-30,2020-12-21,2021-02-28,0.4940359440058724,Yellow,1.4277835171631745,False,0,64,5,5,23.085714285714285,28.63571428571429,1,315,85.19999999999999,10,81.29761904761905,0.6441071428571429,234.41369047619048,2.7093154761904765,0.4310446428571429
c32_68,-14.5,35.5,Malawi,2020-11-29,2020-12-21,2021-02-28,0.5853407944707791,Orange,1.8088439772884548,False,0,127,10,10,17.92142857142857,24.07857142857143,0,327,93.0,10,84.16666666666667,0.4193452380952381,231.375,2.3110119047619047,0.3770952380952381
c32_69,-14.5,35.7,Malawi,2020-11-30,2020-12-21,2021-02-28,0.5967004955197988,Orange,1.2680356453005674,False,0,115,10,10,20.121428571428567,27.321428571428577,0,333,53.599999999999994,9,81.32440476190476,0.5911904761904763,233.91964285714286,2.0128571428571425,0.43735416666666665
c33_1,-14.7,22.1,Zambia,2020-11-12,2020-12-21,2021-02-28,0.39537334557301423,Yellow,1.1216983452213511,False,0,113,10,10,18.27857142857143,27.035714285714285,0,321,103.2,9,79.7797619047619,0.6086011904761905,238.91369047619048,2.651696428571429,0.24394047619047618
c33_2,-14.7,22.3,Zambia,2020-11-10,2020-12-21,2021-02-28,0.4133530298323857,Yellow,1.115926270369089,False,0,107,10,10,18.385714285714283,27.042857142857144,0,324,75.79999999999998,10,79.48511904761905,0.6213690476190477,244.02380952380952,2.635297619047619,0.2345357142857143
c33_3,-14.7,22.5,Zambia,2020-11-10,2020-12-21,2021-02-28,0.4160616182490201,Yellow,1.106129729742835,False,0,106,9,9,18.357142857142858,27.057142857142853,0,324,62.300000000000004,10,79.5922619047619,0.6186607142857143,248.5029761904762,2.614970238095238,0.23163988095238097
c33_4,-14.7,22.7,Zambia,2020-11-10,2020-12-21,2021-02-28,0.4334050309239619,Yellow,1.1114445724330972,False,0,110,10,10,18.45,26.928571428571423,0,326,58.1,10,79.66369047619048,0.6127380952380952,245.28869047619048,2.6036904761904767,0.23311607142857144
c33_5,-14.7,22.9,Zambia,2020-11-12,2020-12-21,2021-02-28,0.38901706729231894,Yellow,1.116998039437019,False,0,101,10,10,18.585714285714285,27.157142857142855,0,328,72.00000000000001,10,79.61904761904762,0.6190476190476191,237.95833333333334,2.4438988095238097,0.23099107142857142
c33_6,-14.7,23.1,Zambia,2020-11-12,2020-12-21,2021-02-28,0.3686877827993724,Yellow,1.1103466318905897,False,0,116,10,10,18.742857142857144,27.04285714285714,0,332,85.80000000000001,10,79.75892857142857,0.6143452380952381,241.13988095238096,2.4899702380952378,0.22089880952380955
c33_7,-14.7,23.3,Zambia,2020-11-12,2020-12-21,2021-02-28,0.40830599487744956,Yellow,1.1344339343318404,False,0,124,11,11,18.46428571428571,26.928571428571423,0,332,69.30000000000001,9,79.99107142857143,0.6072619047619048,244.95535714285714,2.5447916666666663,0.21448809523809523
c33_8,-14.7,23.5,Zambia,2020-11-12,2020-12-21,2021-02-28,0.392477987553859,Yellow,1.151037989333976,False,0,118,10,10,18.564285714285713,27.52142857142857,1,328,80.3,10,78.59821428571429,0.663125,243.5922619047619,2.3652083333333334,0.24247916666666666
c33_9,-14.7,23.7,Zambia,2020-11-12,2020-12-21,2021-02-28,0.4025031347404804,Yellow,1.1699261928701532,False,0,123,10,10,18.435714285714287,27.428571428571423,1,327,79.50000000000001,10,79.33035714285714,0.6411607142857143,242.48809523809524,2.3332738095238095,0.2407202380952381
c33_10,-14.7,23.9,Zambia,2020-11-10,2020-12-21,2021-02-28,0.528667351028167,Orange,1.2130524851946696,False,0,136,11,11,18.06428571428571,27.342857142857145,1,329,83.89999999999999,9,80.5327380952381,0.5979464285714285,241.13988095238096,2.3346726190476192,0.37072916666666667
c33_11,-14.7,24.1,Zambia,2020-11-11,2020-12-21,2021-02-28,0.5238666915647276,Orange,1.2117714191596778,False,0,141,11,11,17.999999999999996,27.014285714285716,1,328,104.4,10,80.69345238095238,0.5903571428571429,241.54761904761904,2.3139880952380953,0.3727767857142857
c33_12,-14.7,24.3,Zambia,2020-11-11,2020-12-21,2021-02-28,0.5106600871414029,Orange,1.1856266398244995,False,0,130,11,11,18.014285714285712,27.13571428571429,1,327,102.80000000000001,9,79.54761904761905,0.6316369047619048,238.8422619047619,2.285476190476191,0.37913690476190476
c33_13,-14.7,24.5,Zambia,2020-11-14,2020-12-21,2021-02-28,0.5449726448658258,Orange,1.2484761038520586,False,0,142,11,11,17.749999999999996,27.257142857142863,1,327,80.19999999999999,10,80.0922619047619,0.6198809523809524,237.74404761904762,2.2136011904761905,0.3804136904761905
c33_14,-14.7,24.7,Zambia,2020-11-10,2020-12-21,2021-02-28,0.5112418081422304,Orange,1.209004561502362,False,0,127,11,11,17.864285714285717,27.2,1,329,94.49999999999999,10,79.53869047619048,0.6304166666666666,237.8452380952381,2.247589285714286,0.38217559523809524
c33_15,-14.7,24.9,Zambia,2020-11-12,2020-12-21,2021-02-28,0.5093622170392691,Orange,1.1315074683233202,False,0,113,11,11,18.2,27.28571428571429,1,328,86.7,10,77.94345238095238,0.6730952380952382,238.97321428571428,2.3841666666666663,0.3851339285714286
c33_16,-14.7,25.1,Zambia,2020-11-30,2020-12-21,2021-02-28,0.5187640667764213,Orange,1.1658957018810094,False,0,124,11,11,17.864285714285717,27.235714285714288,1,330,85.1,11,78.91071428571429,0.6421726190476191,236.76488095238096,2.400595238095238,0.393327380952381
c33_17,-14.7,25.3,Zambia,2020-12-01,2020-12-21,2021-02-28,0.4724156724602626,Yellow,1.1299431236091038,False,0,105,10,10,18.2,26.885714285714283,1,332,89.70000000000002,11,77.58333333333333,0.6767261904761904,234.4077380952381,2.3730357142857144,0.39355952380952386
c33_18,-14.7,25.5,Zambia,2020-11-12,2020-12-21,2021-02-28,0.5221785312467738,Orange,1.1258831842850954,False,0,112,11,11,17.992857142857144,26.542857142857144,1,332,68.7,10,78.46130952380952,0.6466369047619048,231.92261904761904,2.4222321428571427,0.3934077380952381
c33_19,-14.7,25.7,Zambia,2020-12-01,2020-12-21,2021-02-28,0.5007628867165227,Orange,1.1451935974127871,False,0,115,10,10,18.407142857142862,26.699999999999996,1,332,67.5,11,79.25,0.6313690476190476,229.91666666666666,2.2513690476190478,0.3767202380952381
c33_20,-14.7,25.9,Zambia,2020-11-11,2020-12-21,2021-02-28,0.524986801735721,Orange,1.1759334985966383,False,0,118,11,11,18.192857142857143,26.7,1,332,61.2,10,80.20833333333333,0.5991666666666667,227.52678571428572,2.1979166666666665,0.37363690476190475
c33_21,-14.7,26.1,Zambia,2020-11-10,2020-12-21,2021-02-28,0.5327621958344695,Orange,1.1761027058191054,False,0,127,11,11,18.428571428571427,26.32857142857143,0,331,80.39999999999999,9,81.36011904761905,0.5562202380952381,225.96130952380952,2.356517857142857,0.38104166666666667
c33_22,-14.7,26.3,Zambia,2020-11-10,2020-12-21,2021-02-28,0.4269962694577227,Yellow,1.192088311869447,False,0,121,11,11,18.36428571428571,26.385714285714283,0,331,83.80000000000001,10,81.46428571428571,0.5520535714285714,227.88095238095238,2.283690476190476,0.25919940476190473
c33_23,-14.7,26.5,Zambia,2020-11-10,2020-12-21,2021-02-28,0.5267835873639138,Orange,1.204668542499341,False,0,138,11,11,18.2,26.37142857142857,0,334,94.6,10,82.00297619047619,0.5395238095238094,229.97916666666666,2.1986011904761904,0.383389880952381
c33_24,-14.7,26.7,Zambia,2020-11-10,2020-12-21,2021-02-28,0.5391371344389477,Orange,1.2622522160947254,False,0,151,12,12,17.77142857142857,25.771428571428572,0,335,111.3,11,83.38392857142857,0.4811309523809524,223.11011904761904,2.281875,0.3879404761904762
c33_25,-14.7,26.9,Zambia,2020-11-10,2020-12-21,2021-02-28,0.5715415990759292,Orange,1.7437336874029024,False,0,156,12,12,17.564285714285717,25.164285714285715,0,334,90.10000000000001,11,83.75892857142857,0.45610119047619047,216.7797619047619,2.4594642857142857,0.3924107142857143
c33_26,-14.7,27.1,Zambia,2020-11-12,2020-12-21,2021-02-28,0.5490938147459135,Orange,1.2270796283655578,False,0,145,12,12,17.814285714285713,25.59285714285715,0,333,89.6,12,82.88392857142857,0.4841369047619048,214.5654761904762,2.4013988095238097,0.38238988095238097
c33_27,-14.7,27.3,Zambia,2020-11-10,2020-12-21,2021-02-28,0.551209092076778,Orange,1.213696136490668,False,0,149,12,12,17.914285714285715,25.62142857142857,0,335,83.99999999999999,11,82.89880952380952,0.48875,211.41369047619048,2.3466666666666667,0.3920029761904762
c33_28,-14.7,27.5,Zambia,2020-11-29,2020-12-21,2021-02-28,0.5517830737653034,Orange,1.1973791682116965,False,0,141,12,12,18.464285714285715,26.02142857142857,0,335,71.3,11,82.48511904761905,0.5119642857142858,209.01190476190476,2.1940773809523813,0.3888273809523809
c33_29,-14.7,27.7,Zambia,2020-12-01,2020-12-21,2021-02-28,0.5380592379497603,Orange,1.1966882870000375,False,0,144,11,11,18.50714285714286,25.97857142857143,0,336,75.5,12,82.77083333333333,0.5018452380952381,213.36607142857142,2.2692559523809526,0.38823511904761904
c33_30,-14.7,27.9,Zambia,2020-11-30,2020-12-21,2021-02-28,0.5834618018151512,Orange,1.2157892306360318,False,0,144,12,12,18.55,26.02142857142857,0,336,70.4,13,83.41666666666667,0.48145833333333327,225.3422619047619,2.3294940476190478,0.3802440476190476
c33_31,-14.7,28.1,Zambia,2020-11-30,2020-12-21,2021-02-28,0.579125376616353,Orange,1.2289016773336383,False,0,135,12,12,18.464285714285715,25.749999999999996,0,335,71.8,13,83.63095238095238,0.46866071428571426,220.9404761904762,2.329702380952381,0.38132738095238095
c33_32,-14.7,28.3,Zambia,2020-11-30,2020-12-21,2021-02-28,0.5580537606943591,Orange,1.2077617362644892,False,0,142,12,12,18.628571428571426,25.75714285714286,0,336,79.9,12,83.30357142857143,0.4831547619047619,213.69642857142858,2.3125892857142856,0.3864583333333333
c33_33,-14.7,28.5,Zambia,2020-11-30,2020-12-21,2021-02-28,0.5633063222231826,Orange,1.2294003843360526,False,0,149,12,12,18.87142857142857,25.900000000000006,0,334,75.80000000000001,12,83.8125,0.4723809523809524,208.60119047619048,2.195,0.3772767857142857
c33_34,-14.7,28.7,Zambia,2020-11-30,2020-12-21,2021-02-28,0.5529504241772292,Orange,1.201361192778327,False,0,155,12,12,18.87857142857143,25.68571428571429,0,334,93.19999999999999,12,84.41666666666667,0.4525595238095238,207.02380952380952,2.4003571428571426,0.38262797619047617
c33_35,-14.7,28.9,Zambia,2020-12-01,2020-12-21,2021-02-28,0.5214822320111548,Orange,1.2910136550515205,False,0,139,10,10,19.314285714285713,25.500000000000004,0,335,86.5,12,83.96130952380952,0.46675595238095235,205.0297619047619,2.275386904761905,0.3922678571428571
c33_36,-14.7,29.1,Zambia,2020-12-01,2020-12-21,2021-02-28,0.5919116684289767,Orange,1.5720262288328697,True,1,128,11,11,22.271428571428572,28.800000000000004,3,307,114.29999999999998,12,82.85119047619048,0.6077976190476191,208.47916666666666,1.2098511904761904,0.40006547619047617
c33_37,-14.7,29.3,Zambia,2020-11-30,2020-12-21,2021-02-28,0.5605231858227551,Orange,1.4519421753347501,True,1,131,11,11,21.828571428571426,28.11428571428571,2,318,103.5,11,83.04166666666667,0.5696428571428571,206.21428571428572,1.3121130952380953,0.3892916666666667
c33_38,-14.7,29.5,Zambia,2020-11-30,2020-12-21,2021-02-28,0.5829934245498667,Orange,1.483431491135897,False,0,139,12,12,21.9,28.221428571428568,2,316,110.1,11,83.80952380952381,0.547172619047619,200.72916666666666,1.4175595238095238,0.39731547619047614
c33_39,-14.7,29.7,Zambia,2020-11-30,2020-12-21,2021-02-28,0.597000626466092,Orange,1.6019069347148367,True,1,128,12,12,22.707142857142856,29.47142857142857,3,304,77.8,10,82.06845238095238,0.6491369047619048,204.41369047619048,1.2499404761904762,0.35316071428571433
c33_40,-14.7,29.9,Zambia,2020-11-30,2020-12-21,2021-02-28,0.5146332466833266,Orange,1.5422253718072556,False,0,113,11,11,22.24285714285714,29.178571428571427,4,311,80.2,11,81.03869047619048,0.6672023809523809,206.50892857142858,1.404940476190476,0.33276488095238094
c33_41,-14.7,30.1,Zambia,2020-11-30,2020-12-21,2021-02-28,0.6236533716350624,Orange,1.6200974624379856,False,0,141,12,12,22.978571428571428,29.442857142857147,4,302,86.30000000000001,11,83.96130952380952,0.5872916666666667,201.70833333333334,1.4863095238095236,0.37092559523809526
c33_42,-14.7,30.3,Zambia,2020-11-30,2020-12-21,2021-02-28,0.5344748394850711,Orange,1.6003724913065203,True,1,139,12,12,22.549999999999994,28.914285714285715,4,309,97.4,11,83.11607142857143,0.6064583333333333,186.10119047619048,1.2598214285714284,0.3441517857142857
c33_43,-14.7,30.5,Zambia,2020-11-30,2020-12-21,2021-02-28,0.4911883598540104,Yellow,1.3880710418225253,False,0,131,12,12,21.342857142857138,27.407142857142862,2,320,137.7,10,83.24404761904762,0.5508035714285714,184.05654761904762,1.5117261904761905,0.38680357142857147
c33_44,-14.7,30.7,Zambia,2020-11-25,2020-12-21,2021-02-28,0.5169669552852921,Orange,1.416679475351672,False,0,160,13,13,20.357142857142858,26.678571428571434,1,330,143.70000000000002,11,85.89880952380952,0.43794642857142857,191.63988095238096,1.9155654761904761,0.38663392857142853
c33_45,-14.7,30.9,Zambia,2020-11-30,2020-12-21,2021-02-28,0.5544529036890334,Orange,1.323471377518238,False,0,159,13,13,19.992857142857144,26.085714285714282,0,333,114.10000000000002,11,86.4077380952381,0.41077380952380954,193.84821428571428,2.1376785714285713,0.38796130952380947
c33_46,-14.7,31.1,Zambia,2020-11-29,2020-12-21,2021-02-28,0.5294608930253208,Orange,1.2443967617442482,False,0,163,13,13,19.47142857142857,25.942857142857147,0,336,125.5,12,86.58035714285714,0.3963392857142858,195.51488095238096,2.3863690476190476,0.3862291666666667
c33_64,-14.7,34.7,Malawi,2020-11-29,2020-12-21,2021-02-28,0.6468587344903691,Orange,1.3546872405978414,False,0,139,12,12,18.978571428571428,26.157142857142855,0,336,97.2,11,84.43452380952381,0.45499999999999996,224.25,1.9198809523809521,0.48509226190476196
c33_65,-14.7,34.9,Malawi,2020-11-29,2020-12-21,2021-02-28,0.6798971400970457,Orange,1.3020466719676624,False,0,149,13,13,20.707142857142856,27.707142857142856,0,334,64.7,11,85.46428571428571,0.4706845238095238,233.49107142857142,2.6333333333333333,0.44828869047619047
c33_66,-14.7,35.1,Malawi,2020-11-30,2020-12-21,2021-02-28,0.5559621076900191,Orange,1.3296340760958785,False,0,131,10,10,21.38571428571429,27.964285714285715,0,330,82.19999999999999,14,84.12202380952381,0.5247916666666667,233.72916666666666,2.3648214285714286,0.37258928571428573
c33_67,-14.7,35.3,Malawi,2020-11-30,2020-12-21,2021-02-28,0.4345511866861669,Yellow,1.518793168338723,False,0,73,8,8,23.107142857142858,29.2,5,298,65.10000000000001,9,81.38095238095238,0.6618452380952381,236.58333333333334,2.7092559523809525,0.21177976190476192
c33_68,-14.7,35.5,Malawi,2020-11-29,2020-12-21,2021-02-28,0.4794862101799701,Yellow,1.216987331521887,False,0,119,9,9,21.221428571428568,27.95714285714286,0,332,62.300000000000004,8,82.60119047619048,0.5710416666666667,240.45238095238096,2.82452380952381,0.32290178571428574
c33_69,-14.7,35.7,Malawi,2020-11-30,2020-12-21,2021-02-28,0.5962033034020152,Orange,1.2337000980954669,False,0,108,9,9,21.00714285714286,28.064285714285717,1,326,48.1,10,80.97321428571429,0.6283630952380953,242.76190476190476,2.603720238095238,0.42888988095238095
c34_1,-14.9,22.1,Zambia,2020-12-11,2020-12-21,2021-02-28,0.4320232584541868,Yellow,1.1352723207023225,False,0,112,11,11,18.17857142857143,26.878571428571426,1,324,84.39999999999999,9,80.39880952380952,0.5883333333333334,244.19940476190476,2.5533630952380952,0.23884226190476193
c34_2,-14.9,22.3,Zambia,2020-11-12,2020-12-21,2021-02-28,0.3922792419690415,Yellow,1.0935589157956729,False,0,107,9,9,18.364285714285717,26.950000000000006,0,327,84.9,10,79.96428571428571,0.6033333333333333,246.36607142857142,2.591994047619048,0.24508035714285717
c34_3,-14.9,22.5,Zambia,2020-11-10,2020-12-21,2021-02-28,0.4038209175365964,Yellow,1.1033544660856343,False,0,105,10,10,18.185714285714287,27.099999999999998,0,327,77.7,10,79.9672619047619,0.6052380952380952,247.76488095238096,2.512529761904762,0.2298988095238095
c34_4,-14.9,22.7,Zambia,2020-11-10,2020-12-21,2021-02-28,0.4148690138909581,Yellow,1.105372523757528,False,0,103,10,10,18.535714285714285,27.071428571428577,0,327,66.7,10,79.39285714285714,0.6233630952380953,245.39285714285714,2.5226488095238095,0.23472619047619045
c34_5,-14.9,22.9,Zambia,2020-11-12,2020-12-21,2021-02-28,0.37025390486215126,Yellow,1.104897197084417,False,0,103,10,10,18.614285714285717,27.071428571428577,0,327,91.7,10,79.6875,0.6166666666666666,240.77678571428572,2.496904761904762,0.22048214285714285
c34_6,-14.9,23.1,Zambia,2020-11-12,2020-12-21,2021-02-28,0.37965779714684683,Yellow,1.1284012439026732,False,0,119,10,10,18.657142857142862,27.114285714285717,0,329,89.2,9,80.23511904761905,0.6000297619047619,237.86309523809524,2.447470238095238,0.23036011904761908
c34_7,-14.9,23.3,Zambia,2020-11-12,2020-12-21,2021-02-28,0.3812369248941687,Yellow,1.1271628223041528,False,0,122,10,10,18.478571428571428,27.028571428571432,0,327,96.7,10,79.98809523809524,0.6076488095238096,241.72619047619048,2.4902380952380954,0.22336011904761907
c34_8,-14.9,23.5,Zambia,2020-11-12,2020-12-21,2021-02-28,0.36450430864073785,Yellow,1.1287568655597786,False,0,119,10,10,18.442857142857143,27.37142857142857,0,327,98.3,9,78.99107142857143,0.6438392857142856,242.24404761904762,2.433988095238095,0.22380952380952382
c34_9,-14.9,23.7,Zambia,2020-11-12,2020-12-21,2021-02-28,0.4078852027627695,Yellow,1.1519769651312002,False,0,126,11,11,18.142857142857142,27.200000000000006,0,329,95.80000000000001,11,79.88095238095238,0.6141369047619047,242.51190476190476,2.402857142857143,0.24235416666666665
c34_10,-14.9,23.9,Zambia,2020-12-01,2020-12-21,2021-02-28,0.41184971930118514,Yellow,1.154196377552865,False,0,125,11,11,18.22142857142857,27.27857142857143,1,331,80.1,9,79.19642857142857,0.6366369047619047,244.9047619047619,2.3975595238095235,0.24690476190476188
c34_11,-14.9,24.1,Zambia,2020-12-02,2020-12-21,2021-02-28,0.5145278172132548,Orange,1.1599976827759206,False,0,135,11,11,18.03571428571429,27.014285714285712,0,332,92.70000000000002,10,79.94345238095238,0.6044642857142858,245.05654761904762,2.3957142857142855,0.3635982142857143
c34_12,-14.9,24.3,Zambia,2020-11-10,2020-12-21,2021-02-28,0.4989184934814751,Yellow,1.21038489320391,False,0,135,11,11,17.985714285714288,27.25,1,331,97.1,10,79.63392857142857,0.6312202380952381,238.3452380952381,2.2882738095238095,0.37398809523809523
c34_13,-14.9,24.5,Zambia,2020-12-01,2020-12-21,2021-02-28,0.5096813805906405,Orange,1.2136228628507,False,0,136,11,11,17.86428571428571,27.264285714285712,1,331,88.0,10,79.85714285714286,0.622202380952381,234.8422619047619,2.3259821428571428,0.38188095238095243
c34_14,-14.9,24.7,Zambia,2020-11-29,2020-12-21,2021-02-28,0.5060986816569863,Orange,1.1488848674970737,False,0,121,11,11,18.07857142857143,27.178571428571427,1,331,79.3,10,78.48214285714286,0.6579166666666667,235.72916666666666,2.438630952380952,0.3833005952380952
c34_15,-14.9,24.9,Zambia,2020-11-12,2020-12-21,2021-02-28,0.5193634377690656,Orange,1.1767585328834622,False,0,119,11,11,17.971428571428568,27.2,1,328,82.4,10,78.70833333333333,0.6549702380952381,239.0952380952381,2.270267857142857,0.37944940476190475
c34_16,-14.9,25.1,Zambia,2020-11-30,2020-12-21,2021-02-28,0.5086571995660992,Orange,1.1581397276525245,False,0,119,11,11,18.114285714285714,27.178571428571427,1,329,89.69999999999999,10,78.17261904761905,0.6653571428571429,237.21428571428572,2.3436011904761904,0.38863988095238095
c34_17,-14.9,25.3,Zambia,2020-11-30,2020-12-21,2021-02-28,0.508906908439237,Orange,1.1510961635515897,False,0,119,11,11,17.992857142857144,26.878571428571426,1,333,74.40000000000002,11,78.70238095238095,0.6426785714285714,230.89583333333334,2.3799107142857148,0.3894553571428571
c34_18,-14.9,25.5,Zambia,2020-12-01,2020-12-21,2021-02-28,0.5188706151125291,Orange,1.1886584500313098,False,0,126,11,11,17.82857142857143,26.592857142857145,1,329,80.7,9,79.97619047619048,0.6063690476190476,227.6845238095238,2.3360714285714286,0.3830119047619048
c34_19,-14.9,25.7,Zambia,2020-11-12,2020-12-21,2021-02-28,0.4727997637615283,Yellow,1.1429171759415258,False,0,107,10,10,18.435714285714287,26.62142857142857,1,331,78.5,11,79.70535714285714,0.6148214285714285,221.6845238095238,2.2460714285714283,0.3719732142857143
c34_20,-14.9,25.9,Zambia,2020-11-12,2020-12-21,2021-02-28,0.47252957301285736,Yellow,1.133528480951233,False,0,108,9,9,18.428571428571427,26.54285714285714,1,331,70.30000000000001,9,79.7797619047619,0.6086309523809523,223.3095238095238,2.2715178571428574,0.3812678571428571
c34_21,-14.9,26.1,Zambia,2020-11-12,2020-12-21,2021-02-28,0.3904771518312507,Yellow,1.1685764519542625,False,0,115,10,10,18.271428571428572,26.39285714285714,0,333,84.5,10,81.19940476190476,0.5585416666666667,225.11607142857142,2.286488095238095,0.2614077380952381
c34_22,-14.9,26.3,Zambia,2020-11-10,2020-12-21,2021-02-28,0.5256866623663168,Orange,1.1472698386246798,False,0,121,11,11,17.971428571428575,25.964285714285715,0,331,83.2,10,80.66071428571429,0.5688988095238096,220.23214285714286,2.4287797619047615,0.3958392857142857
c34_23,-14.9,26.5,Zambia,2020-11-11,2020-12-21,2021-02-28,0.5679946682918187,Orange,1.247094847446614,False,0,147,12,12,17.70714285714286,26.021428571428572,0,331,89.5,11,82.4375,0.5169642857142857,220.24107142857142,2.2773809523809527,0.3975714285714286
c34_24,-14.9,26.7,Zambia,2020-11-10,2020-12-21,2021-02-28,0.49989362276795934,Yellow,1.127586629720125,False,0,122,10,10,18.25,26.342857142857138,0,332,70.8,11,80.71428571428571,0.5708333333333333,211.2529761904762,2.3844940476190475,0.3952589285714285
c34_25,-14.9,26.9,Zambia,2020-11-10,2020-12-21,2021-02-28,0.5039447564210762,Orange,1.1418407906773453,False,0,129,11,11,18.135714285714283,25.685714285714287,0,336,81.9,11,80.83928571428571,0.5448809523809524,211.07142857142858,2.61125,0.3963809523809524
c34_26,-14.9,27.1,Zambia,2020-11-29,2020-12-21,2021-02-28,0.5352503833442273,Orange,1.1480585408103947,False,0,138,12,12,18.007142857142856,25.63571428571429,0,336,77.1,11,81.3452380952381,0.5300595238095239,210.0625,2.574880952380952,0.39600892857142855
c34_27,-14.9,27.3,Zambia,2020-11-29,2020-12-21,2021-02-28,0.5180574162339587,Orange,1.1168218850302252,False,0,142,12,12,18.164285714285715,25.907142857142855,0,334,89.7,11,81.61011904761905,0.5286904761904762,204.44940476190476,2.4780654761904763,0.3930386904761904
c34_28,-14.9,27.5,Zambia,2020-11-29,2020-12-21,2021-02-28,0.4948420763503381,Yellow,1.1716166293489398,False,0,144,11,11,18.32857142857143,25.978571428571428,0,335,90.60000000000001,10,82.18154761904762,0.5169345238095238,205.58333333333334,2.3611607142857145,0.3851160714285714
c34_29,-14.9,27.7,Zambia,2020-12-01,2020-12-21,2021-02-28,0.5238392695207614,Orange,1.1917719236032258,False,0,143,11,11,18.478571428571428,25.91428571428571,0,335,84.5,11,83.0327380952381,0.4927976190476191,212.84821428571428,2.308065476190476,0.3811994047619048
c34_30,-14.9,27.9,Zambia,2020-12-01,2020-12-21,2021-02-28,0.617420367679888,Orange,1.2260455834223516,False,0,133,11,11,18.478571428571428,25.599999999999998,0,336,82.70000000000002,11,83.67857142857143,0.46467261904761903,224.7529761904762,2.4681249999999997,0.46611011904761906
c34_31,-14.9,28.1,Zambia,2020-12-01,2020-12-21,2021-02-28,0.6371993694785089,Orange,1.2286088185192772,False,0,139,12,12,18.62857142857143,25.692857142857147,0,334,77.0,12,83.59821428571429,0.47032738095238097,216.88095238095238,2.3746130952380953,0.46100297619047614
c34_32,-14.9,28.3,Zambia,2020-11-30,2020-12-21,2021-02-28,0.6244679740745167,Orange,1.2410873271620817,False,0,147,12,12,18.521428571428572,25.678571428571427,0,335,88.9,13,84.13988095238095,0.45538690476190474,208.20535714285714,2.323690476190476,0.4723392857142857
c34_33,-14.9,28.5,Zambia,2020-11-30,2020-12-21,2021-02-28,0.5453360275646542,Orange,1.2482804933907594,False,0,153,12,12,18.764285714285716,25.77142857142857,0,334,93.4,12,84.5327380952381,0.45074404761904757,209.97916666666666,2.2195833333333335,0.36738095238095236
c34_34,-14.9,28.7,Zambia,2020-11-30,2020-12-21,2021-02-28,0.5513164181941044,Orange,1.2753027823509915,False,0,150,12,12,19.285714285714285,25.985714285714288,0,332,105.9,12,84.76785714285714,0.4543154761904762,207.7172619047619,2.103452380952381,0.38311011904761905
c34_35,-14.9,28.9,Zambia,2020-11-30,2020-12-21,2021-02-28,0.47674422005104017,Yellow,1.4643035427576692,True,1,83,7,7,21.878571428571426,28.671428571428574,3,311,74.5,11,80.23214285714286,0.6802083333333334,213.19345238095238,1.2406547619047619,0.36647023809523804
c34_36,-14.9,29.1,Zambia,2020-11-30,2020-12-21,2021-02-28,0.5388517358997178,Orange,1.5671542527526476,True,1,105,10,10,22.357142857142858,29.321428571428577,4,309,82.2,11,80.88392857142857,0.6770833333333334,216.94940476190476,1.1495535714285714,0.35626785714285714
c34_37,-14.9,29.3,Zambia,2020-11-30,2020-12-21,2021-02-28,0.5071725249939635,Orange,1.43947346293654,True,1,112,11,11,21.892857142857142,28.778571428571432,4,316,93.89999999999999,12,81.3125,0.6425,212.92559523809524,1.1614583333333333,0.33645833333333336
c34_38,-14.9,29.5,Zambia,2020-11-30,2020-12-21,2021-02-28,0.47599591803135843,Yellow,1.539356839340606,False,0,107,10,10,22.20714285714286,29.157142857142855,4,312,76.6,11,81.01190476190476,0.6641071428571429,203.47916666666666,1.4598214285714286,0.32158333333333333
c34_39,-14.9,29.7,Zambia,2020-12-01,2020-12-21,2021-02-28,0.5254191007775377,Orange,1.3923319150774498,True,1,116,12,12,21.79285714285714,28.478571428571428,2,319,91.3,11,81.99702380952381,0.6090476190476191,203.16071428571428,1.279375,0.3493095238095238
c34_40,-14.9,29.9,Zambia,2020-11-26,2020-12-21,2021-02-28,0.5510490278250508,Orange,1.372750019988905,False,0,148,12,12,20.592857142857138,26.628571428571433,1,330,112.7,12,85.47321428571429,0.45264880952380954,203.0625,1.765297619047619,0.3833065476190476
c34_41,-14.9,30.1,Zambia,2020-12-01,2020-12-21,2021-02-28,0.5388115231810763,Orange,1.4411545475610754,False,0,141,12,12,21.707142857142863,27.9,2,320,121.3,11,84.26488095238095,0.5288988095238094,197.0029761904762,1.7352083333333332,0.38483333333333336
c34_42,-14.9,30.3,Zambia,2020-12-01,2020-12-21,2021-02-28,0.5136070029147438,Orange,1.392590925601923,False,0,142,12,12,20.928571428571427,26.95,2,325,122.1,12,84.375,0.4986011904761904,194.5595238095238,1.716547619047619,0.36808630952380955
c34_64,-14.9,34.7,Malawi,2020-11-30,2020-12-21,2021-02-28,0.6239407960312067,Orange,1.2393534200917506,False,0,126,12,12,19.349999999999998,26.592857142857145,0,336,90.70000000000002,12,82.50892857142857,0.5188988095238096,226.44345238095238,2.278839285714286,0.4784464285714285
c34_65,-14.9,34.9,Malawi,2020-12-01,2020-12-21,2021-02-28,0.6247204204525652,Orange,1.3080451541525355,False,0,135,11,11,20.935714285714287,28.150000000000002,1,329,80.49999999999999,13,84.04166666666667,0.522172619047619,232.19642857142858,2.456309523809524,0.44599404761904765
c34_66,-14.9,35.1,Malawi,2020-11-30,2020-12-21,2021-02-28,0.5764793621270957,Orange,1.5028603668069038,False,0,135,10,10,21.800000000000004,29.278571428571432,4,310,79.2,13,83.22916666666667,0.5886904761904761,235.11607142857142,1.9916369047619047,0.33849702380952384
c34_67,-14.9,35.3,Malawi,2020-11-30,2020-12-21,2021-02-28,0.785675490185102,Red,1.654519486819243,False,0,143,13,13,22.585714285714285,29.650000000000002,5,298,54.5,13,84.44940476190476,0.5625595238095238,236.7202380952381,1.9485416666666668,0.453
c34_68,-14.9,35.5,Malawi,2020-11-30,2020-12-21,2021-02-28,0.6332884754490815,Orange,1.3923794080081418,False,0,123,9,9,21.900000000000002,28.47142857142857,0,324,58.800000000000004,13,83.36904761904762,0.563422619047619,238.72321428571428,2.6260416666666666,0.4430476190476191
c34_69,-14.9,35.7,Malawi,2020-11-29,2020-12-21,2021-02-28,0.5745873557489651,Orange,1.3779572313569193,False,0,123,10,10,21.42142857142857,29.021428571428572,3,311,52.4,10,82.11904761904762,0.6191666666666668,235.04166666666666,2.3623511904761907,0.3341964285714286
c35_1,-15.1,22.1,Zambia,2020-11-16,2020-12-21,2021-02-28,0.4115289682865444,Yellow,1.114433836544115,False,0,115,10,10,18.285714285714285,26.578571428571426,0,326,90.90000000000002,10,80.43452380952381,0.5850595238095238,237.67559523809524,2.499285714285714,0.2500654761904762
c35_2,-15.1,22.3,Zambia,2020-11-10,2020-12-21,2021-02-28,0.5584391920280233,Orange,1.1303634427451343,False,0,107,10,10,18.32857142857143,26.52142857142857,0,324,61.699999999999996,10,80.41964285714286,0.5819047619047618,237.86309523809524,2.572410714285714,0.37791369047619044
c35_3,-15.1,22.5,Zambia,2020-11-10,2020-12-21,2021-02-28,0.5257972319362223,Orange,1.1226516269240596,False,0,114,10,10,18.285714285714285,26.678571428571434,0,326,66.2,10,80.20535714285714,0.5899702380952381,240.36607142857142,2.534732142857143,0.3496994047619048
c35_4,-15.1,22.7,Zambia,2020-11-10,2020-12-21,2021-02-28,0.521356574987814,Orange,1.1132415181483162,False,0,104,10,10,18.571428571428573,26.871428571428574,0,326,60.4,10,80.04166666666667,0.595952380952381,239.86309523809524,2.5486904761904765,0.34695833333333337
c35_5,-15.1,22.9,Zambia,2020-12-02,2020-12-21,2021-02-28,0.38973471866775394,Yellow,1.1161808004256124,False,0,109,10,10,18.75714285714286,27.264285714285712,1,326,83.1,10,79.5625,0.6234821428571429,234.06845238095238,2.4330059523809524,0.24512499999999998
c35_6,-15.1,23.1,Zambia,2020-11-12,2020-12-21,2021-02-28,0.4288192754682444,Yellow,1.1606939720153668,False,0,121,11,11,18.6,27.207142857142856,1,326,66.0,10,80.2202380952381,0.6038392857142857,237.02083333333334,2.462827380952381,0.22830059523809526
c35_7,-15.1,23.3,Zambia,2020-11-12,2020-12-21,2021-02-28,0.38930467462405904,Yellow,1.115084788153188,False,0,120,10,10,18.63571428571429,27.021428571428572,1,330,90.2,10,79.56547619047619,0.6176785714285714,239.4970238095238,2.4571726190476193,0.24949999999999997
c35_8,-15.1,23.5,Zambia,2020-11-12,2020-12-21,2021-02-28,0.381585066706429,Yellow,1.1108700304715335,False,0,118,10,10,18.492857142857144,26.93571428571428,0,330,94.60000000000001,11,79.64583333333333,0.6174107142857143,241.19940476190476,2.466785714285714,0.23659821428571431
c35_9,-15.1,23.7,Zambia,2020-11-12,2020-12-21,2021-02-28,0.4257080076915631,Yellow,1.1458346120708478,False,0,120,11,11,18.521428571428572,27.321428571428566,1,328,77.99999999999999,10,78.78571428571429,0.649375,239.6279761904762,2.408958333333333,0.2595357142857143
c35_10,-15.1,23.9,Zambia,2020-11-12,2020-12-21,2021-02-28,0.4072025014980294,Yellow,1.1310135105097479,False,0,117,11,11,18.49285714285714,27.17142857142857,1,330,75.8,9,78.21428571428571,0.6671428571428573,243.23511904761904,2.4475000000000002,0.24371726190476192
c35_11,-15.1,24.1,Zambia,2020-12-01,2020-12-21,2021-02-28,0.4867782999889038,Yellow,1.152215346531254,False,0,131,11,11,18.142857142857142,27.099999999999998,0,332,104.8,10,79.30357142857143,0.629702380952381,243.98214285714286,2.4256547619047617,0.36004761904761906
c35_12,-15.1,24.3,Zambia,2020-12-01,2020-12-21,2021-02-28,0.5226646990031218,Orange,1.2069246750835498,False,0,140,11,11,18.099999999999998,27.099999999999998,0,331,87.89999999999999,9,80.0922619047619,0.6099702380952381,241.0625,2.284940476190476,0.36820833333333336
c35_13,-15.1,24.5,Zambia,2020-11-30,2020-12-21,2021-02-28,0.508970806850394,Orange,1.2379673165565628,False,0,141,11,11,17.928571428571427,27.307142857142857,0,331,95.6,10,80.23809523809524,0.6094940476190476,239.86607142857142,2.176875,0.3654613095238095
c35_14,-15.1,24.7,Zambia,2020-11-30,2020-12-21,2021-02-28,0.489921614842582,Yellow,1.1753131636481609,False,0,121,10,10,17.97857142857143,27.292857142857144,1,330,76.39999999999999,9,78.87202380952381,0.6518452380952381,234.4345238095238,2.312321428571429,0.3815982142857142
c35_15,-15.1,24.9,Zambia,2020-11-12,2020-12-21,2021-02-28,0.507083134965113,Orange,1.1278833519968636,False,0,119,11,11,18.107142857142858,27.142857142857142,1,330,74.3,10,78.35416666666667,0.6625000000000001,231.70535714285714,2.4252380952380954,0.38302380952380954
c35_16,-15.1,25.1,Zambia,2020-11-12,2020-12-21,2021-02-28,0.49598630102538327,Yellow,1.1689527980322927,False,0,122,11,11,17.978571428571428,27.05,1,330,88.89999999999999,10,78.38095238095238,0.659702380952381,231.0297619047619,2.3582738095238094,0.38694047619047617
c35_17,-15.1,25.3,Zambia,2020-11-30,2020-12-21,2021-02-28,0.5057207570861123,Orange,1.140043207574959,False,0,119,11,11,18.07857142857143,26.807142857142857,1,330,78.4,9,78.50297619047619,0.6464285714285715,224.80059523809524,2.3820238095238095,0.3944375
c35_18,-15.1,25.5,Zambia,2020-12-01,2020-12-21,2021-02-28,0.4908900790329631,Yellow,1.1570258974774545,False,0,123,11,11,18.07142857142857,26.650000000000006,1,330,93.3,10,79.45535714285714,0.6190476190476191,221.24107142857142,2.354315476190476,0.38814880952380953
c35_19,-15.1,25.7,Zambia,2020-11-12,2020-12-21,2021-02-28,0.48617772916541124,Yellow,1.1679184894850405,False,0,119,10,10,18.157142857142855,26.82857142857143,1,329,87.0,10,81.28571428571429,0.5662797619047619,221.88690476190476,2.1306249999999998,0.3753630952380952
c35_20,-15.1,25.9,Zambia,2020-11-12,2020-12-21,2021-02-28,0.490225148907665,Yellow,1.1730701253758504,False,0,118,10,10,18.314285714285713,26.692857142857143,1,330,84.4,10,81.02083333333333,0.5669047619047619,224.21428571428572,2.2080357142857148,0.37486011904761907
c35_21,-15.1,26.1,Zambia,2020-11-12,2020-12-21,2021-02-28,0.4837063176866768,Yellow,1.149434866816244,False,0,118,11,11,18.47142857142857,26.62142857142857,1,332,96.7,10,80.01488095238095,0.5983928571428572,220.06845238095238,2.296696428571429,0.38749999999999996
c35_22,-15.1,26.3,Zambia,2020-11-12,2020-12-21,2021-02-28,0.5550269015206876,Orange,1.2290795136406885,False,0,141,11,11,17.535714285714285,25.714285714285715,0,328,79.9,10,82.125,0.5199404761904761,216.10714285714286,2.4077380952380953,0.39373214285714286
c35_23,-15.1,26.5,Zambia,2020-11-12,2020-12-21,2021-02-28,0.4689885113821362,Yellow,1.1668273037993382,False,0,124,10,10,17.985714285714288,26.292857142857144,1,333,88.10000000000001,10,81.30357142857143,0.5527380952380954,214.13392857142858,2.297261904761905,0.38233035714285724
c35_24,-15.1,26.7,Zambia,2020-11-29,2020-12-21,2021-02-28,0.45203276671704273,Yellow,1.1366924622075072,False,0,115,10,10,18.442857142857143,26.97142857142857,1,330,98.1,11,79.97916666666667,0.6030059523809524,211.15178571428572,2.1933630952380954,0.39011011904761905
c35_25,-15.1,26.9,Zambia,2020-12-01,2020-12-21,2021-02-28,0.516601469344888,Orange,1.1687640902806948,False,0,116,10,10,18.735714285714288,26.67142857142857,1,331,98.69999999999999,11,80.46428571428571,0.5849404761904763,209.94940476190476,2.2384226190476193,0.458922619047619
c35_26,-15.1,27.1,Zambia,2020-12-01,2020-12-21,2021-02-28,0.4731061153143874,Yellow,1.1292977185003072,False,0,132,11,11,18.507142857142856,26.071428571428573,0,333,104.60000000000001,11,81.4672619047619,0.5398809523809524,207.05357142857142,2.420267857142857,0.3789970238095239
c35_27,-15.1,27.3,Zambia,2020-11-29,2020-12-21,2021-02-28,0.47099043270515883,Yellow,1.217375006906979,False,0,140,11,11,18.800000000000004,26.457142857142856,1,331,111.9,11,80.96130952380952,0.5669345238095238,202.16071428571428,2.2407440476190477,0.39211011904761905
c35_28,-15.1,27.5,Zambia,2020-11-30,2020-12-21,2021-02-28,0.4670319875551576,Yellow,1.1193338340367829,False,0,142,11,11,18.65,26.178571428571434,1,333,113.5,11,81.86309523809524,0.5323214285714286,204.24404761904762,2.4579464285714283,0.38582440476190477
c35_29,-15.1,27.7,Zambia,2020-12-01,2020-12-21,2021-02-28,0.5124409544619861,Orange,1.1916814073788062,False,0,141,12,12,18.95,26.442857142857143,1,332,106.19999999999999,11,82.44345238095238,0.5219345238095239,209.7827380952381,2.3192261904761904,0.38511011904761905
c35_30,-15.1,27.9,Zambia,2020-11-30,2020-12-21,2021-02-28,0.5814626276681512,Orange,1.210444061145396,False,0,138,11,11,19.078571428571426,26.185714285714287,0,332,114.30000000000001,12,83.14880952380952,0.5006547619047619,216.05654761904762,2.196934523809524,0.4641815476190476
c35_31,-15.1,28.1,Zambia,2020-11-30,2020-12-21,2021-02-28,0.6120010984062823,Orange,1.208678688231549,False,0,141,13,13,18.814285714285713,25.97142857142857,0,333,118.80000000000001,12,83.40178571428571,0.48500000000000004,214.83630952380952,2.1669940476190472,0.46399107142857143
c35_32,-15.1,28.3,Zambia,2020-11-30,2020-12-21,2021-02-28,0.6150950105258579,Orange,1.2441494086261582,False,0,144,12,12,18.514285714285712,25.55,0,335,86.19999999999999,11,83.74404761904762,0.46583333333333327,212.9672619047619,2.350684523809524,0.4552142857142857
c35_33,-15.1,28.5,Zambia,2020-12-01,2020-12-21,2021-02-28,0.6200379583840202,Orange,1.7039445475505193,False,0,150,12,12,18.57857142857143,25.371428571428567,0,336,86.80000000000001,12,84.88095238095238,0.4334523809523809,214.6220238095238,2.3503273809523813,0.4424821428571429
c35_34,-15.1,28.7,Zambia,2020-11-30,2020-12-21,2021-02-28,0.5615260644885197,Orange,1.732336298001335,False,0,158,12,12,18.571428571428573,25.16428571428571,0,336,88.39999999999999,12,85.88690476190476,0.4025297619047619,210.39880952380952,2.325386904761905,0.36479464285714286
c35_35,-15.1,28.9,Zambia,2020-11-30,2020-12-21,2021-02-28,0.5467587776636161,Orange,1.7490000530099261,False,0,158,11,11,18.900000000000002,25.15,0,336,105.20000000000002,12,85.61309523809524,0.4163392857142857,208.64880952380952,1.7799999999999998,0.38148809523809524
c35_36,-15.1,29.1,Zambia,2020-11-29,2020-12-21,2021-02-28,0.5902030142614209,Orange,1.3881206300503606,True,1,150,12,12,21.42142857142857,28.17142857142857,2,317,103.6,12,84.61309523809524,0.5252976190476191,205.07738095238096,1.1703869047619047,0.3752857142857143
c35_37,-15.1,29.3,Zambia,2020-11-30,2020-12-21,2021-02-28,0.5365053047234312,Orange,1.2689443420450721,True,1,127,12,12,19.37857142857143,25.91428571428571,0,332,69.0,11,83.13392857142857,0.4957142857142857,200.1220238095238,1.2870238095238098,0.3430565476190476
c35_38,-15.1,29.5,Zambia,2020-11-30,2020-12-21,2021-02-28,0.5263680882713273,Orange,1.3618061269221362,False,0,157,12,12,20.52857142857143,26.807142857142857,0,329,117.9,11,85.29166666666667,0.4592559523809524,199.5029761904762,1.8036904761904762,0.3634791666666667
c35_39,-15.1,29.7,Zambia,2020-11-30,2020-12-21,2021-02-28,0.5230931474380698,Orange,1.3736751376413552,False,0,150,11,11,20.157142857142862,26.607142857142858,0,329,104.6,11,84.98214285714286,0.4656547619047619,198.94345238095238,1.6436607142857143,0.36922916666666666
c35_40,-15.1,29.9,Zambia,2020-11-25,2020-12-21,2021-02-28,0.5512548301357498,Orange,1.3711726017706505,False,0,165,12,12,19.935714285714283,26.021428571428576,0,332,111.30000000000001,11,86.25297619047619,0.4158928571428572,194.96130952380952,1.915892857142857,0.3864583333333333
c35_41,-15.1,30.1,Zambia,2020-12-01,2020-12-21,2021-02-28,0.5643112501794723,Orange,1.5182083160007147,False,0,150,12,12,21.871428571428567,28.164285714285715,2,314,133.0,11,84.60119047619048,0.528422619047619,194.41369047619048,1.3941369047619045,0.3954017857142857
c35_64,-15.1,34.7,Malawi,2020-11-30,2020-12-21,2021-02-28,0.46530992705257695,Yellow,1.6621963571682437,False,0,97,7,7,18.97142857142857,25.092857142857145,0,335,129.9,12,81.64285714285714,0.5082738095238095,210.51488095238096,2.434970238095238,0.48409821428571426
c35_65,-15.1,34.9,Malawi,2020-11-30,2020-12-21,2021-02-28,0.5910669139204815,Orange,1.4062742303937834,False,0,124,10,10,21.50714285714286,29.292857142857144,5,313,95.9,10,82.44047619047619,0.6055952380952382,226.52083333333334,2.0490476190476192,0.4428869047619048
c35_66,-15.1,35.1,Malawi,2020-11-30,2020-12-21,2021-02-28,0.6498875848061642,Orange,1.5408975701994652,False,0,126,10,10,21.921428571428574,29.385714285714283,6,308,72.3,12,83.11607142857143,0.5929761904761905,230.9077380952381,2.0535714285714284,0.4399940476190477
c35_67,-15.1,35.3,Malawi,2020-12-01,2020-12-21,2021-02-28,0.6765518049701205,Orange,1.5186130018147932,False,0,138,11,11,21.928571428571427,29.192857142857147,4,314,90.4,13,83.98809523809524,0.5594345238095239,226.77380952380952,1.4977083333333334,0.4694107142857143
c35_68,-15.1,35.5,Malawi,2020-11-30,2020-12-21,2021-02-28,0.6816407737172641,Orange,1.4568628225317735,False,0,176,14,14,21.042857142857144,28.22857142857143,0,329,79.39999999999999,13,86.99107142857143,0.4387797619047619,229.5654761904762,1.936636904761905,0.38865178571428566
c35_69,-15.1,35.7,Malawi,2020-11-30,2020-12-21,2021-02-28,0.5606040458984849,Orange,1.421742856778733,False,0,109,10,10,22.6,28.307142857142857,0,328,67.2,9,82.53571428571429,0.5891964285714285,233.11011904761904,2.6749404761904763,0.39178869047619047
c36_1,-15.3,22.1,Zambia,2020-11-16,2020-12-21,2021-02-28,0.417459225986109,Yellow,1.1499084745794987,False,0,123,10,10,18.171428571428567,26.41428571428571,0,324,90.00000000000001,11,81.42261904761905,0.5516666666666667,230.69940476190476,2.6032440476190475,0.24537499999999998
c36_2,-15.3,22.3,Zambia,2020-11-16,2020-12-21,2021-02-28,0.4188522948593605,Yellow,1.1166124374752269,False,0,116,10,10,18.292857142857144,26.35,0,327,91.70000000000002,10,81.16666666666667,0.5556547619047619,231.4702380952381,2.6317261904761904,0.2686964285714286
c36_3,-15.3,22.5,Zambia,2020-11-10,2020-12-21,2021-02-28,0.49111566099869364,Yellow,1.130682529320864,False,0,123,10,10,18.35,26.69285714285714,0,329,94.2,10,80.62202380952381,0.5756845238095238,234.125,2.553035714285714,0.36474107142857143
c36_4,-15.3,22.7,Zambia,2020-11-12,2020-12-21,2021-02-28,0.43037948448616853,Yellow,1.1375490732264164,False,0,121,11,11,18.342857142857145,26.835714285714285,0,325,78.9,10,79.96428571428571,0.6013095238095238,232.66369047619048,2.511279761904762,0.24556845238095237
c36_5,-15.3,22.9,Zambia,2020-12-11,2020-12-21,2021-02-28,0.41475350725503335,Yellow,1.1150423330874417,False,0,117,11,11,18.55,26.792857142857144,0,326,84.7,11,80.01785714285714,0.6041666666666666,233.23214285714286,2.493869047619048,0.23457142857142857
c36_6,-15.3,23.1,Zambia,2020-12-10,2020-12-21,2021-02-28,0.35874188969398796,Yellow,1.1044449339138922,False,0,111,9,9,18.57857142857143,27.092857142857145,0,325,99.30000000000001,11,80.20833333333333,0.6026190476190477,231.50595238095238,2.511934523809524,0.23791369047619046
c36_7,-15.3,23.3,Zambia,2020-11-12,2020-12-21,2021-02-28,0.3530679614800943,Yellow,1.0844809476015278,False,0,109,9,9,18.564285714285717,27.014285714285712,0,331,91.49999999999999,11,79.29761904761905,0.6235714285714286,233.0595238095238,2.495863095238095,0.25137202380952384
c36_8,-15.3,23.5,Zambia,2020-11-12,2020-12-21,2021-02-28,0.40449281542386195,Yellow,1.1369070790519034,False,0,113,11,11,18.642857142857142,27.307142857142857,1,329,81.1,10,77.93452380952381,0.6769642857142857,239.33630952380952,2.5104761904761905,0.25643154761904763
c36_9,-15.3,23.7,Zambia,2020-12-02,2020-12-21,2021-02-28,0.4278078551561405,Yellow,1.1659514639855757,False,0,122,11,11,18.707142857142856,27.392857142857146,1,327,76.2,9,78.41964285714286,0.6695535714285715,237.85119047619048,2.404136904761905,0.26310416666666664
c36_10,-15.3,23.9,Zambia,2020-12-02,2020-12-21,2021-02-28,0.5160203845582421,Orange,1.1842364499926974,False,0,122,11,11,18.78571428571429,27.37857142857143,1,326,86.3,10,78.57738095238095,0.665297619047619,236.49107142857142,2.3023214285714286,0.37026785714285715
c36_11,-15.3,24.1,Zambia,2020-11-12,2020-12-21,2021-02-28,0.49036895834341127,Yellow,1.1822808163180099,False,0,124,11,11,18.50714285714286,27.321428571428573,1,330,95.19999999999999,9,78.31547619047619,0.6682440476190477,237.85119047619048,2.3315476190476194,0.3743214285714286
c36_12,-15.3,24.3,Zambia,2020-12-02,2020-12-21,2021-02-28,0.5112420858534263,Orange,1.1619366917935898,False,0,119,11,11,18.435714285714287,27.300000000000004,1,330,80.7,9,78.25297619047619,0.6688095238095237,238.73809523809524,2.351309523809524,0.38196428571428565
c36_13,-15.3,24.5,Zambia,2020-11-30,2020-12-21,2021-02-28,0.5237710535893938,Orange,1.1266241760542517,False,0,115,11,11,18.4,27.157142857142855,1,331,64.19999999999999,10,77.68154761904762,0.6800595238095238,237.99107142857142,2.4727380952380953,0.3851101190476191
c36_14,-15.3,24.7,Zambia,2020-11-30,2020-12-21,2021-02-28,0.5152276421053225,Orange,1.207814227506507,False,0,137,11,11,18.04285714285714,27.264285714285716,0,330,88.50000000000001,10,79.28869047619048,0.6419940476190475,231.73809523809524,2.2695535714285713,0.38727976190476193
c36_15,-15.3,24.9,Zambia,2020-11-29,2020-12-21,2021-02-28,0.518857050784762,Orange,1.2628051285218584,False,0,142,11,11,17.72142857142857,26.857142857142854,0,331,84.5,10,80.29761904761905,0.6035416666666666,228.41071428571428,2.2774404761904763,0.38124107142857144
c36_16,-15.3,25.1,Zambia,2020-12-02,2020-12-21,2021-02-28,0.4980735257958092,Yellow,1.1233074711303623,False,0,120,11,11,18.207142857142856,26.699999999999996,0,332,83.9,10,78.40178571428571,0.6461309523809524,228.95535714285714,2.4187797619047617,0.3826904761904762
c36_17,-15.3,25.3,Zambia,2020-11-30,2020-12-21,2021-02-28,0.5057465709827551,Orange,1.147799148879831,False,0,121,11,11,18.02142857142857,26.50714285714286,1,333,69.60000000000001,9,78.68154761904762,0.6333928571428572,223.8125,2.4379761904761907,0.39081845238095236
c36_18,-15.3,25.5,Zambia,2020-12-02,2020-12-21,2021-02-28,0.508878883866262,Orange,1.160596075857268,False,0,119,11,11,18.22142857142857,26.635714285714283,1,332,66.7,9,79.83630952380952,0.6023511904761905,220.52083333333334,2.244494047619048,0.3810208333333333
c36_19,-15.3,25.7,Zambia,2020-11-12,2020-12-21,2021-02-28,0.49290770453387917,Yellow,1.150902521575544,False,0,110,10,10,18.292857142857144,26.585714285714282,1,332,66.5,9,80.10416666666667,0.5907142857142857,221.01488095238096,2.292470238095238,0.3857916666666667
c36_20,-15.3,25.9,Zambia,2020-11-12,2020-12-21,2021-02-28,0.5170395454223544,Orange,1.1713120205809362,False,0,111,10,10,18.392857142857142,26.92142857142857,1,329,65.8,11,80.05654761904762,0.6001785714285715,225.7202380952381,2.106517857142857,0.38517857142857137
c36_21,-15.3,26.1,Zambia,2020-11-12,2020-12-21,2021-02-28,0.4842946954211129,Yellow,1.1249922583756675,False,0,119,9,9,18.164285714285715,26.15,0,334,87.30000000000001,12,81.36309523809524,0.5460714285714287,220.97321428571428,2.3485714285714288,0.39896428571428577
c36_22,-15.3,26.3,Zambia,2020-11-12,2020-12-21,2021-02-28,0.5211782075934673,Orange,1.2017894827835445,False,0,153,10,10,17.74285714285714,25.8,0,331,95.0,10,83.0,0.4983630952380952,216.16666666666666,2.4488690476190476,0.3950625
c36_23,-15.3,26.5,Zambia,2020-11-29,2020-12-21,2021-02-28,0.5052842957358037,Orange,1.1673219392977736,False,0,121,11,11,18.571428571428573,26.678571428571423,1,331,81.6,9,80.75,0.5773511904761905,215.98214285714286,2.352142857142857,0.392139880952381
c36_24,-15.3,26.7,Zambia,2020-11-29,2020-12-21,2021-02-28,0.4872275515435165,Yellow,1.1924766580615507,False,0,128,11,11,18.614285714285717,27.1,1,330,100.80000000000001,10,81.5922619047619,0.5589880952380953,214.61904761904762,2.1732440476190478,0.3857470238095238
c36_25,-15.3,26.9,Zambia,2020-11-29,2020-12-21,2021-02-28,0.5073350196102873,Orange,1.2187510794642276,False,0,121,12,12,18.97142857142857,27.221428571428564,1,330,96.80000000000001,10,80.56845238095238,0.5971428571428571,214.58333333333334,2.0908035714285713,0.3922172619047619
c36_26,-15.3,27.1,Zambia,2020-12-01,2020-12-21,2021-02-28,0.5669724041314618,Orange,1.1979111199420966,False,0,129,11,11,18.82857142857143,26.621428571428567,1,332,96.9,11,81.29761904761905,0.5608035714285714,212.8154761904762,2.297083333333333,0.4749077380952381
c36_27,-15.3,27.3,Zambia,2020-11-30,2020-12-21,2021-02-28,0.5770746818924117,Orange,1.2190890596259842,False,0,142,12,12,19.0,26.599999999999998,1,331,107.80000000000001,11,82.67261904761905,0.5207142857142857,209.99107142857142,2.1178869047619044,0.45386607142857144
c36_28,-15.3,27.5,Zambia,2020-12-01,2020-12-21,2021-02-28,0.5838480131255208,Orange,1.2186228471568332,False,0,132,12,12,19.08571428571429,26.442857142857143,0,332,104.9,11,82.625,0.5214285714285714,212.63988095238096,2.1236011904761902,0.45563392857142854
c36_29,-15.3,27.7,Zambia,2020-11-30,2020-12-21,2021-02-28,0.5816744278230815,Orange,1.251096317635222,False,0,136,12,12,19.24285714285714,26.564285714285713,0,332,105.9,10,82.77380952380952,0.5195238095238095,213.63392857142858,2.0471726190476187,0.4497083333333333
c36_30,-15.3,27.9,Zambia,2020-11-30,2020-12-21,2021-02-28,0.5646917447673367,Orange,1.2258804240547005,False,0,136,11,11,18.94285714285714,25.88571428571429,0,336,100.60000000000001,12,83.47321428571429,0.4838095238095238,212.5595238095238,2.2138988095238092,0.44624404761904757
c36_31,-15.3,28.1,Zambia,2020-11-30,2020-12-21,2021-02-28,0.6129884366132701,Orange,1.5669407199886332,False,0,140,13,13,18.342857142857145,25.392857142857142,0,336,104.7,12,84.23511904761905,0.449375,215.60416666666666,2.4042857142857144,0.4509136904761905
c36_32,-15.3,28.3,Zambia,2020-11-30,2020-12-21,2021-02-28,0.6092040481714291,Orange,1.7216578436728103,False,0,149,12,12,18.3,25.14285714285714,0,336,106.6,11,84.9047619047619,0.42699404761904763,214.51190476190476,2.396815476190476,0.45860119047619047
c36_33,-15.3,28.5,Zambia,2020-11-30,2020-12-21,2021-02-28,0.6122313900728953,Orange,1.2702750667950105,False,0,152,12,12,18.821428571428573,25.87142857142857,0,336,87.89999999999999,10,83.97321428571429,0.4683333333333334,213.0,2.0887499999999997,0.4514077380952381
c36_34,-15.3,28.7,Zambia,2020-11-29,2020-12-21,2021-02-28,0.6473649438057327,Orange,1.2694469938728405,False,0,156,13,13,18.74285714285714,25.664285714285718,0,333,79.9,9,84.5,0.4515178571428572,210.07440476190476,2.227559523809524,0.45008035714285716
c36_35,-15.3,28.9,Zambia,2020-11-30,2020-12-21,2021-02-28,0.5715824381975569,Orange,1.2927805999078843,False,0,154,12,12,18.807142857142857,25.964285714285715,0,336,92.5,12,84.16071428571429,0.46922619047619046,199.86904761904762,2.069761904761905,0.43206845238095243
c36_36,-15.3,29.1,Zambia,2020-11-30,2020-12-21,2021-02-28,0.6088238657650722,Orange,1.768612250212222,False,0,157,12,12,18.621428571428574,25.064285714285713,0,336,98.8,12,85.48511904761905,0.4166071428571429,193.85416666666666,2.274404761904762,0.4721488095238095
c36_37,-15.3,29.3,Zambia,2020-11-29,2020-12-21,2021-02-28,0.5284005263562023,Orange,1.8371506410193814,False,0,172,12,12,18.535714285714285,24.764285714285712,0,336,103.2,12,86.33333333333333,0.3868452380952381,187.50595238095238,2.4770535714285713,0.37803571428571425
c36_38,-15.3,29.5,Zambia,2020-11-30,2020-12-21,2021-02-28,0.49814074008509074,Yellow,1.3356923317520646,False,0,157,11,11,19.442857142857143,26.02142857142857,0,331,120.39999999999999,12,85.5922619047619,0.4338690476190476,185.64880952380952,1.83,0.38758630952380946
c36_39,-15.3,29.7,Zambia,2020-11-30,2020-12-21,2021-02-28,0.5344562735589158,Orange,1.3925940727350117,False,0,164,11,11,19.842857142857145,25.642857142857146,0,334,95.6,12,86.13392857142857,0.40994047619047624,189.60714285714286,2.0863988095238093,0.38380059523809523
c36_40,-15.3,29.9,Zambia,2020-12-01,2020-12-21,2021-02-28,0.5279475849664966,Orange,1.4087952149497516,False,0,156,11,11,21.064285714285713,27.092857142857138,2,326,98.9,11,84.72916666666667,0.49002976190476194,187.6904761904762,1.5005952380952383,0.3812619047619047
c36_41,-15.3,30.1,Zambia,2020-12-01,2020-12-21,2021-02-28,0.5602719891285204,Orange,1.5949296322566473,False,0,153,12,12,22.185714285714287,28.728571428571428,2,312,123.2,11,85.26190476190476,0.5152976190476191,192.0029761904762,1.4948809523809525,0.3763958333333333
c36_42,-15.3,30.3,Zambia,2020-11-25,2020-12-21,2021-02-28,0.5620987423324068,Orange,1.6044301885895476,False,0,129,12,12,22.928571428571427,29.078571428571426,3,305,133.5,12,84.06547619047619,0.5699404761904762,197.9047619047619,1.7910119047619046,0.381797619047619
c36_64,-15.3,34.7,Malawi,2020-11-30,2020-12-21,2021-02-28,0.5017422515203441,Orange,1.2145749598224078,False,0,103,8,8,19.764285714285716,26.0,0,335,106.30000000000001,11,80.90178571428571,0.5623214285714285,210.58035714285714,1.7646726190476192,0.4741547619047619
c36_65,-15.3,34.9,Malawi,2020-12-01,2020-12-21,2021-02-28,0.6791095493836127,Orange,1.6176434071754402,False,0,132,11,11,22.085714285714285,29.88571428571429,6,305,54.2,11,82.75,0.6254166666666666,228.5297619047619,2.05,0.43526785714285715
c36_66,-15.3,35.1,Malawi,2020-11-30,2020-12-21,2021-02-28,0.6141348015591266,Orange,1.6104166745457917,False,0,83,8,8,22.58571428571429,29.678571428571427,6,299,64.5,10,81.08928571428571,0.6792857142857143,228.8154761904762,2.0804464285714284,0.4446607142857143
c36_67,-15.3,35.3,Malawi,2020-11-29,2020-12-21,2021-02-28,0.8703803382844043,Red,2.2914194299279846,True,1,168,13,7,16.27857142857143,22.535714285714285,0,248,114.60000000000001,13,87.16666666666667,0.30767857142857147,223.55059523809524,1.474315476190476,0.39987797619047616
c36_68,-15.3,35.5,Malawi,2020-11-30,2020-12-21,2021-02-28,0.6130830655531406,Orange,1.3655634920169897,False,0,118,11,11,21.62142857142857,28.471428571428568,2,323,86.09999999999998,12,82.95238095238095,0.5734821428571428,233.83630952380952,1.8499404761904763,0.42160119047619055
c36_69,-15.3,35.7,Malawi,2020-11-30,2020-12-21,2021-02-28,0.5479460407747169,Orange,1.4401831761476442,False,0,123,10,10,22.38571428571429,28.621428571428567,1,321,56.50000000000001,12,82.44642857142857,0.6069345238095238,247.6279761904762,2.8820535714285715,0.30100297619047617
c37_1,-15.5,22.1,Zambia,2020-11-10,2020-12-21,2021-02-28,0.4136833100747095,Yellow,1.1636326318315622,False,0,126,10,10,18.22142857142857,26.428571428571423,0,324,97.10000000000001,10,81.32738095238095,0.5540178571428571,228.46130952380952,2.588154761904762,0.25581845238095235
c37_2,-15.5,22.3,Zambia,2020-11-12,2020-12-21,2021-02-28,0.39831157936327144,Yellow,1.1308170327853595,False,0,123,10,10,18.21428571428571,26.371428571428567,0,325,104.0,11,81.64583333333333,0.539375,231.98214285714286,2.6536011904761905,0.24020238095238095
c37_3,-15.5,22.5,Zambia,2020-11-15,2020-12-21,2021-02-28,0.4009298873832698,Yellow,1.1207202394911953,False,0,119,10,10,18.592857142857138,26.664285714285715,0,328,93.30000000000001,11,80.56547619047619,0.5819642857142858,231.67559523809524,2.538154761904762,0.25522321428571426
c37_4,-15.5,22.7,Zambia,2020-11-10,2020-12-21,2021-02-28,0.4274085431095433,Yellow,1.1481975196191705,False,0,126,11,11,18.285714285714285,26.471428571428568,0,328,95.00000000000001,11,81.11011904761905,0.5612202380952381,232.3422619047619,2.5904166666666666,0.25714880952380953
c37_5,-15.5,22.9,Zambia,2020-11-10,2020-12-21,2021-02-28,0.49138389255735393,Yellow,1.1413691102797345,False,0,133,11,11,18.52857142857143,26.864285714285717,1,329,123.79999999999998,11,80.08630952380952,0.600952380952381,233.52678571428572,2.428065476190476,0.3829791666666666
c37_6,-15.5,23.1,Zambia,2020-12-06,2020-12-21,2021-02-28,0.41065849740592864,Yellow,1.1619430421721995,False,0,126,11,11,18.771428571428572,27.02142857142857,0,329,85.60000000000001,11,80.9047619047619,0.586577380952381,230.27678571428572,2.398333333333333,0.23853273809523806
c37_7,-15.5,23.3,Zambia,2020-11-12,2020-12-21,2021-02-28,0.3219729556727729,Yellow,1.0973007165441373,False,0,106,8,8,18.7,27.164285714285718,1,331,89.3,11,79.1577380952381,0.6331845238095238,228.08928571428572,2.4383333333333335,0.24927083333333333
c37_8,-15.5,23.5,Zambia,2020-11-12,2020-12-21,2021-02-28,0.34819956542250463,Yellow,1.0990317158850091,False,0,116,10,10,18.578571428571426,26.978571428571428,0,331,107.0,9,78.94940476190476,0.639077380952381,232.9077380952381,2.486607142857143,0.2472232142857143
c37_9,-15.5,23.7,Zambia,2020-12-02,2020-12-21,2021-02-28,0.37692870058052436,Yellow,1.151179223326277,False,0,123,11,11,18.54285714285714,27.328571428571422,0,328,110.3,9,78.57440476190476,0.6615476190476192,233.11904761904762,2.3991369047619053,0.25664880952380953
c37_10,-15.5,23.9,Zambia,2020-11-14,2020-12-21,2021-02-28,0.39624617491946795,Yellow,1.1468925582973668,False,0,121,11,11,18.535714285714285,27.157142857142862,0,330,97.3,9,78.7827380952381,0.6477380952380953,229.50892857142858,2.3994345238095236,0.27538690476190475
c37_11,-15.5,24.1,Zambia,2020-12-01,2020-12-21,2021-02-28,0.4709258450578065,Yellow,1.1139528581809495,False,0,112,10,10,18.621428571428574,27.071428571428573,0,330,92.0,9,78.16369047619048,0.665,229.35119047619048,2.4014583333333337,0.3871785714285715
c37_12,-15.5,24.3,Zambia,2020-12-09,2020-12-21,2021-02-28,0.4840789399609831,Yellow,1.1193584834559738,False,0,117,10,10,18.50714285714286,27.000000000000004,0,333,80.4,10,78.48214285714286,0.6538988095238095,230.10714285714286,2.439523809523809,0.39120535714285715
c37_13,-15.5,24.5,Zambia,2020-11-30,2020-12-21,2021-02-28,0.48398834798590773,Yellow,1.116347474580173,False,0,117,10,10,18.342857142857145,26.84285714285715,0,336,66.1,9,78.51488095238095,0.6445238095238095,228.8125,2.467797619047619,0.38969345238095243
c37_14,-15.5,24.7,Zambia,2020-11-27,2020-12-21,2021-02-28,0.4608599168587059,Yellow,1.1521434359628109,False,0,124,11,11,18.150000000000002,27.11428571428571,0,335,109.0,10,78.94642857142857,0.639345238095238,228.67559523809524,2.351577380952381,0.3897767857142857
c37_15,-15.5,24.9,Zambia,2020-11-30,2020-12-21,2021-02-28,0.4937986974158875,Yellow,1.2358946426114683,False,0,136,11,11,17.842857142857138,26.799999999999994,0,334,103.10000000000001,10,80.36904761904762,0.5963988095238095,229.08333333333334,2.285803571428571,0.3902678571428571
c37_16,-15.5,25.1,Zambia,2020-12-02,2020-12-21,2021-02-28,0.490261985083684,Yellow,1.1397654039976,False,0,125,11,11,17.964285714285715,26.471428571428568,0,335,89.69999999999999,11,79.9047619047619,0.5923511904761904,228.48511904761904,2.4482142857142852,0.3760625
c37_17,-15.5,25.3,Zambia,2020-12-03,2020-12-21,2021-02-28,0.5142158459227774,Orange,1.1309979906799186,False,0,123,11,11,18.07142857142857,26.249999999999996,0,336,74.4,11,80.33035714285714,0.5721428571428572,225.5952380952381,2.4818154761904756,0.3859583333333334
c37_18,-15.5,25.5,Zambia,2020-11-12,2020-12-21,2021-02-28,0.49935599101872624,Yellow,1.157350566006806,False,0,121,10,10,18.028571428571425,25.978571428571424,0,334,75.30000000000001,9,82.12797619047619,0.5161309523809524,221.71428571428572,2.409642857142857,0.3757529761904762
c37_19,-15.5,25.7,Zambia,2020-11-12,2020-12-21,2021-02-28,0.4712891316443065,Yellow,1.1187648139540685,False,0,105,9,9,18.178571428571427,25.714285714285715,0,336,65.30000000000001,9,81.66666666666667,0.5172916666666667,219.79464285714286,2.5633035714285715,0.37472916666666667
c37_20,-15.5,25.9,Zambia,2020-11-12,2020-12-21,2021-02-28,0.49782448388059647,Yellow,1.151415010995262,False,0,106,9,9,18.735714285714284,26.264285714285716,0,335,55.00000000000001,10,80.66071428571429,0.5650892857142857,222.30357142857142,2.2776190476190474,0.38604761904761903
c37_21,-15.5,26.1,Zambia,2020-11-12,2020-12-21,2021-02-28,0.5069155665788835,Orange,1.1519358324392175,False,0,126,10,10,18.214285714285715,25.80714285714286,0,336,79.89999999999999,9,82.76488095238095,0.49437500000000006,224.38988095238096,2.564851190476191,0.3824940476190476
c37_22,-15.5,26.3,Zambia,2020-11-29,2020-12-21,2021-02-28,0.49124615227289864,Yellow,1.1755551924023688,False,0,132,10,10,18.62857142857143,26.514285714285712,0,333,81.4,10,82.47321428571429,0.5216964285714286,219.54464285714286,2.3840773809523808,0.3657738095238095
c37_23,-15.5,26.5,Zambia,2020-11-29,2020-12-21,2021-02-28,0.49120983988172423,Yellow,1.2013253825078982,False,0,130,11,11,18.771428571428572,26.892857142857146,1,333,82.30000000000001,11,81.60714285714286,0.5576785714285715,217.5595238095238,2.265625,0.3644880952380952
c37_24,-15.5,26.7,Zambia,2020-11-29,2020-12-21,2021-02-28,0.5672531760907679,Orange,1.2210498226321116,False,0,132,11,11,19.05,26.7,0,333,87.1,11,82.22916666666667,0.5369345238095237,218.83333333333334,2.251696428571429,0.4373511904761904
c37_25,-15.5,26.9,Zambia,2020-12-01,2020-12-21,2021-02-28,0.5974337566738573,Orange,1.237148649948776,False,0,135,12,12,19.099999999999998,26.8,0,333,80.0,9,82.63392857142857,0.5246130952380952,219.6845238095238,2.258779761904762,0.44141369047619045
c37_26,-15.5,27.1,Zambia,2020-12-01,2020-12-21,2021-02-28,0.6057292613173082,Orange,1.2415895904110383,False,0,137,12,12,19.214285714285715,26.678571428571434,0,333,83.7,11,82.74404761904762,0.5198214285714284,218.81845238095238,2.207559523809524,0.4452708333333333
c37_27,-15.5,27.3,Zambia,2020-12-01,2020-12-21,2021-02-28,0.6015019602533647,Orange,1.250160301118284,False,0,142,12,12,18.928571428571427,26.542857142857144,0,333,94.19999999999999,11,83.30059523809524,0.5022619047619048,218.09821428571428,2.1627976190476192,0.4476220238095238
c37_28,-15.5,27.5,Zambia,2020-11-29,2020-12-21,2021-02-28,0.5984322306843134,Orange,1.2453453009443651,False,0,136,12,12,19.157142857142862,26.592857142857138,0,333,85.69999999999999,11,82.95833333333333,0.5154464285714285,216.26190476190476,2.153541666666667,0.4417648809523809
c37_29,-15.5,27.7,Zambia,2020-11-29,2020-12-21,2021-02-28,0.605449103567152,Orange,1.2659328526869116,False,0,140,12,12,19.150000000000002,26.492857142857144,0,332,82.99999999999999,12,83.125,0.5112797619047619,212.23511904761904,2.0793749999999998,0.44033630952380953
c37_30,-15.5,27.9,Zambia,2020-11-30,2020-12-21,2021-02-28,0.6142435359548263,Orange,1.212728991999141,False,0,142,13,13,19.014285714285712,26.235714285714288,0,336,79.2,11,83.04166666666667,0.5008928571428571,209.5625,2.2434226190476187,0.4492857142857143
c37_31,-15.5,28.1,Zambia,2020-11-29,2020-12-21,2021-02-28,0.6105149408802742,Orange,1.6663039627002827,False,0,135,13,13,18.678571428571427,25.321428571428573,0,336,91.3,12,83.5,0.46300595238095243,209.0327380952381,2.6704464285714287,0.4528839285714285
c37_32,-15.5,28.3,Zambia,2020-11-30,2020-12-21,2021-02-28,0.6385725067627783,Orange,1.770457737548493,False,0,154,13,13,17.92142857142857,24.37857142857143,0,333,98.19999999999999,12,84.67559523809524,0.4136011904761905,201.92857142857142,2.8940476190476194,0.4689583333333333
c37_33,-15.5,28.5,Zambia,2020-11-29,2020-12-21,2021-02-28,0.52666340036156,Orange,1.746588849885784,False,0,159,11,11,18.099999999999998,24.435714285714287,0,333,91.4,12,84.81845238095238,0.4132440476190476,197.4077380952381,2.8170238095238096,0.3720863095238095
c37_34,-15.5,28.7,Zambia,2020-11-30,2020-12-21,2021-02-28,0.582852031597098,Orange,1.3876172214355662,False,0,155,11,11,18.564285714285713,25.45714285714286,0,332,100.6,11,84.79166666666667,0.437172619047619,197.39285714285714,2.3822023809523807,0.4595952380952381
c37_35,-15.5,28.9,Zambia,2020-11-29,2020-12-21,2021-02-28,0.5347079506484244,Orange,1.4118046564708515,False,0,168,13,13,18.621428571428574,25.714285714285715,0,335,92.5,12,85.31845238095238,0.42809523809523803,190.32440476190476,1.9435714285714285,0.35733333333333334
c37_36,-15.5,29.1,Zambia,2020-11-30,2020-12-21,2021-02-28,0.5601717267761989,Orange,1.7832102069412448,False,0,178,14,14,18.242857142857144,25.371428571428574,0,335,108.9,13,86.59821428571429,0.3824107142857143,187.76488095238096,2.164732142857143,0.37479464285714287
c37_37,-15.5,29.3,Zambia,2020-11-30,2020-12-21,2021-02-28,0.4945186828095117,Yellow,2.091941930495237,False,0,179,12,12,18.349999999999998,25.07857142857143,0,336,146.8,12,87.31845238095238,0.36589285714285713,186.5297619047619,2.346220238095238,0.39363690476190477
c37_38,-15.5,29.5,Zambia,2020-11-30,2020-12-21,2021-02-28,0.46519224768362494,Yellow,1.365060002586767,False,0,125,10,10,21.364285714285717,26.900000000000002,1,322,144.2,12,83.25297619047619,0.5385416666666666,187.83333333333334,1.812261904761905,0.3989732142857143
c37_39,-15.5,29.7,Zambia,2020-12-01,2020-12-21,2021-02-28,0.4360036986961337,Yellow,1.3183487505110765,False,0,115,9,9,21.107142857142858,27.27857142857143,2,323,111.0,12,82.24404761904762,0.5730059523809523,189.2470238095238,1.5313690476190476,0.36895833333333333
c37_40,-15.5,29.9,Zambia,2020-11-30,2020-12-21,2021-02-28,0.4850761120485473,Yellow,1.3873646043963888,False,0,144,12,12,20.478571428571428,26.849999999999998,1,327,111.1,11,84.60714285714286,0.48672619047619053,187.4672619047619,1.730625,0.34380357142857143
c37_41,-15.5,30.1,Zambia,2020-11-30,2020-12-21,2021-02-28,0.5973293212926823,Orange,1.4399993990763653,False,0,150,12,12,21.485714285714288,27.72857142857143,3,321,116.30000000000001,11,85.22916666666667,0.49291666666666667,189.82738095238096,2.090535714285714,0.4644940476190476
c37_42,-15.5,30.3,Zambia,2020-12-01,2020-12-21,2021-02-28,0.4591835948855836,Yellow,1.5762853149022371,False,0,114,9,9,22.75714285714286,29.114285714285717,4,305,134.79999999999998,11,83.12202380952381,0.6043452380952381,194.69940476190476,1.750535714285714,0.36480357142857145
c37_63,-15.5,34.5,Malawi,2020-11-29,2020-12-21,2021-02-28,0.5425014315929128,Orange,1.2218165363002418,False,0,109,8,8,20.864285714285717,27.478571428571424,1,324,73.7,11,80.89285714285714,0.6125892857142856,214.16666666666666,2.551845238095238,0.45862202380952377
c37_64,-15.5,34.7,Malawi,2020-11-30,2020-12-21,2021-02-28,0.5147517827763453,Orange,1.5770462494712068,False,0,114,9,9,22.064285714285717,29.692857142857147,4,301,106.50000000000001,11,81.33035714285714,0.680595238095238,219.4345238095238,1.5498511904761905,0.35255654761904764
c37_65,-15.5,34.9,Malawi,2020-12-01,2020-12-21,2021-02-28,0.4738509688179591,Yellow,1.5845643240582694,False,0,105,8,8,22.542857142857144,29.97857142857143,5,300,81.29999999999998,10,80.93154761904762,0.69875,225.72321428571428,2.1878571428571427,0.3060922619047619
c37_66,-15.5,35.1,Malawi,2020-11-30,2020-12-21,2021-02-28,0.5591789406778742,Orange,1.3182076340998525,False,0,117,11,11,21.114285714285717,27.7,0,332,69.7,11,83.32738095238095,0.5338988095238095,230.56845238095238,2.099880952380952,0.3688095238095238
c37_67,-15.5,35.3,Malawi,2020-11-30,2020-12-21,2021-02-28,0.5377859152866394,Orange,1.2828315108867379,False,0,124,10,10,20.264285714285712,26.892857142857142,0,336,75.30000000000001,12,83.54761904761905,0.5041666666666667,232.04464285714286,2.274642857142857,0.37488988095238096
c37_68,-15.5,35.5,Malawi,2020-12-01,2020-12-21,2021-02-28,0.7350968367172123,Orange,1.3770776236187694,False,0,161,14,14,20.757142857142856,28.742857142857137,2,325,81.7,12,85.0,0.5174404761904763,241.26785714285714,1.5244940476190476,0.4686815476190476
c37_69,-15.5,35.7,Malawi,2020-11-30,2020-12-21,2021-02-28,0.40293104541132535,Yellow,1.3924944338062701,False,0,103,9,9,22.250000000000004,27.835714285714285,0,335,82.50000000000001,13,83.48809523809524,0.5448809523809524,236.1875,2.850982142857143,0.25861607142857146
c38_1,-15.7,22.1,Zambia,2020-11-10,2020-12-21,2021-02-28,0.427778404350508,Yellow,1.146099477217439,False,0,126,10,10,18.442857142857143,26.535714285714285,0,328,81.69999999999999,11,81.03869047619048,0.5668154761904761,226.93154761904762,2.5338095238095235,0.2723541666666667
c38_2,-15.7,22.3,Zambia,2020-11-12,2020-12-21,2021-02-28,0.434055074881802,Yellow,1.149645859452724,False,0,128,11,10,18.50714285714286,26.571428571428573,1,326,86.80000000000001,11,80.86904761904762,0.5717261904761904,228.27380952380952,2.5385119047619047,0.2661636904761905
c38_3,-15.7,22.5,Zambia,2020-11-14,2020-12-21,2021-02-28,0.4516200639484353,Yellow,1.1505885864484824,False,0,134,11,11,18.49285714285714,26.514285714285712,0,326,90.0,11,80.91666666666667,0.5695238095238094,229.8452380952381,2.4873809523809522,0.26687797619047615
c38_4,-15.7,22.7,Zambia,2020-11-18,2020-12-21,2021-02-28,0.40717756514323644,Yellow,1.120835874124279,False,0,136,10,10,18.392857142857142,26.099999999999998,0,328,113.2,11,81.49702380952381,0.5424702380952381,230.9047619047619,2.660684523809524,0.2635654761904762
c38_5,-15.7,22.9,Zambia,2020-12-11,2020-12-21,2021-02-28,0.388569828865581,Yellow,1.129549452572135,False,0,125,10,10,18.650000000000002,26.71428571428572,1,332,95.60000000000002,10,79.78869047619048,0.6088988095238095,231.51488095238096,2.5139583333333335,0.2718988095238095
c38_6,-15.7,23.1,Zambia,2020-12-06,2020-12-21,2021-02-28,0.478254662792172,Yellow,1.1237618422682587,False,0,121,9,9,18.964285714285715,27.207142857142856,1,329,82.7,10,79.36904761904762,0.6310714285714286,229.89285714285714,2.3929761904761904,0.3827291666666667
c38_7,-15.7,23.3,Zambia,2020-12-10,2020-12-21,2021-02-28,0.3559239693511078,Yellow,1.0930034974543439,False,0,111,9,9,18.599999999999998,27.014285714285712,1,329,99.2,10,79.33035714285714,0.6299404761904762,228.97321428571428,2.442738095238095,0.2695982142857143
c38_8,-15.7,23.5,Zambia,2020-12-10,2020-12-21,2021-02-28,0.37069193236304626,Yellow,1.1203044836632996,False,0,115,10,10,18.77857142857143,26.914285714285718,1,332,77.6,9,78.66964285714286,0.649970238095238,227.3452380952381,2.4411309523809526,0.2556577380952381
c38_9,-15.7,23.7,Zambia,2020-11-12,2020-12-21,2021-02-28,0.3549091240696485,Yellow,1.1500777983177273,False,0,118,10,10,18.685714285714287,27.157142857142855,1,332,93.6,9,79.03571428571429,0.6441071428571429,226.6875,2.3466666666666667,0.25852380952380954
c38_10,-15.7,23.9,Zambia,2020-12-10,2020-12-21,2021-02-28,0.38664033123107455,Yellow,1.1730769308116311,False,0,129,11,11,18.485714285714288,26.707142857142856,0,330,120.89999999999999,10,79.61607142857143,0.6173511904761905,226.0,2.322886904761905,0.276797619047619
c38_11,-15.7,24.1,Zambia,2020-11-14,2020-12-21,2021-02-28,0.46198228478575404,Yellow,1.1315383257420506,False,0,124,10,10,18.54285714285714,26.685714285714283,0,333,100.60000000000001,9,79.45833333333333,0.6172321428571429,224.69642857142858,2.4178869047619047,0.38566666666666666
c38_12,-15.7,24.3,Zambia,2020-12-10,2020-12-21,2021-02-28,0.4628897953616873,Yellow,1.1172609054360803,False,0,117,10,10,18.62142857142857,26.985714285714284,0,332,95.1,10,78.69345238095238,0.644077380952381,222.19345238095238,2.400535714285714,0.3941220238095238
c38_13,-15.7,24.5,Zambia,2020-11-12,2020-12-21,2021-02-28,0.462852292355573,Yellow,1.1246694493155727,False,0,114,10,10,18.435714285714287,26.75714285714286,0,331,98.2,10,78.58333333333333,0.6427976190476191,223.0,2.382261904761905,0.3915654761904762
c38_14,-15.7,24.7,Zambia,2020-11-28,2020-12-21,2021-02-28,0.47642139367866215,Yellow,1.110482193562581,False,0,118,10,10,18.321428571428573,26.564285714285713,0,334,81.0,10,79.15178571428571,0.6119642857142857,225.23214285714286,2.4611607142857146,0.3833541666666666
c38_15,-15.7,24.9,Zambia,2020-11-27,2020-12-21,2021-02-28,0.4829334505456457,Yellow,1.1681644723707008,False,0,126,11,11,18.185714285714287,26.714285714285715,0,334,98.30000000000001,10,79.89285714285714,0.5945535714285715,223.16369047619048,2.33875,0.3879345238095238
c38_16,-15.7,25.1,Zambia,2020-12-04,2020-12-21,2021-02-28,0.5003518950795097,Orange,1.1108875646391625,False,0,119,11,11,18.307142857142853,26.414285714285718,0,334,82.5,11,79.43452380952381,0.5990773809523811,222.94345238095238,2.503422619047619,0.3881607142857143
c38_17,-15.7,25.3,Zambia,2020-11-27,2020-12-21,2021-02-28,0.48525494825619464,Yellow,1.1114180685980792,False,0,120,10,10,18.100000000000005,26.107142857142858,0,334,87.3,10,80.30654761904762,0.5622321428571428,227.08035714285714,2.6196428571428574,0.3821607142857143
c38_18,-15.7,25.5,Zambia,2020-11-29,2020-12-21,2021-02-28,0.5032533307302713,Orange,1.3216491449417755,False,0,112,10,10,18.235714285714288,25.421428571428574,0,336,80.2,11,81.77678571428571,0.5086309523809524,226.56845238095238,2.684761904761905,0.3791428571428571
c38_19,-15.7,25.7,Zambia,2020-12-02,2020-12-21,2021-02-28,0.49633759209929834,Yellow,1.1209938584579642,False,0,114,10,10,18.264285714285716,25.864285714285717,0,336,74.5,10,81.98511904761905,0.5169642857142857,225.42559523809524,2.4993749999999997,0.372
c38_20,-15.7,25.9,Zambia,2020-12-01,2020-12-21,2021-02-28,0.4144890422142645,Yellow,1.1222375871007177,False,0,75,7,7,19.657142857142862,25.807142857142857,0,336,64.6,10,79.79761904761905,0.5828869047619049,227.83333333333334,2.8337797619047618,0.35644345238095243
c38_21,-15.7,26.1,Zambia,2020-12-01,2020-12-21,2021-02-28,0.5290709233260162,Orange,1.1392566272573852,False,0,119,11,11,19.157142857142855,26.45,0,334,62.6,9,81.93452380952381,0.5385714285714285,227.04166666666666,2.4807738095238094,0.36094940476190474
c38_22,-15.7,26.3,Zambia,2020-12-01,2020-12-21,2021-02-28,0.5122144615460583,Orange,1.1653686399176197,False,0,123,11,11,19.057142857142857,26.63571428571429,0,335,67.60000000000001,9,82.17857142857143,0.5334821428571429,222.64285714285714,2.382529761904762,0.3609017857142857
c38_23,-15.7,26.5,Zambia,2020-12-01,2020-12-21,2021-02-28,0.5625517669606476,Orange,1.1694226504841623,False,0,124,11,11,19.078571428571426,26.549999999999994,0,336,69.5,9,82.30357142857143,0.5286904761904762,220.41666666666666,2.4089285714285715,0.4284494047619048
c38_24,-15.7,26.7,Zambia,2020-12-01,2020-12-21,2021-02-28,0.575208011817282,Orange,1.2221801770528407,False,0,132,11,11,19.13571428571429,26.521428571428565,0,336,78.2,11,82.68154761904762,0.5167559523809524,220.11309523809524,2.311785714285714,0.4379791666666667
c38_25,-15.7,26.9,Zambia,2020-12-01,2020-12-21,2021-02-28,0.6077656417208627,Orange,1.267183725184659,False,0,136,12,12,19.207142857142856,26.53571428571429,0,336,78.0,11,83.27380952380952,0.5001785714285715,221.625,2.282767857142857,0.44272321428571426
c38_26,-15.7,27.1,Zambia,2020-12-01,2020-12-21,2021-02-28,0.6128271486274708,Orange,1.2654073578263527,False,0,136,12,12,19.37857142857143,26.378571428571426,0,336,77.3,11,83.21428571428571,0.5015178571428572,220.89285714285714,2.2556249999999998,0.44377083333333334
c38_27,-15.7,27.3,Zambia,2020-12-01,2020-12-21,2021-02-28,0.5929847042009383,Orange,1.220776714396199,False,0,130,11,11,19.32857142857143,26.221428571428568,0,336,81.8,12,83.30059523809524,0.4936607142857143,218.32738095238096,2.312380952380952,0.4522142857142858
c38_28,-15.7,27.5,Zambia,2020-11-29,2020-12-21,2021-02-28,0.6411291754720703,Orange,1.30311836019787,False,0,147,13,13,18.82857142857143,26.442857142857143,0,334,86.7,12,84.27083333333333,0.46952380952380957,215.16369047619048,2.1745535714285715,0.460610119047619
c38_29,-15.7,27.7,Zambia,2020-11-29,2020-12-21,2021-02-28,0.622300145356069,Orange,1.285256797853336,False,0,145,13,13,19.099999999999998,26.27857142857143,0,335,96.0,11,84.26190476190476,0.47044642857142854,209.3452380952381,2.1138690476190476,0.4629374999999999
c38_30,-15.7,27.9,Zambia,2020-11-30,2020-12-21,2021-02-28,0.6281768136918672,Orange,1.3049944365710358,False,0,145,13,13,19.478571428571428,26.342857142857138,0,334,87.7,11,84.1577380952381,0.4741369047619048,209.38095238095238,2.0486309523809525,0.4498630952380952
c38_31,-15.7,28.1,Zambia,2020-11-30,2020-12-21,2021-02-28,0.6293978736947458,Orange,1.2874548009546214,False,0,145,13,13,19.185714285714283,26.192857142857143,0,334,99.1,12,84.0952380952381,0.47285714285714286,208.14285714285714,1.9974999999999998,0.46661011904761907
c38_32,-15.7,28.3,Zambia,2020-11-29,2020-12-21,2021-02-28,0.6156699857130553,Orange,1.7113777746265089,False,0,165,12,12,18.650000000000002,25.314285714285713,0,336,104.70000000000002,13,84.9077380952381,0.4282142857142857,197.49404761904762,2.387232142857143,0.4834077380952381
c38_33,-15.7,28.5,Zambia,2020-11-29,2020-12-21,2021-02-28,0.5175274703695507,Orange,1.7847685956423147,False,0,161,11,11,18.11428571428571,24.964285714285715,0,329,131.39999999999998,13,85.00892857142857,0.41925595238095237,191.08928571428572,1.988363095238095,0.3981607142857143
c38_34,-15.7,28.7,Zambia,2020-11-29,2020-12-21,2021-02-28,0.504963441987123,Orange,1.3169527555720717,False,0,160,11,11,19.499999999999996,25.68571428571428,0,334,116.6,13,84.53869047619048,0.45285714285714285,192.55059523809524,2.1534821428571425,0.3911369047619048
c38_35,-15.7,28.9,Zambia,2020-11-29,2020-12-21,2021-02-28,0.5441367398504366,Orange,2.172391169407511,False,0,191,13,13,18.692857142857143,24.821428571428573,0,336,154.5,13,87.23511904761905,0.3674404761904762,193.5297619047619,1.8974999999999997,0.39345833333333335
c38_36,-15.7,29.1,Zambia,2020-11-30,2020-12-21,2021-02-28,0.42404178217429894,Yellow,1.7535472843327156,False,0,164,10,10,18.857142857142858,25.235714285714288,0,334,197.20000000000002,13,85.35714285714286,0.4239583333333333,195.0625,1.7358928571428571,0.40101488095238097
c38_37,-15.7,29.3,Zambia,2020-11-30,2020-12-21,2021-02-28,0.39939577209277755,Yellow,1.544149904935345,False,0,120,9,9,22.764285714285712,28.92142857142857,4,311,103.0,12,83.47321428571429,0.5889880952380953,199.91666666666666,1.520892857142857,0.24812797619047616
c38_63,-15.7,34.5,Malawi,2020-11-29,2020-12-21,2021-02-28,0.5740562505772318,Orange,1.5652504575863688,False,0,100,8,8,22.02857142857143,28.742857142857137,3,311,83.39999999999999,12,80.87797619047619,0.6636607142857143,222.23809523809524,2.0189285714285714,0.4476398809523809
c38_64,-15.7,34.7,Malawi,2020-11-30,2020-12-21,2021-02-28,0.629246503746799,Orange,1.617184255033493,False,0,86,10,10,23.428571428571434,31.778571428571436,10,242,63.89999999999999,10,77.01488095238095,0.9404166666666667,225.73511904761904,2.089315476190476,0.25742261904761904
c38_65,-15.7,34.9,Malawi,2020-11-30,2020-12-21,2021-02-28,0.4488722868411251,Yellow,1.2704331206634172,False,0,110,8,8,21.39285714285714,27.79285714285714,1,327,109.6,11,83.33630952380952,0.5439880952380952,219.46130952380952,2.184255952380952,0.37125
c38_66,-15.7,35.1,Malawi,2020-11-30,2020-12-21,2021-02-28,0.7257831465691665,Orange,1.2568201160934613,False,0,169,14,14,19.45,25.821428571428573,0,336,60.4,12,86.17559523809524,0.40651785714285726,227.38690476190476,2.653482142857143,0.4571011904761904
c38_67,-15.7,35.3,Malawi,2020-11-30,2020-12-21,2021-02-28,0.6466439298373778,Orange,1.2723990079605296,False,0,135,13,13,20.37857142857143,27.47142857142857,0,334,74.2,12,82.98809523809524,0.541875,230.55357142857142,2.3213392857142856,0.44423214285714285
c38_68,-15.7,35.5,Malawi,2020-11-30,2020-12-21,2021-02-28,0.5809326125623824,Orange,1.3565786370670947,False,0,99,10,10,21.300000000000004,28.921428571428574,3,318,65.30000000000001,13,80.44047619047619,0.6672321428571429,220.67261904761904,1.4610119047619048,0.4255952380952381
c38_69,-15.7,35.7,Malawi,2020-11-30,2020-12-21,2021-02-28,0.5977180897501194,Orange,1.3519045386312913,False,0,123,10,10,20.99285714285714,27.978571428571424,1,333,71.3,11,83.17261904761905,0.5448214285714286,222.31845238095238,1.549315476190476,0.45858035714285716
c39_1,-15.9,22.1,Zambia,2020-11-14,2020-12-21,2021-02-28,0.44304027959809966,Yellow,1.1376589400305854,False,0,136,11,11,18.428571428571427,26.2,0,326,97.7,11,81.95833333333333,0.5285416666666667,221.64880952380952,2.662172619047619,0.2722529761904762
c39_2,-15.9,22.3,Zambia,2020-11-14,2020-12-21,2021-02-28,0.545629531418562,Orange,1.1498265649454344,False,0,132,11,11,18.50714285714286,25.97142857142857,0,328,89.69999999999999,11,82.22321428571429,0.5165178571428571,224.72619047619048,2.7284821428571426,0.37932440476190477
c39_3,-15.9,22.5,Zambia,2020-11-14,2020-12-21,2021-02-28,0.4522172975281491,Yellow,1.133610424858322,False,0,143,11,11,18.471428571428568,26.14285714285714,0,328,90.19999999999999,11,82.00297619047619,0.5278869047619048,226.50892857142858,2.6772916666666666,0.2648988095238095
c39_4,-15.9,22.7,Zambia,2020-12-11,2020-12-21,2021-02-28,0.40117845436587757,Yellow,1.1531831152524974,False,0,134,11,11,18.77142857142857,26.550000000000004,1,330,105.9,10,80.51190476190476,0.5898809523809524,225.75892857142858,2.5092857142857143,0.26528869047619047
c39_5,-15.9,22.9,Zambia,2020-11-26,2020-12-21,2021-02-28,0.3787840437629895,Yellow,1.1393876755610777,False,0,130,10,10,18.821428571428573,26.892857142857142,1,331,96.9,10,80.07738095238095,0.6033333333333334,227.79761904761904,2.5195535714285713,0.26108333333333333
c39_6,-15.9,23.1,Zambia,2020-12-10,2020-12-21,2021-02-28,0.36054959995772257,Yellow,1.1234068023890027,False,0,121,9,9,19.107142857142858,26.985714285714288,1,331,85.6,11,79.83630952380952,0.6176488095238096,226.76785714285714,2.400952380952381,0.2493571428571429
c39_7,-15.9,23.3,Zambia,2020-12-10,2020-12-21,2021-02-28,0.3672829092422101,Yellow,1.0970540230829295,False,0,111,9,9,18.785714285714285,27.064285714285713,1,329,95.39999999999999,11,79.76785714285714,0.6155952380952382,228.69642857142858,2.4080059523809525,0.2706666666666667
c39_8,-15.9,23.5,Zambia,2020-11-14,2020-12-21,2021-02-28,0.3812729584501683,Yellow,1.1327936742124816,False,0,121,11,11,18.585714285714285,27.107142857142858,1,330,107.80000000000001,11,79.68154761904762,0.6229464285714286,227.3452380952381,2.392142857142857,0.26621130952380956
c39_9,-15.9,23.7,Zambia,2020-12-10,2020-12-21,2021-02-28,0.35583427303685267,Yellow,1.1383333602637744,False,0,119,10,10,18.7,26.992857142857144,1,329,114.2,10,79.2202380952381,0.6361607142857143,224.33928571428572,2.338422619047619,0.2694583333333333
c39_10,-15.9,23.9,Zambia,2020-12-10,2020-12-21,2021-02-28,0.31001061140501696,Yellow,1.144384544247128,False,0,122,9,9,18.65,26.75,0,331,148.8,10,79.58928571428571,0.6228869047619048,225.73809523809524,2.3055952380952385,0.26922619047619045
c39_11,-15.9,24.1,Zambia,2020-12-09,2020-12-21,2021-02-28,0.48086461440721384,Yellow,1.177283258558204,False,0,122,10,10,18.542857142857144,26.814285714285713,0,330,96.7,10,79.5297619047619,0.6219940476190476,224.93154761904762,2.2611011904761904,0.3859613095238095
c39_12,-15.9,24.3,Zambia,2020-11-13,2020-12-21,2021-02-28,0.44791002370636035,Yellow,1.1104296719022748,False,0,116,10,10,18.657142857142855,26.878571428571433,0,330,108.30000000000001,10,78.77083333333333,0.6410714285714285,218.29761904761904,2.390327380952381,0.3905833333333333
c39_13,-15.9,24.5,Zambia,2020-12-03,2020-12-21,2021-02-28,0.46015427230554024,Yellow,1.1046604850591275,False,0,115,10,10,18.614285714285717,26.728571428571424,0,331,96.8,11,78.72916666666667,0.639404761904762,218.51488095238096,2.4223809523809527,0.3898928571428571
c39_14,-15.9,24.7,Zambia,2020-11-14,2020-12-21,2021-02-28,0.4676372969936629,Yellow,1.1053525508598883,False,0,113,10,10,18.58571428571429,26.514285714285712,0,332,92.8,10,79.04166666666667,0.62375,220.04166666666666,2.4373214285714284,0.3915
c39_15,-15.9,24.9,Zambia,2020-11-14,2020-12-21,2021-02-28,0.4483941912107153,Yellow,1.1052464184036557,False,0,121,11,11,18.292857142857144,26.257142857142856,0,336,113.70000000000002,10,79.60714285714286,0.5951785714285714,217.41369047619048,2.5019940476190476,0.3881636904761905
c39_16,-15.9,25.1,Zambia,2020-12-02,2020-12-21,2021-02-28,0.44395908947475,Yellow,1.1049911417460612,False,0,125,10,10,18.171428571428574,26.021428571428572,0,335,106.19999999999999,10,80.19047619047619,0.5680654761904762,216.81845238095238,2.5538988095238095,0.38021130952380955
c39_17,-15.9,25.3,Zambia,2020-12-01,2020-12-21,2021-02-28,0.47514687330265665,Yellow,1.2559179014634392,False,0,120,10,10,18.057142857142857,25.45,0,334,89.8,11,81.6875,0.51,224.0625,2.808839285714286,0.3562261904761905
c39_18,-15.9,25.5,Zambia,2020-11-24,2020-12-21,2021-02-28,0.5191051944235039,Orange,1.1198374762956558,False,0,117,11,11,18.285714285714285,25.778571428571432,0,336,70.4,10,80.9047619047619,0.5466666666666666,227.27380952380952,2.595863095238095,0.37353869047619054
c39_19,-15.9,25.7,Zambia,2020-11-29,2020-12-21,2021-02-28,0.5425207156980579,Orange,1.149969758024358,False,0,123,11,11,18.464285714285715,26.064285714285713,0,334,60.7,9,82.07142857142857,0.5238690476190475,229.23809523809524,2.423660714285714,0.3639047619047619
c39_20,-15.9,25.9,Zambia,2020-11-29,2020-12-21,2021-02-28,0.5864464904160777,Orange,1.1134001468899806,False,0,103,10,10,19.321428571428577,25.97142857142857,0,336,58.800000000000004,10,80.375,0.5741369047619048,230.47619047619048,2.6547619047619047,0.45896130952380954
c39_21,-15.9,26.1,Zambia,2020-12-01,2020-12-21,2021-02-28,0.5265138173693108,Orange,1.1834665475737878,False,0,129,11,11,18.685714285714283,26.428571428571427,0,336,63.7,11,82.4672619047619,0.5208333333333333,222.02083333333334,2.410863095238095,0.36725
c39_22,-15.9,26.3,Zambia,2020-12-01,2020-12-21,2021-02-28,0.5020369495751398,Orange,1.1283072086689543,False,0,115,11,11,19.057142857142853,26.42142857142857,0,336,64.30000000000001,10,81.50297619047619,0.5414583333333334,219.15178571428572,2.603690476190476,0.3646934523809524
c39_23,-15.9,26.5,Zambia,2020-11-29,2020-12-21,2021-02-28,0.5870618832251848,Orange,1.1539070796455124,False,0,128,11,11,18.72857142857143,26.314285714285717,0,336,69.39999999999999,10,82.72619047619048,0.5082440476190475,217.23809523809524,2.4612797619047617,0.4554166666666667
c39_24,-15.9,26.7,Zambia,2020-11-29,2020-12-21,2021-02-28,0.6012137166683476,Orange,1.1645029728495198,False,0,135,12,12,18.764285714285712,26.214285714285715,0,336,79.7,11,83.06845238095238,0.4997916666666667,214.53869047619048,2.3835119047619044,0.4558720238095238
c39_25,-15.9,26.9,Zambia,2020-11-29,2020-12-21,2021-02-28,0.5309264299882522,Orange,1.1837775201795155,False,0,128,12,12,19.042857142857144,26.321428571428577,0,336,76.39999999999999,11,82.9047619047619,0.5055059523809524,217.26488095238096,2.331577380952381,0.36608035714285714
c39_26,-15.9,27.1,Zambia,2020-12-01,2020-12-21,2021-02-28,0.5978100425549733,Orange,1.238367219807422,False,0,130,11,11,19.128571428571426,26.185714285714287,0,336,75.6,12,83.38988095238095,0.4910416666666667,217.78571428571428,2.237172619047619,0.4504047619047619
c39_27,-15.9,27.3,Zambia,2020-12-01,2020-12-21,2021-02-28,0.5962148767425124,Orange,1.2628998731940444,False,0,143,11,11,18.914285714285715,26.064285714285713,0,336,81.3,12,84.09821428571429,0.4663988095238095,215.8095238095238,2.228809523809524,0.4450744047619048
c39_28,-15.9,27.5,Zambia,2020-12-01,2020-12-21,2021-02-28,0.6503321234765074,Orange,1.267134259466799,False,0,158,13,13,18.757142857142856,26.164285714285715,0,336,77.10000000000001,11,84.69345238095238,0.45050595238095237,215.71428571428572,2.1995238095238094,0.453702380952381
c39_29,-15.9,27.7,Zambia,2020-12-01,2020-12-21,2021-02-28,0.637214019782633,Orange,1.276743384749743,False,0,139,11,11,18.592857142857138,26.0,0,334,68.7,12,83.96130952380952,0.4650297619047619,217.48809523809524,2.2301488095238096,0.47162797619047614
c39_30,-15.9,27.9,Zambia,2020-11-30,2020-12-21,2021-02-28,0.639383337409482,Orange,1.722341710898297,False,0,143,11,11,18.37857142857143,25.228571428571428,0,333,74.8,12,85.11904761904762,0.415625,217.10119047619048,2.5088988095238096,0.45756547619047616
c39_31,-15.9,28.1,Zambia,2020-11-30,2020-12-21,2021-02-28,0.6106022559703652,Orange,1.4025069192306738,False,0,153,11,11,18.414285714285715,25.478571428571424,0,336,88.2,11,85.25595238095238,0.4186904761904762,214.54761904761904,2.293422619047619,0.4548333333333333
c39_32,-15.9,28.3,Zambia,2020-11-30,2020-12-21,2021-02-28,0.5604714491142255,Orange,1.2739435314783727,False,0,164,12,12,18.73571428571429,25.550000000000004,0,334,94.60000000000001,12,85.44940476190476,0.4165178571428571,204.60119047619048,2.379404761904762,0.3816666666666666
c39_33,-15.9,28.5,Zambia,2020-11-29,2020-12-21,2021-02-28,0.5067238112324751,Orange,1.411568835958828,False,0,170,12,12,20.078571428571426,26.471428571428564,1,329,169.3,13,85.35416666666667,0.45776785714285717,201.15178571428572,1.893184523809524,0.3968005952380953
c39_34,-15.9,28.7,Zambia,2020-11-30,2020-12-21,2021-02-28,0.5207311651356745,Orange,1.5299111724967756,False,0,117,9,9,22.257142857142856,28.38571428571429,4,311,85.29999999999998,13,82.28571428571429,0.6164285714285714,203.69642857142858,1.4788690476190478,0.36127380952380955
c39_35,-15.9,28.9,Zambia,2020-11-30,2020-12-21,2021-02-28,0.5160254408657151,Orange,1.5806411375641822,False,0,98,10,10,23.264285714285712,29.6,5,292,80.80000000000001,10,80.43154761904762,0.7223214285714287,210.91369047619048,1.8116666666666668,0.2897202380952381
c39_62,-15.9,34.3,Malawi,2020-11-29,2020-12-21,2021-02-28,0.5108890864687177,Orange,1.5425698712887448,False,0,91,9,9,23.22857142857143,30.907142857142855,8,270,88.0,13,76.41071428571429,0.9191369047619049,227.86011904761904,2.601517857142857,0.27384523809523803
c39_63,-15.9,34.5,Malawi,2020-11-29,2020-12-21,2021-02-28,0.44419844970549166,Yellow,1.5423481028986705,False,0,96,8,8,22.45,29.67142857142857,4,298,87.39999999999999,11,78.94047619047619,0.7699999999999999,222.24107142857142,2.5592559523809526,0.2986726190476191
c39_64,-15.9,34.7,Malawi,2020-11-29,2020-12-21,2021-02-28,0.6617439776573654,Orange,1.5499171021051394,False,0,84,9,9,24.20714285714286,32.635714285714286,14,221,61.1,11,74.91666666666667,1.0625892857142856,230.21428571428572,2.424166666666667,0.26453869047619044
c39_65,-15.9,34.9,Malawi,2020-11-29,2020-12-21,2021-02-28,0.5457380006020486,Orange,1.5525705433036527,False,0,68,6,6,23.10714285714286,29.328571428571426,4,306,75.6,11,79.03571428571429,0.7559523809523809,230.75595238095238,2.1464285714285714,0.4557291666666667
c39_66,-15.9,35.1,Malawi,2020-11-30,2020-12-21,2021-02-28,0.6294705792046954,Orange,1.2914111928334941,False,0,144,11,11,19.542857142857144,25.571428571428566,0,336,79.7,12,85.08035714285714,0.43318452380952377,223.42559523809524,3.102589285714285,0.45863690476190466
c39_67,-15.9,35.3,Malawi,2020-11-30,2020-12-21,2021-02-28,0.5548587544401103,Orange,1.2886438549093908,False,0,107,10,10,21.385714285714283,28.657142857142855,3,319,59.5,11,80.58333333333333,0.6607738095238096,224.57142857142858,2.750714285714286,0.40399404761904767
c39_68,-15.9,35.5,Malawi,2020-11-28,2020-12-21,2021-02-28,0.5020597566382486,Orange,1.2721294810515387,False,0,79,6,6,20.49285714285714,26.692857142857147,0,336,61.300000000000004,12,81.75,0.5587202380952382,216.26488095238096,1.974702380952381,0.46958333333333335
c39_69,-15.9,35.7,Malawi,2020-11-28,2020-12-21,2021-02-28,0.9952817130214843,Red,2.3423333998943083,True,6,216,14,0,12.407142857142857,17.514285714285712,0,35,162.5,14,90.17857142857143,0.17854166666666665,214.18154761904762,1.2000892857142857,0.4079315476190476
c40_1,-16.1,22.1,Zambia,2020-11-16,2020-12-21,2021-02-28,0.517470138882081,Orange,1.1284874387270132,False,0,143,11,11,18.37142857142857,26.1,0,327,111.99999999999999,11,82.3125,0.5176785714285714,216.14583333333334,2.6581845238095236,0.38554166666666656
c40_2,-16.1,22.3,Zambia,2020-11-14,2020-12-21,2021-02-28,0.507721028278284,Orange,1.1293506863723592,False,0,129,11,11,18.6,26.192857142857143,0,330,99.89999999999999,11,81.36309523809524,0.5502083333333333,219.56845238095238,2.666845238095238,0.3819940476190477
c40_3,-16.1,22.5,Zambia,2020-11-18,2020-12-21,2021-02-28,0.4442684761472642,Yellow,1.1376117583189231,False,0,138,12,12,18.47142857142857,26.171428571428574,0,329,97.6,11,81.89583333333333,0.5304464285714285,223.96130952380952,2.692619047619048,0.2594196428571428
c40_4,-16.1,22.7,Zambia,2020-11-25,2020-12-21,2021-02-28,0.4811292110046347,Yellow,1.1371814865842391,False,0,131,11,11,18.821428571428573,26.63571428571429,0,333,112.0,11,80.84821428571429,0.5743452380952382,221.1845238095238,2.5542261904761907,0.38561011904761905
c40_5,-16.1,22.9,Zambia,2020-11-26,2020-12-21,2021-02-28,0.3779153143887004,Yellow,1.1403870371691014,False,0,129,10,10,18.65,26.95,1,330,98.99999999999999,11,80.08035714285714,0.6030952380952381,222.79166666666666,2.4484523809523813,0.2690982142857143
c40_6,-16.1,23.1,Zambia,2020-12-06,2020-12-21,2021-02-28,0.38248095352361833,Yellow,1.1360401950838313,False,0,125,10,10,18.885714285714283,27.057142857142853,1,329,88.4,11,79.63392857142857,0.6250297619047619,225.48511904761904,2.460654761904762,0.2568035714285714
c40_7,-16.1,23.3,Zambia,2020-12-10,2020-12-21,2021-02-28,0.4429537538873119,Yellow,1.1840114293431225,False,0,132,12,12,18.87142857142857,27.1,1,329,88.0,11,80.44345238095238,0.60125,228.16369047619048,2.3808630952380954,0.2668244047619047
c40_8,-16.1,23.5,Zambia,2020-11-13,2020-12-21,2021-02-28,0.4133644414161554,Yellow,1.1760140130858752,False,0,128,12,12,18.57857142857143,27.057142857142853,1,330,105.0,11,80.35119047619048,0.6026785714285714,226.75892857142858,2.3555059523809527,0.26845238095238094
c40_9,-16.1,23.7,Zambia,2020-11-14,2020-12-21,2021-02-28,0.4429973822088262,Yellow,1.1175421206787943,False,0,112,10,10,18.735714285714288,26.849999999999998,1,331,112.6,10,79.63392857142857,0.6200595238095238,221.5922619047619,2.3638690476190476,0.3866636904761904
c40_10,-16.1,23.9,Zambia,2020-11-13,2020-12-21,2021-02-28,0.42260565872638856,Yellow,1.093571408594721,False,0,120,9,9,18.578571428571426,26.621428571428577,1,330,119.80000000000001,10,79.74107142857143,0.6077380952380952,219.33630952380952,2.4405654761904763,0.3855982142857143
c40_11,-16.1,24.1,Zambia,2020-11-13,2020-12-21,2021-02-28,0.47163723679748265,Yellow,1.158839293275962,False,0,120,10,10,18.542857142857144,26.721428571428568,1,331,95.6,10,79.48214285714286,0.6246726190476191,220.63988095238096,2.249970238095238,0.3921964285714286
c40_12,-16.1,24.3,Zambia,2020-12-05,2020-12-21,2021-02-28,0.46142718307198505,Yellow,1.1318922862704914,False,0,119,10,10,18.614285714285717,26.799999999999994,1,330,105.8,10,79.29464285714286,0.6294940476190476,220.5654761904762,2.3139583333333333,0.3937619047619047
c40_13,-16.1,24.5,Zambia,2020-12-05,2020-12-21,2021-02-28,0.45264756974454373,Yellow,1.1369776113342898,False,0,122,10,10,18.664285714285715,26.764285714285712,1,332,108.9,11,79.53571428571429,0.6217261904761904,219.01488095238096,2.356160714285714,0.39322023809523804
c40_14,-16.1,24.7,Zambia,2020-11-29,2020-12-21,2021-02-28,0.4720479483313382,Yellow,1.1092636258791047,False,0,119,10,10,18.564285714285713,26.607142857142858,0,331,90.0,10,79.08333333333333,0.6236607142857142,217.55059523809524,2.484196428571429,0.3924345238095238
c40_15,-16.1,24.9,Zambia,2020-12-04,2020-12-21,2021-02-28,0.4655682582013203,Yellow,1.0990668558407248,False,0,114,10,10,18.41428571428571,26.614285714285717,0,331,95.0,11,79.20238095238095,0.6153571428571428,218.9077380952381,2.491220238095238,0.3903244047619048
c40_16,-16.1,25.1,Zambia,2020-12-03,2020-12-21,2021-02-28,0.4668397695956497,Yellow,1.117374559774107,False,0,119,10,10,18.064285714285717,25.97142857142857,0,334,84.10000000000001,10,80.89285714285714,0.5471428571428572,220.38988095238096,2.625416666666667,0.3652291666666667
c40_17,-16.1,25.3,Zambia,2020-11-12,2020-12-21,2021-02-28,0.5042723257603936,Orange,1.1396869187348684,False,0,120,10,10,17.97142857142857,25.650000000000002,0,334,68.7,10,80.98214285714286,0.5397023809523811,220.74107142857142,2.6722916666666667,0.3807380952380952
c40_18,-16.1,25.5,Zambia,2020-11-29,2020-12-21,2021-02-28,0.5075047410988524,Orange,1.1392759539312598,False,0,127,10,10,18.22857142857143,25.649999999999995,0,335,64.5,10,81.49702380952381,0.5290178571428571,217.19642857142858,2.715565476190476,0.3802172619047619
c40_19,-16.1,25.7,Zambia,2020-12-02,2020-12-21,2021-02-28,0.48923777455847356,Yellow,1.121820904386448,False,0,127,10,10,18.407142857142855,25.96428571428571,0,334,83.89999999999999,10,81.48809523809524,0.5361607142857143,215.5029761904762,2.491488095238095,0.3841428571428572
c40_20,-16.1,25.9,Zambia,2020-12-01,2020-12-21,2021-02-28,0.5867103214387918,Orange,1.1503476764038987,False,0,130,11,11,18.50714285714286,26.214285714285715,0,336,70.1,12,81.5952380952381,0.5420833333333333,213.52083333333334,2.3875892857142857,0.46599107142857144
c40_21,-16.1,26.1,Zambia,2020-12-01,2020-12-21,2021-02-28,0.5512894397263997,Orange,1.1078626232807833,False,0,116,10,10,18.835714285714285,26.285714285714285,0,336,63.400000000000006,12,81.65178571428571,0.5359226190476191,207.43154761904762,2.502113095238095,0.45892261904761905
c40_22,-16.1,26.3,Zambia,2020-11-29,2020-12-21,2021-02-28,0.5609174718104539,Orange,1.1274353567390765,False,0,116,10,10,18.542857142857144,25.94285714285714,0,335,67.80000000000001,11,82.54761904761905,0.5,208.0,2.582351190476191,0.4629077380952381
c40_23,-16.1,26.5,Zambia,2020-11-29,2020-12-21,2021-02-28,0.5417930155138718,Orange,1.1263993417320035,False,0,118,10,10,18.592857142857145,25.9,0,336,88.4,9,82.53869047619048,0.5008630952380952,211.85119047619048,2.5151488095238093,0.46531845238095243
c40_24,-16.1,26.7,Zambia,2020-12-01,2020-12-21,2021-02-28,0.563211890458453,Orange,1.5448677791950625,False,0,129,11,11,18.342857142857145,25.4,0,336,100.8,12,83.55952380952381,0.4629464285714286,204.88690476190476,2.4716369047619047,0.46750297619047626
c40_25,-16.1,26.9,Zambia,2020-12-01,2020-12-21,2021-02-28,0.6016018759523105,Orange,1.2834031552505971,False,0,141,12,12,18.521428571428572,25.564285714285713,0,336,93.6,12,83.63690476190476,0.46669642857142857,207.05059523809524,2.288422619047619,0.4653779761904763
c40_26,-16.1,27.1,Zambia,2020-12-01,2020-12-21,2021-02-28,0.5888384528225102,Orange,1.257967163710788,False,0,140,11,11,18.692857142857143,25.978571428571428,0,336,90.3,12,83.68452380952381,0.4795535714285714,209.91964285714286,2.123452380952381,0.4658065476190476
c40_27,-16.1,27.3,Zambia,2020-12-01,2020-12-21,2021-02-28,0.5687197550902005,Orange,1.2451661035869175,False,0,136,11,11,18.571428571428573,25.77857142857143,0,335,92.1,12,83.63392857142857,0.47116071428571427,204.6845238095238,2.242142857142857,0.453297619047619
c40_28,-16.1,27.5,Zambia,2020-12-01,2020-12-21,2021-02-28,0.5564406382268456,Orange,1.249101615958494,False,0,144,10,10,18.53571428571428,25.557142857142853,0,336,107.29999999999998,12,84.41071428571429,0.44053571428571425,206.625,2.4174107142857144,0.46826488095238095
c40_29,-16.1,27.7,Zambia,2020-12-01,2020-12-21,2021-02-28,0.6132947076947826,Orange,1.242841828878847,False,0,148,12,12,18.314285714285713,25.692857142857143,0,336,84.9,12,84.78571428571429,0.43276785714285704,213.70535714285714,2.401875,0.4468779761904762
c40_30,-16.1,27.9,Zambia,2020-12-01,2020-12-21,2021-02-28,0.6411981311989418,Orange,1.7730639732727274,False,0,148,11,11,18.1,24.67142857142857,0,335,72.9,12,85.06845238095238,0.40380952380952384,211.47619047619048,2.629077380952381,0.4691011904761905
c40_31,-16.1,28.1,Zambia,2020-11-30,2020-12-21,2021-02-28,0.5505234324370569,Orange,1.718958156489037,False,0,155,11,11,18.349999999999998,24.864285714285717,0,336,66.4,11,85.24404761904762,0.4080357142857143,207.72321428571428,2.478125,0.3584464285714286
c40_32,-16.1,28.3,Zambia,2020-11-30,2020-12-21,2021-02-28,0.542548050812139,Orange,1.293659034245106,False,0,162,11,11,18.792857142857144,25.771428571428572,0,333,85.9,13,85.11904761904762,0.4329761904761905,202.51785714285714,2.2733630952380954,0.3744315476190476
c40_33,-16.1,28.5,Zambia,2020-12-01,2020-12-21,2021-02-28,0.52609233989668,Orange,1.7979735663098209,False,0,177,11,11,18.935714285714287,24.964285714285715,0,336,120.69999999999999,12,86.25297619047619,0.3949404761904762,202.17559523809524,2.2813988095238096,0.38042261904761904
c40_34,-16.1,28.7,Zambia,2020-12-01,2020-12-21,2021-02-28,0.5338421650787951,Orange,1.5379537771593113,False,0,121,9,9,22.19285714285714,28.842857142857145,4,309,78.5,12,82.83630952380952,0.6029761904761904,205.53571428571428,1.612172619047619,0.36294345238095244
c40_63,-16.1,34.5,Malawi,2020-11-25,2020-12-21,2021-02-28,0.6149225101674111,Orange,1.5433599815612518,False,0,75,7,7,24.178571428571427,32.84285714285714,12,229,85.4,12,71.9077380952381,1.2056250000000002,227.63988095238096,2.645625,0.3620089285714286
c40_64,-16.1,34.7,Malawi,2020-11-30,2020-12-21,2021-02-28,0.5854065103162625,Orange,1.4916980036229042,True,1,69,7,7,24.74285714285714,33.97857142857142,14,201,68.6,12,70.19642857142857,1.3402380952380952,231.36607142857142,2.773154761904762,0.22098214285714285
c40_65,-16.1,34.9,Malawi,2020-11-30,2020-12-21,2021-02-28,0.7525281120871109,Red,1.5393992172087578,True,1,71,7,7,25.18571428571429,33.54285714285714,14,191,67.60000000000001,11,72.0,1.2451785714285715,236.69940476190476,2.198720238095238,0.33561011904761906
c40_66,-16.1,35.1,Malawi,2020-11-30,2020-12-21,2021-02-28,0.5577278933486028,Orange,1.1771787627185075,False,0,112,9,9,20.70714285714286,26.557142857142853,0,333,101.39999999999999,11,82.83333333333333,0.5389880952380952,223.26488095238096,2.552589285714286,0.4726517857142857
c40_67,-16.1,35.3,Malawi,2020-11-30,2020-12-21,2021-02-28,0.5265694040740272,Orange,1.319588036619264,False,0,89,8,8,21.32857142857143,28.935714285714287,3,310,70.4,11,79.55952380952381,0.7049404761904763,226.22916666666666,2.770208333333333,0.41334821428571433
c40_68,-16.1,35.5,Malawi,2020-11-30,2020-12-21,2021-02-28,0.5277575387838541,Orange,1.523884816457887,False,0,87,8,8,22.33571428571429,30.171428571428574,7,286,58.4,9,75.34821428571429,0.9132440476190476,228.5625,2.8019345238095235,0.3632976190476191
c41_1,-16.3,22.1,Zambia,2020-11-18,2020-12-21,2021-02-28,0.49434445862050574,Yellow,1.1211883365421296,False,0,138,11,11,18.442857142857143,26.342857142857145,0,331,114.7,11,81.98511904761905,0.5319047619047619,213.51785714285714,2.5962797619047615,0.3965505952380952
c41_2,-16.3,22.3,Zambia,2020-12-12,2020-12-21,2021-02-28,0.47003310501838125,Yellow,1.126516231644497,False,0,141,10,10,18.514285714285716,26.071428571428573,0,331,131.1,11,82.72321428571429,0.5019345238095237,219.69940476190476,2.635535714285714,0.3835446428571428
c41_3,-16.3,22.5,Zambia,2020-11-25,2020-12-21,2021-02-28,0.42209768998336894,Yellow,1.144453186325291,False,0,136,11,11,18.585714285714285,26.092857142857145,0,331,105.3,11,82.38988095238095,0.5139880952380953,225.63392857142858,2.714166666666667,0.26558333333333334
c41_4,-16.3,22.7,Zambia,2020-11-25,2020-12-21,2021-02-28,0.4955793916989611,Yellow,1.1383835680279977,False,0,139,11,11,18.614285714285717,26.349999999999994,0,334,113.10000000000001,11,82.18452380952381,0.5269642857142858,225.74107142857142,2.5954166666666665,0.3786011904761905
c41_5,-16.3,22.9,Zambia,2020-11-25,2020-12-21,2021-02-28,0.5013786204307501,Orange,1.1428367557715426,False,0,132,11,11,18.75,26.557142857142857,0,334,102.4,11,81.0922619047619,0.5658333333333333,227.3422619047619,2.5510714285714284,0.38369345238095237
c41_6,-16.3,23.1,Zambia,2020-11-27,2020-12-21,2021-02-28,0.5067938635807866,Orange,1.1298309340650459,False,0,126,10,10,18.864285714285717,26.77857142857143,0,332,86.5,11,80.55059523809524,0.587470238095238,230.76190476190476,2.4814583333333333,0.3843511904761905
c41_7,-16.3,23.3,Zambia,2020-12-11,2020-12-21,2021-02-28,0.4877560516567613,Yellow,1.107348641161965,False,0,119,9,9,19.207142857142856,26.985714285714284,0,330,86.60000000000001,12,79.72619047619048,0.6178571428571429,225.39583333333334,2.407321428571429,0.39449404761904766
c41_8,-16.3,23.5,Zambia,2020-11-14,2020-12-21,2021-02-28,0.4715034932861522,Yellow,1.1150103047810167,False,0,119,10,10,18.978571428571428,27.17142857142857,1,329,106.99999999999999,11,79.66369047619048,0.6234226190476191,223.3452380952381,2.3861011904761904,0.39567857142857144
c41_9,-16.3,23.7,Zambia,2020-12-06,2020-12-21,2021-02-28,0.42247410253768286,Yellow,1.1070282602132682,False,0,111,8,8,18.985714285714284,26.942857142857147,1,330,106.39999999999999,11,79.24702380952381,0.6328571428571428,221.91071428571428,2.3406845238095237,0.39166964285714284
c41_10,-16.3,23.9,Zambia,2020-11-14,2020-12-21,2021-02-28,0.40701662584993586,Yellow,1.0956305392867234,False,0,112,8,8,18.807142857142853,26.449999999999996,0,333,110.8,10,80.37797619047619,0.5870833333333333,218.33928571428572,2.4476190476190474,0.38232738095238095
c41_11,-16.3,24.1,Zambia,2020-12-05,2020-12-21,2021-02-28,0.4593268079429082,Yellow,1.132613478536714,False,0,115,10,10,18.878571428571426,27.00714285714286,1,329,110.2,11,79.46428571428571,0.6333928571428571,219.08630952380952,2.2862500000000003,0.39591369047619046
c41_12,-16.3,24.3,Zambia,2020-12-03,2020-12-21,2021-02-28,0.45273059582847447,Yellow,1.1190723680603245,False,0,117,10,10,18.62142857142857,26.785714285714285,1,331,112.79999999999998,11,79.4702380952381,0.6266964285714286,221.45833333333334,2.340327380952381,0.39367559523809514
c41_13,-16.3,24.5,Zambia,2020-12-05,2020-12-21,2021-02-28,0.4561613971412518,Yellow,1.121609722031293,False,0,120,10,10,18.592857142857145,26.70714285714286,1,332,112.1,11,79.64583333333333,0.6170535714285715,221.46130952380952,2.349613095238095,0.3962232142857143
c41_14,-16.3,24.7,Zambia,2020-12-09,2020-12-21,2021-02-28,0.47683310894262315,Yellow,1.107087023574277,False,0,117,10,10,18.578571428571426,26.542857142857144,1,330,91.99999999999999,11,79.3422619047619,0.6255654761904762,219.99404761904762,2.422886904761905,0.3900892857142857
c41_15,-16.3,24.9,Zambia,2020-11-27,2020-12-21,2021-02-28,0.4715377630268404,Yellow,1.0952033634917582,False,0,114,10,10,18.349999999999998,26.528571428571432,0,332,89.4,11,79.50595238095238,0.6118452380952382,219.8125,2.4766964285714286,0.3894761904761905
c41_16,-16.3,25.1,Zambia,2020-12-04,2020-12-21,2021-02-28,0.4750870193868765,Yellow,1.104716659366233,False,0,116,10,10,18.271428571428576,25.900000000000002,0,333,80.40000000000002,10,80.91666666666667,0.5549107142857144,219.2202380952381,2.6090178571428573,0.3661369047619048
c41_17,-16.3,25.3,Zambia,2020-11-27,2020-12-21,2021-02-28,0.5029685003423444,Orange,1.1126087254246215,False,0,123,11,11,18.392857142857142,25.77857142857143,0,333,78.2,11,80.11904761904762,0.5754166666666668,217.50892857142858,2.7518749999999996,0.3750416666666667
c41_18,-16.3,25.5,Zambia,2020-12-01,2020-12-21,2021-02-28,0.4683404347886483,Yellow,1.1069233180619025,False,0,120,10,10,18.49285714285714,25.99285714285714,0,332,83.5,10,80.58333333333333,0.565952380952381,214.10714285714286,2.7169047619047615,0.37041071428571426
c41_19,-16.3,25.7,Zambia,2020-11-29,2020-12-21,2021-02-28,0.4765324144783884,Yellow,1.1223593076746738,False,0,122,11,11,18.55,25.928571428571427,0,333,96.39999999999998,10,80.69345238095238,0.5605059523809524,209.01785714285714,2.694315476190476,0.38617559523809525
c41_20,-16.3,25.9,Zambia,2020-12-03,2020-12-21,2021-02-28,0.4562587763004527,Yellow,1.139006992067362,False,0,115,10,10,18.821428571428573,26.364285714285717,0,336,67.69999999999999,10,81.35714285714286,0.5505357142857142,206.00892857142858,2.375625,0.36547321428571433
c41_21,-16.3,26.1,Zambia,2020-11-29,2020-12-21,2021-02-28,0.5111818387285756,Orange,1.1270290836267298,False,0,104,9,9,18.8,26.142857142857146,0,336,64.3,10,81.56845238095238,0.5371428571428571,201.5625,2.5042857142857144,0.460125
c41_22,-16.3,26.3,Zambia,2020-11-29,2020-12-21,2021-02-28,0.5725621170373039,Orange,1.6721635226066611,False,0,120,11,11,18.421428571428574,25.342857142857145,0,335,67.80000000000001,12,82.9077380952381,0.4753571428571429,197.36011904761904,2.6713988095238097,0.4591934523809523
c41_23,-16.3,26.5,Zambia,2020-11-29,2020-12-21,2021-02-28,0.6085720713123314,Orange,1.7467382694533853,False,0,141,12,12,18.12142857142857,24.892857142857142,0,335,78.7,12,84.04761904761905,0.43434523809523806,197.1577380952381,2.7167261904761904,0.46606845238095235
c41_24,-16.3,26.7,Zambia,2020-12-01,2020-12-21,2021-02-28,0.5887277672410911,Orange,1.774913093082559,False,0,139,11,11,18.135714285714286,24.821428571428573,0,333,92.69999999999999,12,84.0625,0.4323511904761904,198.30059523809524,2.6301785714285715,0.4682559523809524
c41_25,-16.3,26.9,Zambia,2020-12-01,2020-12-21,2021-02-28,0.5938101461781001,Orange,1.2930206828710733,False,0,140,12,12,18.357142857142858,25.621428571428574,0,334,98.7,12,84.08928571428571,0.45017857142857143,202.32738095238096,2.232083333333333,0.4625625
c41_26,-16.3,27.1,Zambia,2020-12-01,2020-12-21,2021-02-28,0.6018726881097877,Orange,1.2628021333894779,False,0,138,12,12,18.592857142857145,25.714285714285715,0,335,92.19999999999999,12,83.80952380952381,0.4616071428571428,205.51488095238096,2.172589285714286,0.46273214285714287
c41_27,-16.3,27.3,Zambia,2020-12-01,2020-12-21,2021-02-28,0.6217463223067247,Orange,1.2801552450206324,False,0,147,12,12,18.442857142857143,25.592857142857135,0,335,86.79999999999998,12,84.11309523809524,0.4520238095238095,205.83928571428572,2.2091964285714285,0.47032738095238097
c41_28,-16.3,27.5,Zambia,2020-11-29,2020-12-21,2021-02-28,0.6437855272566988,Orange,1.7267284390880224,False,0,154,13,13,18.349999999999998,25.02857142857143,0,336,91.30000000000001,11,85.45833333333333,0.40363095238095237,206.17559523809524,2.4547619047619045,0.46664880952380955
c41_29,-16.3,27.7,Zambia,2020-12-01,2020-12-21,2021-02-28,0.6169823424413036,Orange,1.7096318873289327,False,0,151,12,12,18.27857142857143,25.15714285714285,0,335,94.4,13,85.36607142857143,0.40818452380952375,206.5297619047619,2.498869047619048,0.45631250000000007
c41_30,-16.3,27.9,Zambia,2020-11-30,2020-12-21,2021-02-28,0.6138475882579293,Orange,1.7645831479460785,False,0,136,10,10,18.014285714285712,24.435714285714283,0,328,90.89999999999999,11,83.72916666666667,0.4343154761904762,204.54761904761904,2.586220238095238,0.47973511904761895
c41_31,-16.3,28.1,Zambia,2020-11-30,2020-12-21,2021-02-28,0.5631140227811376,Orange,1.7427758269145923,False,0,155,12,12,18.349999999999998,24.107142857142858,0,330,106.0,13,84.33928571428571,0.4206547619047619,199.86607142857142,2.697142857142857,0.38327976190476193
c41_32,-16.3,28.3,Zambia,2020-11-30,2020-12-21,2021-02-28,0.4622029548956928,Yellow,1.3148803554183817,False,0,117,10,10,21.185714285714283,27.25,2,323,108.2,10,81.72619047619048,0.5901190476190477,199.17261904761904,2.025119047619048,0.3701607142857143
c41_33,-16.3,28.5,Zambia,2020-12-01,2020-12-21,2021-02-28,0.5370816021388258,Orange,1.3917055895277326,False,0,134,11,11,21.61428571428571,28.22142857142857,2,317,87.1,11,83.25892857142857,0.5689583333333333,204.6220238095238,2.0754761904761905,0.35802976190476193
c41_34,-16.3,28.7,Zambia,2020-12-01,2020-12-21,2021-02-28,0.5313586855034222,Orange,1.581162311128424,False,0,109,11,11,22.564285714285713,29.178571428571427,5,306,65.4,10,81.72619047619048,0.649375,208.4375,2.0405059523809523,0.3192886904761905
c41_63,-16.3,34.5,Malawi,2020-11-29,2020-12-21,2021-02-28,0.6094761702150331,Orange,1.493727188495078,False,0,75,7,7,24.042857142857144,33.30714285714286,13,217,78.80000000000001,10,70.88988095238095,1.2780952380952382,225.49107142857142,2.817738095238095,0.3338720238095238
c41_64,-16.3,34.7,Malawi,2020-11-29,2020-12-21,2021-02-28,0.6464139351636687,Orange,1.473065251740235,False,0,65,6,6,24.578571428571426,33.80714285714286,14,200,81.2,9,69.39583333333333,1.3742559523809523,230.9375,3.057708333333333,0.35472023809523806
c41_65,-16.3,34.9,Malawi,2020-11-30,2020-12-21,2021-02-28,0.7255468982324306,Orange,1.51023347166749,True,1,77,7,7,25.521428571428576,35.65,14,167,100.2,11,68.61309523809524,1.5322916666666668,238.38095238095238,2.622142857142857,0.31973214285714285
c41_66,-16.3,35.1,Malawi,2020-11-29,2020-12-21,2021-02-28,0.5120786093796794,Orange,1.2899506895540491,False,0,97,7,7,21.050000000000004,27.94285714285714,1,318,79.19999999999999,11,78.56547619047619,0.720625,226.18154761904762,2.2351190476190474,0.43052083333333335
c42_2,-16.5,22.3,Zambia,2020-11-14,2020-12-21,2021-02-28,0.5054359797829784,Orange,1.129388553125739,False,0,142,10,10,18.571428571428573,26.164285714285715,0,333,100.3,12,82.74702380952381,0.5030952380952382,221.96428571428572,2.650952380952381,0.38582142857142865
c42_3,-16.5,22.5,Zambia,2020-11-18,2020-12-21,2021-02-28,0.5113242146965498,Orange,1.1473176103572709,False,0,132,10,10,18.685714285714283,26.064285714285713,0,336,75.6,11,82.70238095238095,0.5035416666666667,224.83928571428572,2.7787797619047616,0.3765684523809523
c42_4,-16.5,22.7,Zambia,2020-11-13,2020-12-21,2021-02-28,0.4274211310598712,Yellow,1.1601802909656769,False,0,137,11,11,18.75,26.54285714285714,0,333,86.7,12,81.81845238095238,0.540327380952381,224.16369047619048,2.592589285714286,0.2664672619047619
c42_5,-16.5,22.9,Zambia,2020-11-13,2020-12-21,2021-02-28,0.42655082632540525,Yellow,1.1434529212678306,False,0,142,12,12,18.707142857142856,26.357142857142858,0,336,94.39999999999999,12,82.14583333333333,0.5260714285714285,226.1875,2.660892857142857,0.25508928571428574
c42_6,-16.5,23.1,Zambia,2020-12-06,2020-12-21,2021-02-28,0.39877298956191265,Yellow,1.1588432599182659,False,0,135,11,11,18.757142857142856,26.414285714285715,0,336,100.10000000000001,11,81.86309523809524,0.5378571428571428,225.2470238095238,2.568809523809524,0.26223511904761904
c42_7,-16.5,23.3,Zambia,2020-12-06,2020-12-21,2021-02-28,0.4759468291663259,Yellow,1.127789912822842,False,0,117,10,10,19.24285714285714,26.83571428571429,0,332,87.80000000000001,11,80.04166666666667,0.6041369047619047,214.4672619047619,2.3789285714285713,0.39077083333333335
c42_8,-16.5,23.5,Zambia,2020-12-06,2020-12-21,2021-02-28,0.3490292979304224,Yellow,1.11699528974369,False,0,113,9,9,19.364285714285717,27.057142857142857,0,332,93.79999999999998,11,79.47321428571429,0.627797619047619,213.2172619047619,2.3344345238095237,0.28103869047619046
c42_9,-16.5,23.7,Zambia,2020-12-06,2020-12-21,2021-02-28,0.43364785329829353,Yellow,1.0888487242334595,False,0,113,9,9,18.92142857142857,27.02857142857143,1,332,100.39999999999999,11,79.70833333333333,0.6140476190476191,219.25892857142858,2.4284226190476192,0.3890595238095238
c42_10,-16.5,23.9,Zambia,2020-12-06,2020-12-21,2021-02-28,0.436822780200499,Yellow,1.1028808070667009,False,0,114,9,9,18.92142857142857,26.721428571428564,0,332,112.8,10,80.35714285714286,0.5918154761904761,223.2827380952381,2.3860119047619044,0.38501488095238096
c42_11,-16.5,24.1,Zambia,2020-12-10,2020-12-21,2021-02-28,0.4500759692349559,Yellow,1.1191412243511796,False,0,119,10,10,18.79285714285714,26.578571428571426,0,333,116.8,11,80.62202380952381,0.5804464285714286,223.82142857142858,2.4205654761904762,0.37840476190476185
c42_12,-16.5,24.3,Zambia,2020-12-05,2020-12-21,2021-02-28,0.46542432707792963,Yellow,1.1255738777916293,False,0,120,10,10,18.792857142857144,26.49285714285714,0,334,96.60000000000001,10,80.32440476190476,0.5902380952380952,225.4672619047619,2.477291666666667,0.3742261904761905
c42_13,-16.5,24.5,Zambia,2020-12-09,2020-12-21,2021-02-28,0.4907064823717876,Yellow,1.134167345067969,False,0,118,10,10,18.72142857142857,26.921428571428567,0,330,91.20000000000002,11,79.74107142857143,0.618125,226.19345238095238,2.368065476190476,0.3882738095238095
c42_14,-16.5,24.7,Zambia,2020-12-10,2020-12-21,2021-02-28,0.4939283976957005,Yellow,1.1350939488075695,False,0,123,11,11,18.685714285714287,26.814285714285717,1,331,94.6,11,79.58928571428571,0.6204166666666667,221.45238095238096,2.4436309523809525,0.39174999999999993
c42_15,-16.5,24.9,Zambia,2020-11-27,2020-12-21,2021-02-28,0.4689609620600402,Yellow,1.1185617951945634,False,0,123,10,10,18.428571428571427,26.42142857142857,1,332,93.8,11,79.7172619047619,0.6065178571428572,219.92559523809524,2.5583035714285716,0.38709523809523805
c42_16,-16.5,25.1,Zambia,2020-12-01,2020-12-21,2021-02-28,0.46704003361864455,Yellow,1.0977089426044941,False,0,116,10,10,18.75,26.04285714285714,0,334,81.6,9,80.08333333333333,0.5883928571428572,218.25595238095238,2.6054464285714287,0.3722440476190476
c42_17,-16.5,25.3,Zambia,2020-11-26,2020-12-21,2021-02-28,0.4660194932261395,Yellow,1.1037648139104346,False,0,114,10,10,18.821428571428573,26.614285714285717,1,331,77.6,9,79.41071428571429,0.6250297619047619,215.32738095238096,2.437738095238095,0.3787083333333333
c42_18,-16.5,25.5,Zambia,2020-12-01,2020-12-21,2021-02-28,0.46815229868012675,Yellow,1.090426824692208,False,0,113,9,9,19.014285714285712,26.485714285714288,0,331,75.99999999999999,10,79.38392857142857,0.6254166666666667,216.40178571428572,2.4072321428571426,0.38626190476190475
c42_19,-16.5,25.7,Zambia,2020-12-01,2020-12-21,2021-02-28,0.5103220901134095,Orange,1.13999009403444,False,0,130,11,11,18.607142857142858,25.757142857142856,0,334,74.30000000000001,9,81.2202380952381,0.5497619047619048,214.92857142857142,2.7411011904761904,0.3772678571428572
c42_20,-16.5,25.9,Zambia,2020-12-01,2020-12-21,2021-02-28,0.49242804169894666,Yellow,1.1215093687271063,False,0,121,11,11,18.800000000000004,25.935714285714283,0,334,83.0,10,81.48809523809524,0.5406845238095238,211.28571428571428,2.546666666666667,0.3743839285714286
c42_21,-16.5,26.1,Zambia,2020-11-25,2020-12-21,2021-02-28,0.5458094163853536,Orange,1.1316112263086047,False,0,122,10,10,18.621428571428574,25.77857142857142,0,335,81.1,10,81.9672619047619,0.5201488095238095,205.17261904761904,2.479940476190476,0.4659672619047619
c42_22,-16.5,26.3,Zambia,2020-12-01,2020-12-21,2021-02-28,0.554379073165383,Orange,1.7166867600259574,False,0,132,11,11,18.15,25.04285714285714,0,334,83.6,9,82.95833333333333,0.4683928571428571,198.42559523809524,2.758541666666667,0.4495416666666666
c42_23,-16.5,26.5,Zambia,2020-12-01,2020-12-21,2021-02-28,0.6018695024887667,Orange,1.7942830380202341,False,0,143,11,11,17.71428571428572,24.428571428571427,0,330,87.4,11,84.26488095238095,0.4155357142857143,197.7470238095238,2.827232142857143,0.46273214285714287
c42_24,-16.5,26.7,Zambia,2020-12-01,2020-12-21,2021-02-28,0.6195486416321913,Orange,1.8305215917008988,False,0,143,11,11,17.77142857142857,24.464285714285715,0,327,87.19999999999999,11,84.56547619047619,0.411577380952381,198.33035714285714,2.5808928571428575,0.4611279761904762
c42_25,-16.5,26.9,Zambia,2020-12-01,2020-12-21,2021-02-28,0.6291943066916421,Orange,1.7914336060532894,False,0,141,12,12,18.085714285714285,24.571428571428573,0,331,87.0,12,84.57440476190476,0.4110416666666667,200.00892857142858,2.610505952380952,0.46346428571428566
c42_26,-16.5,27.1,Zambia,2020-12-01,2020-12-21,2021-02-28,0.6156055758590488,Orange,1.740295734006128,False,0,134,12,12,18.192857142857143,25.185714285714283,0,332,91.3,12,84.04761904761905,0.44279761904761905,203.74107142857142,2.2978273809523806,0.4646666666666666
c42_27,-16.5,27.3,Zambia,2020-11-30,2020-12-21,2021-02-28,0.5961439455009514,Orange,1.7286757330354607,False,0,135,11,11,18.228571428571424,24.871428571428574,0,334,90.29999999999998,11,84.20833333333333,0.42880952380952386,205.82738095238096,2.577261904761905,0.4650327380952381
c42_28,-16.5,27.5,Zambia,2020-11-29,2020-12-21,2021-02-28,0.6593228000722885,Orange,1.8441558278525374,False,0,150,12,12,17.97142857142857,24.24285714285714,0,330,86.7,12,85.84821428571429,0.3752083333333333,205.96130952380952,2.971190476190476,0.46968154761904757
c42_29,-16.5,27.7,Zambia,2020-11-29,2020-12-21,2021-02-28,0.512153236070107,Orange,1.6936445244224416,False,0,136,11,11,18.85,25.042857142857144,0,336,81.9,12,84.17857142857143,0.43705357142857143,204.19345238095238,2.8036607142857144,0.3661577380952381
c42_30,-16.5,27.9,Zambia,2020-12-01,2020-12-21,2021-02-28,0.45275063292530193,Yellow,1.2231415806953336,False,0,109,10,10,20.349999999999998,26.785714285714285,0,334,75.6,11,81.85416666666667,0.5514285714285714,199.92559523809524,2.3003571428571425,0.36191964285714284
c42_31,-16.5,28.1,Zambia,2020-11-30,2020-12-21,2021-02-28,0.47476651889123317,Yellow,1.3414063886292238,False,0,119,10,10,21.3,27.657142857142865,1,323,89.19999999999999,10,81.82142857142857,0.5929464285714285,198.35416666666666,1.9511607142857141,0.3603273809523809
c42_32,-16.5,28.3,Zambia,2020-12-01,2020-12-21,2021-02-28,0.4007096197628495,Yellow,1.2729076715289747,False,0,95,7,7,21.114285714285717,27.214285714285715,1,326,89.3,10,80.98214285714286,0.6066666666666667,204.32142857142858,2.0409821428571426,0.3574315476190476
c42_33,-16.5,28.5,Zambia,2020-12-01,2020-12-21,2021-02-28,0.5051243966121544,Orange,1.4643627447082734,False,0,122,10,10,22.078571428571426,28.078571428571426,2,320,97.1,10,82.53869047619048,0.5883035714285714,215.18154761904762,2.4135416666666663,0.36233928571428575
c42_34,-16.5,28.7,Zambia,2020-11-11,2020-12-21,2021-02-28,0.5186368348992944,Orange,1.4643603156197844,False,0,122,11,11,22.164285714285715,27.535714285714285,1,327,104.80000000000001,10,83.0327380952381,0.5635119047619048,214.3720238095238,2.127857142857143,0.3725178571428571
c42_64,-16.5,34.7,Malawi,2020-11-25,2020-12-21,2021-02-28,0.49515005710491306,Yellow,1.47055548538497,False,0,69,7,7,24.185714285714287,32.75000000000001,11,226,73.89999999999999,10,70.89285714285714,1.2477678571428572,223.73511904761904,3.0236309523809526,0.2214345238095238
c42_65,-16.5,34.9,Malawi,2020-11-30,2020-12-21,2021-02-28,0.6338724458744083,Orange,1.4735753782273342,True,1,55,6,6,24.91428571428571,34.099999999999994,14,191,82.19999999999999,11,68.55952380952381,1.436904761904762,226.16666666666666,3.08672619047619,0.3244672619047619
c42_66,-16.5,35.1,Malawi,2020-11-30,2020-12-21,2021-02-28,0.6249896540382407,Orange,1.486381126717084,True,1,76,7,7,25.235714285714288,35.285714285714285,14,177,80.6,10,69.17261904761905,1.4766369047619048,227.19642857142858,2.7061309523809522,0.2231517857142857
c43_3,-16.7,22.5,Zambia,2020-11-13,2020-12-21,2021-02-28,0.49513781858992006,Yellow,1.135923654235455,False,0,132,11,11,18.885714285714283,26.042857142857144,0,335,114.3,12,82.52678571428571,0.5098809523809523,220.22321428571428,2.7325,0.3882916666666667
c43_4,-16.7,22.7,Zambia,2020-11-13,2020-12-21,2021-02-28,0.3865365910235924,Yellow,1.1411276187332937,False,0,131,11,11,18.799999999999994,25.985714285714284,0,336,111.39999999999999,12,82.25892857142857,0.5165178571428571,218.88095238095238,2.738392857142857,0.2666934523809524
c43_5,-16.7,22.9,Zambia,2020-11-14,2020-12-21,2021-02-28,0.4074534779381414,Yellow,1.146972271624304,False,0,137,11,11,18.842857142857145,25.942857142857143,0,336,89.5,12,82.21428571428571,0.5204166666666667,216.57440476190476,2.707738095238095,0.2618571428571429
c43_6,-16.7,23.1,Zambia,2020-11-13,2020-12-21,2021-02-28,0.40778367107481406,Yellow,1.131661953943103,False,0,134,12,12,18.907142857142855,26.214285714285715,0,336,94.60000000000001,12,81.78571428571429,0.5381845238095238,215.8422619047619,2.57047619047619,0.25692261904761904
c43_7,-16.7,23.3,Zambia,2020-12-06,2020-12-21,2021-02-28,0.39777213171506826,Yellow,1.1523132819719715,False,0,134,12,12,18.892857142857142,26.35714285714286,0,336,97.49999999999999,11,81.52678571428571,0.5502083333333333,210.45833333333334,2.4311011904761903,0.2659464285714286
c43_8,-16.7,23.5,Zambia,2020-12-06,2020-12-21,2021-02-28,0.41797724148784177,Yellow,1.1541331686340024,False,0,119,9,9,19.192857142857143,26.714285714285715,0,336,98.30000000000001,11,80.24107142857143,0.5982142857142857,205.07440476190476,2.2848809523809526,0.39113392857142854
c43_9,-16.7,23.7,Zambia,2020-11-12,2020-12-21,2021-02-28,0.4545685578370747,Yellow,1.1553073488919694,False,0,116,10,10,19.25,27.342857142857145,0,330,105.39999999999999,11,79.07142857142857,0.6489285714285715,216.0595238095238,2.251011904761905,0.3949672619047619
c43_10,-16.7,23.9,Zambia,2020-12-06,2020-12-21,2021-02-28,0.44904119270255666,Yellow,1.121439561233418,False,0,114,11,11,19.092857142857145,27.042857142857144,1,333,116.69999999999999,10,79.4047619047619,0.6320238095238095,218.64583333333334,2.3499702380952376,0.3933690476190476
c43_11,-16.7,24.1,Zambia,2020-12-11,2020-12-21,2021-02-28,0.47249594314693916,Yellow,1.129684258184426,False,0,122,11,11,18.892857142857146,26.871428571428574,1,333,105.6,11,79.76488095238095,0.6170833333333333,220.57738095238096,2.4118749999999998,0.39020535714285715
c43_12,-16.7,24.3,Zambia,2020-12-11,2020-12-21,2021-02-28,0.471047827012428,Yellow,1.1619121885287682,False,0,125,11,11,18.864285714285717,26.942857142857143,1,333,108.4,11,80.13988095238095,0.6058928571428572,224.22619047619048,2.3757738095238095,0.38005654761904767
c43_13,-16.7,24.5,Zambia,2020-12-10,2020-12-21,2021-02-28,0.48564274387247053,Yellow,1.1220317233349666,False,0,117,11,11,18.757142857142856,26.65,0,334,103.69999999999999,11,80.14285714285714,0.599970238095238,226.27678571428572,2.4471130952380955,0.3883720238095238
c43_14,-16.7,24.7,Zambia,2020-12-10,2020-12-21,2021-02-28,0.4654233748817296,Yellow,1.1305094946160614,False,0,124,10,10,18.778571428571432,26.75,1,333,99.00000000000001,11,79.35119047619048,0.6325595238095237,221.19345238095238,2.385297619047619,0.39433333333333337
c43_15,-16.7,24.9,Zambia,2020-11-12,2020-12-21,2021-02-28,0.47539519437647115,Yellow,1.1202485164775868,False,0,124,11,11,18.88571428571429,26.41428571428571,0,331,109.9,9,79.60416666666667,0.6154464285714286,216.83630952380952,2.532232142857143,0.391360119047619
c43_16,-16.7,25.1,Zambia,2020-12-11,2020-12-21,2021-02-28,0.466779997415534,Yellow,1.122022420661429,False,0,117,9,9,19.27857142857143,26.849999999999994,1,331,74.30000000000001,9,79.5922619047619,0.6273809523809523,218.97321428571428,2.3491964285714286,0.38294940476190475
c43_17,-16.7,25.3,Zambia,2020-11-12,2020-12-21,2021-02-28,0.4791644255855393,Yellow,1.1280010483941958,False,0,116,9,9,19.214285714285715,26.821428571428562,1,330,68.6,8,79.59821428571429,0.6307440476190477,217.61011904761904,2.314077380952381,0.3912291666666667
c43_18,-16.7,25.5,Zambia,2020-11-12,2020-12-21,2021-02-28,0.48869835207777845,Yellow,1.1146555996272274,False,0,122,11,11,18.857142857142858,26.285714285714285,0,333,85.4,11,80.63690476190476,0.5769047619047619,214.99107142857142,2.5416666666666665,0.3718988095238095
c43_19,-16.7,25.7,Zambia,2020-11-30,2020-12-21,2021-02-28,0.5689382962293298,Orange,1.1322523954954617,False,0,124,11,11,18.849999999999998,26.37857142857143,0,332,78.7,11,80.1547619047619,0.5944642857142858,211.88392857142858,2.525327380952381,0.4631517857142857
c43_20,-16.7,25.9,Zambia,2020-12-01,2020-12-21,2021-02-28,0.5400863579897278,Orange,1.1236087513970383,False,0,126,10,10,18.435714285714283,25.728571428571428,0,334,89.1,11,81.75,0.529375,208.7470238095238,2.5855952380952383,0.45801785714285714
c43_21,-16.7,26.1,Zambia,2020-12-03,2020-12-21,2021-02-28,0.5386117717199965,Orange,1.6710977832439062,False,0,127,10,10,18.185714285714287,25.099999999999998,0,335,93.0,11,81.85416666666667,0.5061904761904762,205.33928571428572,2.702470238095238,0.4624940476190476
c43_22,-16.7,26.3,Zambia,2020-12-01,2020-12-21,2021-02-28,0.5554379327994836,Orange,1.7752113496943982,False,0,140,10,10,17.735714285714284,24.464285714285715,0,332,101.8,12,83.34821428571429,0.4436309523809524,201.64880952380952,2.857827380952381,0.457797619047619
c43_23,-16.7,26.5,Zambia,2020-12-01,2020-12-21,2021-02-28,0.5706627829876431,Orange,1.778629955144763,False,0,139,10,10,17.614285714285714,24.22857142857143,0,330,94.7,13,83.625,0.42860119047619044,197.76190476190476,2.9067559523809527,0.45808928571428575
c43_24,-16.7,26.7,Zambia,2020-11-30,2020-12-21,2021-02-28,0.6630013710445254,Orange,1.841749513138531,True,1,152,13,13,17.22142857142857,23.657142857142855,0,320,101.69999999999999,11,85.03869047619048,0.3816666666666667,196.51190476190476,3.1134523809523804,0.4532857142857143
c43_25,-16.7,26.9,Zambia,2020-11-30,2020-12-21,2021-02-28,0.6261461125689602,Orange,1.8203505154356037,False,0,148,11,11,17.407142857142855,23.892857142857142,0,323,103.1,12,84.85714285714286,0.39264880952380954,197.30654761904762,2.9408035714285714,0.4653839285714286
c43_26,-16.7,27.1,Zambia,2020-11-30,2020-12-21,2021-02-28,0.5568876995907991,Orange,1.7989953846305924,False,0,138,9,9,17.8,24.54285714285714,0,332,90.3,11,83.82142857142857,0.4337797619047619,198.44345238095238,2.5929761904761905,0.46833035714285715
c43_27,-16.7,27.3,Zambia,2020-11-30,2020-12-21,2021-02-28,0.6317023288473729,Orange,1.812081882537944,False,0,148,11,11,17.864285714285714,24.442857142857147,0,328,87.0,12,84.97321428571429,0.40520833333333334,198.47321428571428,2.7139285714285712,0.4728392857142857
c43_28,-16.7,27.5,Zambia,2020-12-01,2020-12-21,2021-02-28,0.5066620058539842,Orange,1.752364644281018,False,0,138,11,11,18.742857142857144,24.792857142857144,0,332,91.5,12,83.94642857142857,0.44247023809523817,193.70535714285714,2.777232142857143,0.3728988095238095
c43_29,-16.7,27.7,Zambia,2020-12-01,2020-12-21,2021-02-28,0.44818114506360246,Yellow,1.279744476281314,False,0,108,10,10,20.485714285714288,26.528571428571432,0,331,99.5,10,81.86011904761905,0.5499107142857143,193.63988095238096,2.044255952380952,0.37851785714285713
c43_30,-16.7,27.9,Zambia,2020-12-01,2020-12-21,2021-02-28,0.42448929454639084,Yellow,1.336650078747106,False,0,116,11,11,21.564285714285717,27.75714285714286,2,326,150.7,10,82.25297619047619,0.5791369047619048,201.8779761904762,1.8263690476190475,0.36730357142857145
c43_31,-16.7,28.1,Zambia,2020-12-01,2020-12-21,2021-02-28,0.3294241718502531,Yellow,1.4348703209643252,False,0,94,9,9,22.70714285714286,27.650000000000002,2,325,134.3,11,81.69345238095238,0.6122321428571429,209.72321428571428,2.1738988095238096,0.25917559523809525
c43_65,-16.7,34.9,Malawi,2020-11-25,2020-12-21,2021-02-28,0.4570779160698907,Yellow,1.4390656723082533,False,0,66,5,5,24.200000000000006,32.314285714285724,11,227,86.9,12,71.92857142857143,1.174375,216.5595238095238,2.8577380952380955,0.22834821428571428
c43_66,-16.7,35.1,Malawi,2020-11-30,2020-12-21,2021-02-28,0.44449570415084744,Yellow,1.438654526174693,False,0,48,6,6,24.57857142857143,33.6,14,213,56.4,12,69.05654761904762,1.3618749999999997,212.10119047619048,2.9804464285714287,0.18268154761904762
c44_4,-16.9,22.7,Zambia,2020-11-28,2020-12-21,2021-02-28,0.4719941042604597,Yellow,1.12012281111122,False,0,131,11,11,19.049999999999994,26.314285714285717,0,333,119.10000000000001,12,81.61309523809524,0.5504464285714286,210.20535714285714,2.4598809523809524,0.3877380952380952
c44_5,-16.9,22.9,Zambia,2020-12-11,2020-12-21,2021-02-28,0.3948670340554562,Yellow,1.1289119543575137,False,0,134,11,11,19.014285714285716,26.221428571428564,0,333,95.7,12,81.39880952380952,0.5589583333333333,205.55654761904762,2.4913392857142855,0.2744464285714286
c44_6,-16.9,23.1,Zambia,2020-12-11,2020-12-21,2021-02-28,0.3760692784702344,Yellow,1.1197533830602089,False,0,125,11,11,18.97142857142857,26.28571428571429,0,334,105.2,12,81.3125,0.5592261904761905,207.23511904761904,2.4904166666666665,0.2740089285714286
c44_7,-16.9,23.3,Zambia,2020-12-11,2020-12-21,2021-02-28,0.38033166342435365,Yellow,1.133407443219684,False,0,128,12,12,18.971428571428568,26.285714285714285,0,336,115.49999999999999,12,81.90178571428571,0.537172619047619,208.94345238095238,2.3984821428571426,0.26729166666666665
c44_8,-16.9,23.5,Zambia,2020-12-11,2020-12-21,2021-02-28,0.43183881345296726,Yellow,1.1223902300507966,False,0,122,10,10,19.04285714285714,26.364285714285717,0,336,120.2,12,81.4375,0.5516964285714285,210.59821428571428,2.4389583333333333,0.38529761904761906
c44_9,-16.9,23.7,Zambia,2020-11-27,2020-12-21,2021-02-28,0.44142521609240293,Yellow,1.165333743504925,False,0,128,10,10,19.092857142857145,26.771428571428572,0,336,115.50000000000001,11,80.32738095238095,0.5994047619047619,217.16964285714286,2.3411309523809525,0.3907410714285714
c44_10,-16.9,23.9,Zambia,2020-12-11,2020-12-21,2021-02-28,0.48233556720818294,Yellow,1.193043044079399,False,0,137,11,11,19.22857142857143,26.814285714285713,0,335,119.30000000000001,12,80.99107142857143,0.5841964285714286,218.1845238095238,2.296160714285714,0.39892857142857147
c44_11,-16.9,24.1,Zambia,2020-12-11,2020-12-21,2021-02-28,0.4536264339721571,Yellow,1.132487085778043,False,0,128,11,11,19.014285714285712,26.95,0,333,131.4,11,80.13690476190476,0.6119642857142857,216.32440476190476,2.3852678571428574,0.40066666666666667
c44_12,-16.9,24.3,Zambia,2020-12-11,2020-12-21,2021-02-28,0.4606259606057146,Yellow,1.1578832875187162,False,0,133,10,10,18.928571428571427,26.914285714285715,0,333,115.00000000000001,11,80.36309523809524,0.6025297619047618,218.08333333333334,2.373779761904762,0.39902380952380956
c44_13,-16.9,24.5,Zambia,2020-11-12,2020-12-21,2021-02-28,0.46753589122900246,Yellow,1.1394036900895463,False,0,130,10,10,18.95,26.771428571428572,1,333,107.89999999999999,11,80.3422619047619,0.6017261904761904,218.01190476190476,2.3966666666666665,0.40152380952380956
c44_14,-16.9,24.7,Zambia,2020-11-12,2020-12-21,2021-02-28,0.46067678336993756,Yellow,1.1116325310700943,False,0,129,10,10,18.985714285714288,26.378571428571426,1,334,103.6,12,79.86904761904762,0.6076785714285714,213.21130952380952,2.5317261904761907,0.39834821428571426
c44_15,-16.9,24.9,Zambia,2020-12-11,2020-12-21,2021-02-28,0.44406671644550416,Yellow,1.1038237120032763,False,0,124,9,9,19.12857142857143,26.599999999999998,1,333,89.6,11,80.11904761904762,0.6077976190476191,211.21130952380952,2.4776190476190476,0.3881696428571428
c44_16,-16.9,25.1,Zambia,2020-11-28,2020-12-21,2021-02-28,0.42354473821802785,Yellow,1.1179056417282343,False,0,119,9,9,19.4,26.557142857142853,1,333,91.6,11,80.74404761904762,0.5915178571428571,210.1577380952381,2.431309523809524,0.3620982142857143
c44_17,-16.9,25.3,Zambia,2020-11-28,2020-12-21,2021-02-28,0.42906109788872465,Yellow,1.1080666312388447,False,0,116,10,10,19.314285714285713,26.571428571428566,0,333,106.80000000000001,9,80.80059523809524,0.5809821428571429,210.47321428571428,2.468482142857143,0.37023214285714284
c44_18,-16.9,25.5,Zambia,2020-11-30,2020-12-21,2021-02-28,0.4746991192292764,Yellow,1.0977040134200624,False,0,117,9,9,19.057142857142857,26.657142857142855,0,333,113.69999999999999,10,80.37797619047619,0.5925595238095238,210.4077380952381,2.455029761904762,0.4598422619047619
c44_19,-16.9,25.7,Zambia,2020-12-01,2020-12-21,2021-02-28,0.4903953614737448,Yellow,1.0906742661931674,False,0,116,9,9,18.764285714285716,26.09285714285715,0,335,103.0,11,80.5297619047619,0.570595238095238,207.1904761904762,2.5652678571428575,0.4694434523809524
c44_20,-16.9,25.9,Zambia,2020-12-01,2020-12-21,2021-02-28,0.4625393048665761,Yellow,1.6081257886626592,False,0,119,9,9,18.485714285714288,25.364285714285717,0,336,118.5,10,81.55059523809524,0.5227380952380952,205.78869047619048,2.723988095238095,0.44775297619047616
c44_21,-16.9,26.1,Zambia,2020-12-04,2020-12-21,2021-02-28,0.5513194545043654,Orange,1.7600752136338158,False,0,141,10,10,17.807142857142853,24.400000000000002,0,331,119.8,11,83.19940476190476,0.4520238095238095,201.41964285714286,2.882083333333333,0.47490178571428576
c44_22,-16.9,26.3,Zambia,2020-12-01,2020-12-21,2021-02-28,0.5514562717366687,Orange,1.776192724254238,False,0,139,10,10,17.735714285714284,24.242857142857144,0,331,105.80000000000001,11,83.45833333333333,0.4384523809523809,197.69940476190476,2.920297619047619,0.4615208333333333
c44_23,-16.9,26.5,Zambia,2020-12-01,2020-12-21,2021-02-28,0.5850022343078769,Orange,1.7790389136858835,False,0,146,11,11,17.55,24.392857142857142,0,331,94.1,10,83.19642857142857,0.44869047619047614,196.33035714285714,2.855089285714286,0.47088392857142863
c44_24,-16.9,26.7,Zambia,2020-12-01,2020-12-21,2021-02-28,0.6472610176640515,Orange,1.8145867036851355,False,0,141,12,12,17.32857142857143,24.007142857142856,0,323,89.4,11,83.83630952380952,0.41874999999999996,195.73214285714286,2.995982142857143,0.4752589285714286
c44_25,-16.9,26.9,Zambia,2020-11-29,2020-12-21,2021-02-28,0.6767408095801153,Orange,1.8259449065413407,False,0,151,13,13,17.285714285714285,23.678571428571427,0,323,91.10000000000001,11,84.72619047619048,0.3944047619047619,196.36904761904762,3.0292261904761904,0.472875
c44_26,-16.9,27.1,Zambia,2020-11-30,2020-12-21,2021-02-28,0.6161302817727322,Orange,1.8168178311814402,False,0,137,11,11,17.635714285714286,24.25,0,328,84.4,11,83.89880952380952,0.4286904761904762,198.45535714285714,2.725416666666667,0.4677202380952381
c44_27,-16.9,27.3,Zambia,2020-11-30,2020-12-21,2021-02-28,0.6227968137777349,Orange,1.7993377190817796,False,0,146,12,12,18.22142857142857,24.29285714285714,0,334,84.3,11,85.02083333333333,0.40639880952380947,191.9345238095238,2.650714285714286,0.47367857142857145
c44_28,-16.9,27.5,Zambia,2020-11-30,2020-12-21,2021-02-28,0.5059753266565833,Orange,1.8025895963878489,False,0,137,11,11,18.821428571428573,25.142857142857142,0,336,89.4,11,84.42261904761905,0.44282738095238094,190.77380952380952,1.8615178571428572,0.3812589285714286
c44_29,-16.9,27.7,Zambia,2020-11-30,2020-12-21,2021-02-28,0.38985638490350677,Yellow,1.4289877725198958,False,0,81,6,6,22.021428571428572,27.300000000000004,1,326,77.8,11,81.62797619047619,0.5945833333333334,196.84821428571428,1.6325297619047618,0.35022916666666665
c45_5,-17.1,22.9,Zambia,2020-12-10,2020-12-21,2021-02-28,0.4637804603665237,Yellow,1.1516857756833243,False,0,136,11,11,19.092857142857145,26.214285714285715,0,336,110.0,12,81.51488095238095,0.5591369047619048,201.1845238095238,2.4525595238095237,0.3951190476190476
c45_6,-17.1,23.1,Zambia,2020-12-11,2020-12-21,2021-02-28,0.480709237972754,Yellow,1.1468250942802047,False,0,131,11,11,19.178571428571427,26.17142857142857,0,336,91.5,11,81.31845238095238,0.5625297619047619,202.18154761904762,2.493154761904762,0.3940863095238096
c45_7,-17.1,23.3,Zambia,2020-11-14,2020-12-21,2021-02-28,0.4273941359991341,Yellow,1.111921047751818,False,0,123,10,10,19.114285714285717,26.25,0,335,125.0,11,81.23214285714286,0.5655357142857144,204.33333333333334,2.4377083333333336,0.39686607142857144
c45_8,-17.1,23.5,Zambia,2020-12-11,2020-12-21,2021-02-28,0.47536194055824305,Yellow,1.1680790861416546,False,0,163,11,11,18.83571428571429,26.328571428571426,0,336,131.79999999999998,11,83.48214285714286,0.5072321428571428,205.58035714285714,2.305416666666667,0.39873511904761905
c45_9,-17.1,23.7,Zambia,2020-12-11,2020-12-21,2021-02-28,0.4737317340075604,Yellow,1.1383238738433517,False,0,139,11,11,18.992857142857144,26.571428571428577,0,334,115.4,11,81.19642857142857,0.5696130952380952,209.4404761904762,2.4513392857142855,0.3983214285714286
c45_10,-17.1,23.9,Zambia,2020-12-11,2020-12-21,2021-02-28,0.46146272843134745,Yellow,1.1322783546804898,False,0,135,11,11,19.10714285714286,26.564285714285717,0,333,128.4,10,81.11309523809524,0.5708333333333333,211.7827380952381,2.573571428571429,0.3987678571428571
c45_11,-17.1,24.1,Zambia,2020-12-11,2020-12-21,2021-02-28,0.44342925097745967,Yellow,1.183133704136924,False,0,141,11,11,19.27857142857143,26.750000000000004,0,332,147.5,10,80.63392857142857,0.5983035714285714,209.48511904761904,2.320982142857143,0.40088095238095245
c45_12,-17.1,24.3,Zambia,2020-12-11,2020-12-21,2021-02-28,0.45411884013640064,Yellow,1.1399106399237366,False,0,144,11,11,18.97142857142857,26.71428571428571,0,333,144.1,12,81.38988095238095,0.5746428571428571,210.05059523809524,2.4188392857142857,0.4041964285714285
c45_13,-17.1,24.5,Zambia,2020-12-11,2020-12-21,2021-02-28,0.4667022904074419,Yellow,1.159197899790797,False,0,151,11,11,19.00714285714286,26.564285714285717,0,332,144.8,11,81.91666666666667,0.555952380952381,209.64583333333334,2.3082738095238096,0.4027321428571428
c45_14,-17.1,24.7,Zambia,2020-11-29,2020-12-21,2021-02-28,0.46351165918525317,Yellow,1.1660153492497605,False,0,134,10,10,19.35,26.507142857142863,0,332,110.1,10,81.15178571428571,0.5805059523809524,208.39583333333334,2.377708333333333,0.39395833333333335
c45_15,-17.1,24.9,Zambia,2020-11-28,2020-12-21,2021-02-28,0.47181421727185435,Yellow,1.1545218684542269,False,0,131,11,11,19.342857142857145,26.400000000000002,0,332,108.2,9,81.875,0.5509821428571429,205.66964285714286,2.41827380952381,0.38185714285714284
c45_16,-17.1,25.1,Zambia,2020-11-28,2020-12-21,2021-02-28,0.5330830198067855,Orange,1.1326537144303601,False,0,126,10,10,19.421428571428574,26.300000000000008,0,333,99.79999999999998,10,82.01488095238095,0.5406249999999999,203.36011904761904,2.4856845238095238,0.4706220238095239
c45_17,-17.1,25.3,Zambia,2020-12-12,2020-12-21,2021-02-28,0.5065180664775588,Orange,1.1132796575109207,False,0,120,9,9,19.264285714285716,26.307142857142857,0,336,91.3,10,82.04166666666667,0.5338392857142857,203.35119047619048,2.5404464285714283,0.47110119047619053
c45_18,-17.1,25.5,Zambia,2020-11-13,2020-12-21,2021-02-28,0.4310671723446173,Yellow,1.1118791514929682,False,0,117,9,9,19.014285714285712,26.164285714285715,0,336,92.1,12,81.06845238095238,0.5569047619047619,202.66071428571428,2.595982142857143,0.39151488095238096
c45_19,-17.1,25.7,Zambia,2020-12-01,2020-12-21,2021-02-28,0.4746001245763477,Yellow,1.141209696573413,False,0,121,9,9,18.728571428571428,25.63571428571429,0,336,127.1,12,81.34821428571429,0.5386309523809524,201.88988095238096,2.5771428571428574,0.4772261904761904
c45_20,-17.1,25.9,Zambia,2020-12-01,2020-12-21,2021-02-28,0.4798752005090057,Yellow,1.733760320785889,False,0,133,9,9,18.135714285714286,24.828571428571426,0,336,134.1,11,82.61011904761905,0.48086309523809523,199.53571428571428,2.7886011904761907,0.4750178571428571
c45_21,-17.1,26.1,Zambia,2020-12-01,2020-12-21,2021-02-28,0.513170198289811,Orange,1.7083703335235447,False,0,137,11,11,18.135714285714283,24.957142857142856,0,334,144.29999999999998,11,82.50595238095238,0.48279761904761903,195.5922619047619,2.7324404761904764,0.48225892857142855
c45_22,-17.1,26.3,Zambia,2020-12-01,2020-12-21,2021-02-28,0.5388380459419781,Orange,1.817270005970232,False,0,148,11,11,17.771428571428572,24.442857142857143,0,333,139.89999999999998,11,84.09821428571429,0.42610119047619044,191.9047619047619,2.7513690476190478,0.4820684523809525
c45_23,-17.1,26.5,Zambia,2020-12-01,2020-12-21,2021-02-28,0.5421842748173622,Orange,1.7759073433328239,False,0,143,11,11,17.814285714285713,24.735714285714288,0,335,127.80000000000001,12,83.24404761904762,0.451577380952381,195.44642857142858,2.5999999999999996,0.4813273809523809
c45_24,-17.1,26.7,Zambia,2020-11-30,2020-12-21,2021-02-28,0.6663871700538893,Orange,1.818682782347709,False,0,155,12,12,17.435714285714283,23.842857142857138,0,321,101.60000000000001,11,84.7827380952381,0.3970833333333334,198.43154761904762,2.990029761904762,0.4789375
c45_25,-17.1,26.9,Zambia,2020-11-30,2020-12-21,2021-02-28,0.6402136478497731,Orange,1.8064337234508565,False,0,142,12,12,17.521428571428572,23.91428571428571,0,323,97.5,11,84.41369047619048,0.4087797619047619,200.7172619047619,2.988720238095238,0.4570654761904762
c45_26,-17.1,27.1,Zambia,2020-11-30,2020-12-21,2021-02-28,0.7167179255920955,Orange,2.229053414322122,False,0,175,13,13,17.38571428571429,23.671428571428574,0,322,92.7,11,86.53571428571429,0.3548511904761905,200.08035714285714,2.8556845238095243,0.48138095238095235
c45_27,-17.1,27.3,Zambia,2020-11-30,2020-12-21,2021-02-28,0.5249997492015936,Orange,1.3541496179290538,False,0,141,11,11,19.049999999999994,25.61428571428571,0,336,87.5,11,84.49702380952381,0.45357142857142857,199.42261904761904,1.8813988095238094,0.38712202380952376
c45_28,-17.1,27.5,Zambia,2020-11-30,2020-12-21,2021-02-28,0.34925485992832755,Yellow,1.4228319809219199,False,0,73,6,6,21.97142857142857,27.357142857142858,1,331,91.0,11,81.28571428571429,0.6015476190476191,205.07738095238096,2.0347619047619045,0.34207440476190476
c45_66,-17.1,35.1,Malawi,2020-11-30,2020-12-21,2021-02-28,0.36960755100467757,Yellow,1.4118932251140734,False,0,77,7,7,21.87142857142857,29.61428571428571,6,284,64.6,10,72.96130952380952,0.9928273809523809,224.92857142857142,3.37389880952381,0.23377083333333332
c46_6,-17.3,23.1,Zambia,2020-11-18,2020-12-21,2021-02-28,0.4792640261107278,Yellow,1.1132639729899558,False,0,130,11,11,19.128571428571426,26.321428571428573,0,333,104.50000000000001,11,81.35714285714286,0.5638988095238094,204.49404761904762,2.487886904761905,0.3950863095238095
c46_7,-17.3,23.3,Zambia,2020-11-14,2020-12-21,2021-02-28,0.47287317265184964,Yellow,1.1186869196971092,False,0,132,10,10,19.08571428571429,26.328571428571426,0,335,90.30000000000001,11,81.05357142857143,0.5702083333333333,204.1547619047619,2.5194642857142857,0.4026488095238095
c46_8,-17.3,23.5,Zambia,2020-12-11,2020-12-21,2021-02-28,0.44464165402159717,Yellow,1.1239532701199473,False,0,127,10,10,19.092857142857145,26.464285714285715,0,335,107.29999999999998,11,80.95535714285714,0.5721130952380953,203.17857142857142,2.5060119047619045,0.40139583333333334
c46_9,-17.3,23.7,Zambia,2020-12-10,2020-12-21,2021-02-28,0.4085933835034842,Yellow,1.115363104140022,False,0,124,9,9,19.135714285714283,26.37142857142857,0,336,115.30000000000001,11,81.51190476190476,0.5537202380952382,202.95535714285714,2.5500000000000003,0.3922589285714285
c46_10,-17.3,23.9,Zambia,2020-12-11,2020-12-21,2021-02-28,0.4479582865557165,Yellow,1.132086905496752,False,0,147,11,11,18.87142857142857,26.307142857142857,0,333,140.3,11,82.20535714285714,0.5404166666666667,198.80357142857142,2.4802380952380956,0.40340178571428564
c46_11,-17.3,24.1,Zambia,2020-12-13,2020-12-21,2021-02-28,0.46523986732862815,Yellow,1.220861877529458,False,0,161,11,11,18.900000000000002,26.057142857142857,0,335,138.0,10,84.1875,0.4808928571428572,198.28571428571428,2.3004761904761906,0.39759523809523806
c46_12,-17.3,24.3,Zambia,2020-12-14,2020-12-21,2021-02-28,0.46458583015517396,Yellow,1.2256904831871742,False,0,164,11,11,18.864285714285717,26.242857142857144,0,334,150.5,12,84.02083333333333,0.4951488095238095,200.29761904761904,2.2795535714285715,0.4035833333333333
c46_13,-17.3,24.5,Zambia,2020-12-12,2020-12-21,2021-02-28,0.4678023256051636,Yellow,1.2920624235971925,False,0,173,11,11,18.80714285714286,26.36428571428571,0,334,150.8,10,84.61607142857143,0.4816964285714286,205.64285714285714,2.25360119047619,0.39314583333333336
c46_14,-17.3,24.7,Zambia,2020-11-14,2020-12-21,2021-02-28,0.4865546203776023,Yellow,1.1531579489681723,False,0,144,11,11,19.27857142857143,26.407142857142855,0,332,112.1,10,82.27678571428571,0.5455654761904762,203.68154761904762,2.440684523809524,0.39575595238095235
c46_15,-17.3,24.9,Zambia,2020-11-13,2020-12-21,2021-02-28,0.46571820029768346,Yellow,1.1302852260142424,False,0,132,11,11,19.45714285714286,26.357142857142858,0,331,123.19999999999999,10,81.71428571428571,0.5569940476190476,203.71428571428572,2.5501488095238094,0.39325
c46_16,-17.3,25.1,Zambia,2020-11-13,2020-12-21,2021-02-28,0.42217539981547103,Yellow,1.1028309096512248,False,0,119,9,9,19.421428571428574,26.385714285714293,0,332,109.60000000000001,11,81.7827380952381,0.5510119047619048,203.21428571428572,2.5139880952380955,0.37905059523809526
c46_17,-17.3,25.3,Zambia,2020-11-14,2020-12-21,2021-02-28,0.47931727094845894,Yellow,1.099191632584553,False,0,119,9,9,19.235714285714288,26.17142857142857,0,336,127.70000000000003,12,81.95535714285714,0.5332142857142858,203.86309523809524,2.6688392857142857,0.48365178571428574
c46_18,-17.3,25.5,Zambia,2020-11-28,2020-12-21,2021-02-28,0.5176151630775924,Orange,1.1409850829063353,False,0,119,10,10,18.964285714285715,25.942857142857143,0,336,109.30000000000001,12,81.9672619047619,0.5244940476190476,202.3422619047619,2.7159821428571425,0.48366964285714287
c46_19,-17.3,25.7,Zambia,2020-12-11,2020-12-21,2021-02-28,0.5100074553098131,Orange,1.1979170668973025,False,0,126,10,10,18.914285714285715,25.528571428571432,0,336,119.9,12,81.83333333333333,0.5195833333333334,200.0297619047619,2.7690178571428574,0.48235416666666664
c46_20,-17.3,25.9,Zambia,2020-12-01,2020-12-21,2021-02-28,0.5334544266890204,Orange,1.6920785705436312,False,0,131,11,11,18.364285714285717,25.22142857142857,0,333,116.2,11,82.95238095238095,0.4800000000000001,194.70238095238096,2.659910714285714,0.4680476190476191
c46_21,-17.3,26.1,Zambia,2020-12-01,2020-12-21,2021-02-28,0.5275527343443006,Orange,1.7356621079935661,False,0,138,11,11,18.214285714285715,24.642857142857142,0,336,134.9,12,83.75,0.44119047619047613,193.41964285714286,2.89625,0.4824910714285715
c46_22,-17.3,26.3,Zambia,2020-12-01,2020-12-21,2021-02-28,0.53182553282744,Orange,1.7520153111106918,False,0,143,11,11,18.107142857142858,24.442857142857143,0,336,135.9,12,83.75,0.4376785714285714,193.14583333333334,2.8620535714285715,0.4818630952380952
c46_23,-17.3,26.5,Zambia,2020-12-01,2020-12-21,2021-02-28,0.5371060738130055,Orange,1.7418232651702557,False,0,148,11,11,17.935714285714287,24.871428571428574,0,336,134.6,12,83.25595238095238,0.456875,196.6845238095238,2.5435714285714286,0.4834880952380952
c46_24,-17.3,26.7,Zambia,2020-12-01,2020-12-21,2021-02-28,0.7178693868660526,Orange,1.8267077567963226,False,0,163,13,13,17.471428571428568,23.857142857142858,0,318,95.19999999999999,12,85.30059523809524,0.38747023809523806,203.97916666666666,3.088154761904762,0.48252083333333334
c46_25,-17.3,26.9,Zambia,2020-12-01,2020-12-21,2021-02-28,0.727867816211333,Orange,1.920660567327652,False,0,177,13,13,17.385714285714286,24.250000000000004,0,320,75.99999999999999,12,85.68154761904762,0.3893154761904762,202.58928571428572,2.735982142857143,0.47350892857142857
c46_26,-17.3,27.1,Zambia,2020-11-30,2020-12-21,2021-02-28,0.7231242948887296,Orange,1.9116205746344945,True,1,148,11,10,17.392857142857142,23.078571428571426,0,306,95.9,11,85.375,0.37723214285714285,200.52083333333334,2.7867559523809526,0.48471428571428565
c46_27,-17.3,27.3,Zambia,2020-11-30,2020-12-21,2021-02-28,0.40634236132285817,Yellow,1.3246706748446704,False,0,97,8,8,21.564285714285717,27.65,2,329,123.30000000000001,12,82.88095238095238,0.554404761904762,209.83928571428572,1.9464285714285714,0.37366071428571435
c47_7,-17.5,23.3,Zambia,2020-11-14,2020-12-21,2021-02-28,0.4729110171980166,Yellow,1.1274698689386957,False,0,135,11,11,19.050000000000004,26.400000000000002,0,335,107.49999999999999,11,81.64285714285714,0.5522321428571428,207.07142857142858,2.498095238095238,0.3920565476190476
c47_8,-17.5,23.5,Zambia,2020-12-11,2020-12-21,2021-02-28,0.48144717514231894,Yellow,1.1430673241609628,False,0,157,11,11,18.900000000000002,26.449999999999996,0,336,117.29999999999998,11,83.66964285714286,0.4940773809523809,204.63988095238096,2.470327380952381,0.3955267857142857
c47_9,-17.5,23.7,Zambia,2020-12-10,2020-12-21,2021-02-28,0.4508109403357201,Yellow,1.1549811632114393,False,0,135,11,11,19.014285714285712,26.16428571428571,0,336,127.0,11,82.38392857142857,0.5225892857142856,202.11011904761904,2.607172619047619,0.39914880952380954
c47_10,-17.5,23.9,Zambia,2020-12-11,2020-12-21,2021-02-28,0.42053865499892945,Yellow,1.1497387936511279,False,0,131,11,11,18.985714285714288,26.142857142857142,0,335,141.79999999999998,10,82.08035714285714,0.5341666666666667,197.7827380952381,2.622172619047619,0.39682738095238096
c47_11,-17.5,24.1,Zambia,2020-12-14,2020-12-21,2021-02-28,0.48547582583474663,Yellow,1.14474527949185,False,0,139,12,12,19.15,26.178571428571427,0,336,111.5,12,82.3125,0.5341369047619049,199.86904761904762,2.544464285714286,0.3951785714285715
c47_14,-17.5,24.7,Zambia,2020-11-28,2020-12-21,2021-02-28,0.4748215402437817,Yellow,1.1678307410649296,False,0,123,11,11,19.74285714285714,26.121428571428574,0,336,87.3,9,82.01190476190476,0.5458928571428572,204.35119047619048,2.7216666666666667,0.3791785714285714
c47_15,-17.5,24.9,Zambia,2020-11-28,2020-12-21,2021-02-28,0.4473839850698431,Yellow,1.1599699301527688,False,0,126,10,10,19.521428571428572,26.242857142857144,0,336,100.8,10,82.1577380952381,0.5386904761904762,206.44345238095238,2.6549107142857142,0.3801517857142857
c47_16,-17.5,25.1,Zambia,2020-11-28,2020-12-21,2021-02-28,0.5119893513274276,Orange,1.118245450682653,False,0,120,9,9,19.464285714285715,26.37142857142857,0,336,97.7,10,81.87202380952381,0.5454166666666667,207.13988095238096,2.6526785714285714,0.48116369047619056
c47_17,-17.5,25.3,Zambia,2020-12-11,2020-12-21,2021-02-28,0.5095175262288462,Orange,1.1149363920449322,False,0,121,9,9,19.307142857142857,26.278571428571432,0,336,105.10000000000001,12,82.43452380952381,0.5228869047619048,204.69345238095238,2.617797619047619,0.4816785714285715
c47_18,-17.5,25.5,Zambia,2020-12-11,2020-12-21,2021-02-28,0.5420796677084925,Orange,1.1559756737798714,False,0,119,10,10,19.014285714285712,25.835714285714285,0,336,88.80000000000001,12,82.74404761904762,0.5029761904761905,198.95238095238096,2.591904761904762,0.4801160714285715
c47_19,-17.5,25.7,Zambia,2020-12-11,2020-12-21,2021-02-28,0.5473187398313101,Orange,1.2122093386483355,False,0,128,11,11,18.707142857142856,25.50714285714286,0,336,104.69999999999999,12,82.8422619047619,0.4896130952380953,197.3422619047619,2.690833333333333,0.4803303571428571
c47_20,-17.5,25.9,Zambia,2020-11-28,2020-12-21,2021-02-28,0.5374310938633543,Orange,1.7079683839841586,False,0,134,11,11,18.342857142857145,25.23571428571429,0,336,112.70000000000002,12,83.71130952380952,0.45767857142857143,193.70833333333334,2.6582440476190476,0.4738720238095238
c47_21,-17.5,26.1,Zambia,2020-12-02,2020-12-21,2021-02-28,0.5713116392776363,Orange,1.74211769471778,False,0,148,11,11,18.457142857142856,25.02142857142857,0,334,106.3,12,84.27380952380952,0.44083333333333335,191.91666666666666,2.6092559523809524,0.47771726190476194
c47_22,-17.5,26.3,Zambia,2020-12-03,2020-12-21,2021-02-28,0.5351261392000367,Orange,1.5366639428304298,False,0,143,11,11,18.514285714285716,25.392857142857142,0,336,126.69999999999999,12,82.67261904761905,0.4898511904761904,196.0654761904762,2.4888392857142856,0.484110119047619
c47_23,-17.5,26.5,Zambia,2020-12-01,2020-12-21,2021-02-28,0.5708149508425671,Orange,1.737814209331645,False,0,145,11,11,18.22142857142857,24.757142857142856,0,336,117.30000000000001,12,83.25595238095238,0.45860119047619047,202.54166666666666,2.701071428571429,0.4865744047619048
c47_24,-17.5,26.7,Zambia,2020-12-01,2020-12-21,2021-02-28,0.7113673260806459,Orange,2.077345932966551,False,0,178,13,13,17.621428571428574,24.071428571428573,0,323,105.30000000000001,12,86.06547619047619,0.37035714285714283,208.36904761904762,3.0166666666666666,0.4852440476190476
c47_25,-17.5,26.9,Zambia,2020-12-01,2020-12-21,2021-02-28,0.6024404997526651,Orange,2.0038198131312854,False,0,174,13,13,17.985714285714288,24.12857142857143,0,333,106.19999999999999,12,86.14285714285714,0.3720833333333333,205.48809523809524,2.893779761904762,0.39518452380952374
c47_26,-17.5,27.1,Zambia,2020-12-01,2020-12-21,2021-02-28,0.4933538630504919,Yellow,1.2972851572619373,False,0,111,11,11,21.064285714285717,27.478571428571428,2,326,107.30000000000001,11,82.13690476190476,0.580297619047619,211.54464285714286,1.9809226190476188,0.37425892857142856
c47_27,-17.5,27.3,Zambia,2020-11-30,2020-12-21,2021-02-28,0.3810722539424353,Yellow,1.4324662694557315,False,0,73,7,7,22.37857142857143,27.785714285714285,1,328,129.70000000000002,12,81.80357142857143,0.6035416666666666,213.63095238095238,2.1420238095238098,0.3804613095238095
c48_17,-17.7,25.3,Zambia,2020-11-28,2020-12-21,2021-02-28,0.46174967413641366,Yellow,1.1735254119126433,False,0,124,10,10,19.2,25.892857142857146,0,336,99.9,12,83.1875,0.49610119047619045,199.85416666666666,2.731875,0.39522916666666663
c48_18,-17.7,25.5,Zambia,2020-11-13,2020-12-21,2021-02-28,0.44468642843682527,Yellow,1.1793608338152155,False,0,135,11,11,18.86428571428571,25.921428571428574,0,336,131.9,12,83.58928571428571,0.4786607142857142,194.14285714285714,2.564940476190476,0.3985416666666667
c48_19,-17.7,25.7,Zambia,2020-11-13,2020-12-21,2021-02-28,0.473895855702179,Yellow,1.211084144871251,False,0,144,11,11,18.72142857142857,25.642857142857142,0,336,111.60000000000001,12,84.00297619047619,0.46068452380952385,195.47321428571428,2.7357142857142853,0.3918184523809524
c48_20,-17.7,25.9,Zambia,2020-11-13,2020-12-21,2021-02-28,0.5564165148370296,Orange,1.6734535432725075,False,0,144,11,11,18.74285714285714,25.321428571428573,0,336,113.00000000000001,12,84.30357142857143,0.44577380952380946,195.07738095238096,2.8563690476190478,0.48305357142857147
c48_21,-17.7,26.1,Zambia,2020-11-14,2020-12-21,2021-02-28,0.5209249075875246,Orange,1.7004041534639143,False,0,142,10,10,18.935714285714287,25.364285714285717,0,336,124.1,12,84.26488095238095,0.45053571428571426,191.52083333333334,2.6636309523809523,0.4823065476190476
c48_22,-17.7,26.3,Zambia,2020-12-01,2020-12-21,2021-02-28,0.42230621706558136,Yellow,1.7080013197466781,False,0,131,10,10,18.457142857142856,25.09285714285715,0,336,148.0,13,83.12202380952381,0.4698214285714286,194.66666666666666,2.4116071428571426,0.40024404761904764
c48_23,-17.7,26.5,Zambia,2020-12-02,2020-12-21,2021-02-28,0.45179029341113097,Yellow,1.214185221427098,False,0,121,10,10,18.942857142857143,25.485714285714284,0,336,109.9,12,82.36011904761905,0.5005952380952381,202.81845238095238,2.7342261904761904,0.3918363095238095
c48_24,-17.7,26.7,Zambia,2020-12-01,2020-12-21,2021-02-28,0.6257156954900824,Orange,1.8292205926185505,False,0,167,13,13,17.97142857142857,24.24285714285714,0,328,93.7,12,86.00595238095238,0.3781845238095238,207.05357142857142,2.985238095238095,0.39090476190476187
c48_25,-17.7,26.9,Zambia,2020-12-01,2020-12-21,2021-02-28,0.5007037208908509,Orange,1.6808000543902304,False,0,121,10,10,19.4,25.092857142857145,0,336,86.2,13,84.11607142857143,0.4497023809523809,211.38988095238096,2.9068154761904763,0.370625
c48_26,-17.7,27.1,Zambia,2020-12-03,2020-12-21,2021-02-28,0.42793831797497706,Yellow,1.2813270789952769,False,0,78,7,7,21.314285714285713,26.835714285714285,2,328,95.00000000000001,13,81.08035714285714,0.597172619047619,217.70833333333334,2.0892857142857144,0.37514285714285717
c49_20,-17.9,25.9,Zambia,2020-12-12,2020-12-21,2021-02-28,0.5327810819614841,Orange,1.2846571625143937,False,0,156,13,13,19.33571428571429,26.16428571428571,0,336,104.00000000000001,12,84.8125,0.45431547619047613,192.34821428571428,2.278452380952381,0.39238690476190474
c49_21,-17.9,26.1,Zambia,2020-11-28,2020-12-21,2021-02-28,0.4953988545543971,Yellow,1.332341062259336,False,0,140,12,12,19.62142857142857,26.428571428571427,0,334,114.4,11,84.34821428571429,0.47491071428571424,195.5327380952381,2.3075,0.38945833333333335
c49_22,-17.9,26.3,Zambia,2020-12-02,2020-12-21,2021-02-28,0.5020624779764601,Orange,1.336875524987945,False,0,142,12,12,20.057142857142857,26.999999999999996,0,333,114.30000000000001,11,84.17261904761905,0.49175595238095243,199.57440476190476,2.084255952380952,0.3858333333333333
c49_23,-17.9,26.5,Zambia,2020-12-05,2020-12-21,2021-02-28,0.47305928147638376,Yellow,1.291766762208803,False,0,127,10,10,20.321428571428577,27.014285714285712,0,333,104.59999999999998,11,83.76785714285714,0.5046130952380953,203.10119047619048,2.1998511904761906,0.38847916666666665
c49_24,-17.9,26.7,Zambia,2020-12-05,2020-12-21,2021-02-28,0.43258759461829716,Yellow,1.2534913857298742,False,0,87,7,7,21.25,27.46428571428572,1,327,70.0,13,80.71130952380952,0.6191964285714286,212.05059523809524,2.187916666666667,0.36455059523809524
c49_25,-17.9,26.9,Zambia,2020-12-01,2020-12-21,2021-02-28,0.4883113514961076,Yellow,1.251829998096044,False,0,101,9,9,21.47142857142858,27.492857142857144,2,327,73.0,12,82.24404761904762,0.5743750000000001,216.73214285714286,2.287380952380952,0.36416666666666664
